MS DRG,MS DRG - Description,Average Total Charges
1,001 - HEART TRANSPLANT OR IMPLANT OF HEART ASSIST SYSTEM W MCC,1224015.96
2,002 - HEART TRANSPLANT OR IMPLANT OF HEART ASSIST SYSTEM W/O MCC,518638.61
3,"003 - ECMO OR TRACH W MV >96 HRS OR PDX EXC FACE, MOUTH & NECK W MAJ O.",803371.77
4,"004 - TRACH W MV >96 HRS OR PDX EXC FACE, MOUTH & NECK W/O MAJ O.R.",553754.26
5,005 - LIVER TRANSPLANT W MCC OR INTESTINAL TRANSPLANT,532730.10
6,006 - LIVER TRANSPLANT W/O MCC,384745.46
8,008 - SIMULTANEOUS PANCREAS/KIDNEY TRANSPLANT,348885.68
11,"011 - TRACHEOSTOMY FOR FACE, MOUTH & NECK DIAGNOSES OR LARYNGECTOMY W M",343525.17
11,"011 - TRACHEOSTOMY FOR FACE,MOUTH & NECK DIAGNOSES W MCC",337391.98
12,"012 - TRACHEOSTOMY FOR FACE, MOUTH & NECK DIAGNOSES OR LARYNGECTOMY W C",206875.25
12,"012 - TRACHEOSTOMY FOR FACE,MOUTH & NECK DIAGNOSES W CC",97069.85
13,"013 - TRACHEOSTOMY FOR FACE,MOUTH & NECK DIAGNOSES W/O CC/MCC",115507.75
14,014 - ALLOGENEIC BONE MARROW TRANSPLANT,773616.10
16,016 - AUTOLOGOUS BONE MARROW TRANSPLANT  W CC/MCC OR T-CELL IMMUNOTHERA,375430.81
16,016 - AUTOLOGOUS BONE MARROW TRANSPLANT W CC/MCC,357551.29
20,020 - INTRACRANIAL VASCULAR PROCEDURES W PDX HEMORRHAGE W MCC,407243.95
21,021 - INTRACRANIAL VASCULAR PROCEDURES W PDX HEMORRHAGE W CC,300973.38
22,022 - INTRACRANIAL VASCULAR PROCEDURES W PDX HEMORRHAGE W/O CC/MCC,238933.13
23,023 - CRANIOTOMY W MAJOR DEVICE IMPLANT OR ACUTE CNS PDX W MCC OR CHEMO,206792.81
23,023 - CRANIOTOMY W MAJOR DEVICE IMPLANT OR ACUTE COMPLEX CNS PDX W MCC ,184977.55
24,024 - CRANIO W MAJOR DEV IMPL/ACUTE COMPLEX CNS PDX W/O MCC,126529.29
25,025 - CRANIOTOMY & ENDOVASCULAR INTRACRANIAL PROCEDURES W MCC,296508.87
26,026 - CRANIOTOMY & ENDOVASCULAR INTRACRANIAL PROCEDURES W CC,148512.61
27,027 - CRANIOTOMY & ENDOVASCULAR INTRACRANIAL PROCEDURES W/O CC/MCC,138288.63
28,028 - SPINAL PROCEDURES W MCC,249149.44
29,029 - SPINAL PROCEDURES W CC OR SPINAL NEUROSTIMULATORS,132646.74
30,030 - SPINAL PROCEDURES W/O CC/MCC,76139.42
31,031 - VENTRICULAR SHUNT PROCEDURES W MCC,88574.53
32,032 - VENTRICULAR SHUNT PROCEDURES W CC,87749.77
33,033 - VENTRICULAR SHUNT PROCEDURES W/O CC/MCC,73385.92
34,034 - CAROTID ARTERY STENT PROCEDURE W MCC,189734.03
35,035 - CAROTID ARTERY STENT PROCEDURE W CC,128189.43
36,036 - CAROTID ARTERY STENT PROCEDURE W/O CC/MCC,70795.80
37,037 - EXTRACRANIAL PROCEDURES W MCC,194663.07
38,038 - EXTRACRANIAL PROCEDURES W CC,94285.33
39,039 - EXTRACRANIAL PROCEDURES W/O CC/MCC,66242.65
40,040 - PERIPH/CRANIAL NERVE & OTHER NERV SYST PROC W MCC,247849.10
41,041 - PERIPH/CRANIAL NERVE & OTHER NERV SYST PROC W CC OR PERIPH NEUROS,156950.76
42,042 - PERIPH/CRANIAL NERVE & OTHER NERV SYST PROC W/O CC/MCC,96651.61
52,052 - SPINAL DISORDERS & INJURIES W CC/MCC,93229.59
53,053 - SPINAL DISORDERS & INJURIES W/O CC/MCC,57994.59
54,054 - NERVOUS SYSTEM NEOPLASMS W MCC,49022.95
55,055 - NERVOUS SYSTEM NEOPLASMS W/O MCC,65789.13
56,056 - DEGENERATIVE NERVOUS SYSTEM DISORDERS W MCC,111535.98
57,057 - DEGENERATIVE NERVOUS SYSTEM DISORDERS W/O MCC,84086.20
58,058 - MULTIPLE SCLEROSIS & CEREBELLAR ATAXIA W MCC,228394.85
59,059 - MULTIPLE SCLEROSIS & CEREBELLAR ATAXIA W CC,38631.94
60,060 - MULTIPLE SCLEROSIS & CEREBELLAR ATAXIA W/O CC/MCC,48982.21
61,"061 - ISCHEMIC STROKE, PRECEREBRAL OCCLUSION OR TRANSIENT ISCHEMIA W TH",113738.66
62,"062 - ISCHEMIC STROKE, PRECEREBRAL OCCLUSION OR TRANSIENT ISCHEMIA W TH",86403.38
63,"063 - ISCHEMIC STROKE, PRECEREBRAL OCCLUSION OR TRANSIENT ISCHEMIA W TH",60937.83
64,064 - INTRACRANIAL HEMORRHAGE OR CEREBRAL INFARCTION W MCC,100572.83
65,065 - INTRACRANIAL HEMORRHAGE OR CEREBRAL INFARCTION W CC OR TPA IN 24,61942.79
65,065 - INTRACRANIAL HEMORRHAGE OR CEREBRAL INFARCTION W CC OR TPA IN 24 ,58323.25
66,066 - INTRACRANIAL HEMORRHAGE OR CEREBRAL INFARCTION W/O CC/MCC,46868.51
68,068 - NONSPECIFIC CVA & PRECEREBRAL OCCLUSION W/O INFARCT W/O MCC,46287.06
69,069 - TRANSIENT ISCHEMIA W/O THROMBOLYTIC,39248.21
70,070 - NONSPECIFIC CEREBROVASCULAR DISORDERS W MCC,81467.91
71,071 - NONSPECIFIC CEREBROVASCULAR DISORDERS W CC,58174.59
72,072 - NONSPECIFIC CEREBROVASCULAR DISORDERS W/O CC/MCC,55104.36
73,073 - CRANIAL & PERIPHERAL NERVE DISORDERS W MCC,55644.79
74,074 - CRANIAL & PERIPHERAL NERVE DISORDERS W/O MCC,41592.45
75,075 - VIRAL MENINGITIS W CC/MCC,34626.73
76,076 - VIRAL MENINGITIS W/O CC/MCC,19541.15
77,077 - HYPERTENSIVE ENCEPHALOPATHY W MCC,98433.79
80,080 - NONTRAUMATIC STUPOR & COMA W MCC,60687.11
81,081 - NONTRAUMATIC STUPOR & COMA W/O MCC,26323.45
82,"082 - TRAUMATIC STUPOR & COMA, COMA >1 HR W MCC",101491.71
83,"083 - TRAUMATIC STUPOR & COMA, COMA >1 HR W CC",66735.36
84,"084 - TRAUMATIC STUPOR & COMA, COMA >1 HR W/O CC/MCC",46843.27
85,"085 - TRAUMATIC STUPOR & COMA, COMA <1 HR W MCC",91163.66
86,"086 - TRAUMATIC STUPOR & COMA, COMA <1 HR W CC",52252.85
87,"087 - TRAUMATIC STUPOR & COMA, COMA <1 HR W/O CC/MCC",33688.28
88,088 - CONCUSSION W MCC,94867.53
89,089 - CONCUSSION W CC,50368.82
90,090 - CONCUSSION W/O CC/MCC,43174.72
91,091 - OTHER DISORDERS OF NERVOUS SYSTEM W MCC,69392.25
92,092 - OTHER DISORDERS OF NERVOUS SYSTEM W CC,54390.97
93,093 - OTHER DISORDERS OF NERVOUS SYSTEM W/O CC/MCC,34388.34
94,094 - BACTERIAL & TUBERCULOUS INFECTIONS OF NERVOUS SYSTEM W MCC,203814.20
95,095 - BACTERIAL & TUBERCULOUS INFECTIONS OF NERVOUS SYSTEM W CC,107896.32
96,096 - BACTERIAL & TUBERCULOUS INFECTIONS OF NERVOUS SYSTEM W/O CC/MCC,53002.49
97,097 - NON-BACTERIAL INFECT OF NERVOUS SYS EXC VIRAL MENINGITIS W MCC,144644.00
98,098 - NON-BACTERIAL INFECT OF NERVOUS SYS EXC VIRAL MENINGITIS W CC,131599.77
99,099 - NON-BACTERIAL INFECT OF NERVOUS SYS EXC VIRAL MENINGITIS W/O CC/M,51373.51
100,100 - SEIZURES W MCC,77270.07
101,101 - SEIZURES W/O MCC,49784.81
102,102 - HEADACHES W MCC,65715.79
103,103 - HEADACHES W/O MCC,36111.87
113,113 - ORBITAL PROCEDURES W CC/MCC,103996.28
115,115 - EXTRAOCULAR PROCEDURES EXCEPT ORBIT,71284.80
116,116 - INTRAOCULAR PROCEDURES W CC/MCC,46149.56
117,117 - INTRAOCULAR PROCEDURES W/O CC/MCC,72253.70
121,121 - ACUTE MAJOR EYE INFECTIONS W CC/MCC,40769.99
122,122 - ACUTE MAJOR EYE INFECTIONS W/O CC/MCC,18325.10
123,123 - NEUROLOGICAL EYE DISORDERS,44585.05
124,124 - OTHER DISORDERS OF THE EYE W MCC,147771.17
125,125 - OTHER DISORDERS OF THE EYE W/O MCC,35168.53
129,129 - MAJOR HEAD & NECK PROCEDURES W CC/MCC OR MAJOR DEVICE,173310.42
130,130 - MAJOR HEAD & NECK PROCEDURES W/O CC/MCC,87578.81
131,131 - CRANIAL/FACIAL PROCEDURES W CC/MCC,130834.57
132,132 - CRANIAL/FACIAL PROCEDURES W/O CC/MCC,87372.77
133,"133 - OTHER EAR, NOSE, MOUTH & THROAT O.R. PROCEDURES W CC/MCC",79341.84
134,"134 - OTHER EAR, NOSE, MOUTH & THROAT O.R. PROCEDURES W/O CC/MCC",79875.82
135,135 - SINUS & MASTOID PROCEDURES W CC/MCC,69597.85
137,137 - MOUTH PROCEDURES W CC/MCC,59740.94
138,138 - MOUTH PROCEDURES W/O CC/MCC,39782.00
139,139 - SALIVARY GLAND PROCEDURES,77683.70
146,"146 - EAR, NOSE, MOUTH & THROAT MALIGNANCY W MCC",41591.44
147,"147 - EAR, NOSE, MOUTH & THROAT MALIGNANCY W CC",31608.65
148,"148 - EAR, NOSE, MOUTH & THROAT MALIGNANCY W/O CC/MCC",57254.35
149,149 - DYSEQUILIBRIUM,25113.81
151,151 - EPISTAXIS W/O MCC,21934.30
152,152 - OTITIS MEDIA & URI W MCC,30408.52
153,153 - OTITIS MEDIA & URI W/O MCC,20196.82
154,"154 - OTHER EAR, NOSE, MOUTH & THROAT DIAGNOSES W MCC",78617.32
155,"155 - OTHER EAR, NOSE, MOUTH & THROAT DIAGNOSES W CC",56752.71
156,"156 - OTHER EAR, NOSE, MOUTH & THROAT DIAGNOSES W/O CC/MCC",18591.51
157,157 - DENTAL & ORAL DISEASES W MCC,105632.33
158,158 - DENTAL & ORAL DISEASES W CC,38589.46
159,159 - DENTAL & ORAL DISEASES W/O CC/MCC,26298.54
163,163 - MAJOR CHEST PROCEDURES W MCC,206219.03
164,164 - MAJOR CHEST PROCEDURES W CC,101032.79
165,165 - MAJOR CHEST PROCEDURES W/O CC/MCC,73557.81
166,166 - OTHER RESP SYSTEM O.R. PROCEDURES W MCC,214353.14
167,167 - OTHER RESP SYSTEM O.R. PROCEDURES W CC,75673.68
168,168 - OTHER RESP SYSTEM O.R. PROCEDURES W/O CC/MCC,72785.66
175,175 - PULMONARY EMBOLISM W MCC,61546.25
176,176 - PULMONARY EMBOLISM W/O MCC,37803.36
177,177 - RESPIRATORY INFECTIONS & INFLAMMATIONS W MCC,78516.41
178,178 - RESPIRATORY INFECTIONS & INFLAMMATIONS W CC,66190.49
179,179 - RESPIRATORY INFECTIONS & INFLAMMATIONS W/O CC/MCC,33066.97
180,180 - RESPIRATORY NEOPLASMS W MCC,75033.92
181,181 - RESPIRATORY NEOPLASMS W CC,38267.89
183,183 - MAJOR CHEST TRAUMA W MCC,84082.43
184,184 - MAJOR CHEST TRAUMA W CC,55478.41
185,185 - MAJOR CHEST TRAUMA W/O CC/MCC,44383.70
186,186 - PLEURAL EFFUSION W MCC,42392.98
187,187 - PLEURAL EFFUSION W CC,39153.72
189,189 - PULMONARY EDEMA & RESPIRATORY FAILURE,50495.83
190,190 - CHRONIC OBSTRUCTIVE PULMONARY DISEASE W MCC,34952.64
191,191 - CHRONIC OBSTRUCTIVE PULMONARY DISEASE W CC,31881.32
192,192 - CHRONIC OBSTRUCTIVE PULMONARY DISEASE W/O CC/MCC,26871.69
193,193 - SIMPLE PNEUMONIA & PLEURISY W MCC,49750.49
194,194 - SIMPLE PNEUMONIA & PLEURISY W CC,41397.26
195,195 - SIMPLE PNEUMONIA & PLEURISY W/O CC/MCC,28487.37
196,196 - INTERSTITIAL LUNG DISEASE W MCC,51292.67
197,197 - INTERSTITIAL LUNG DISEASE W CC,26453.68
198,198 - INTERSTITIAL LUNG DISEASE W/O CC/MCC,31807.78
199,199 - PNEUMOTHORAX W MCC,65736.95
200,200 - PNEUMOTHORAX W CC,57324.02
201,201 - PNEUMOTHORAX W/O CC/MCC,21775.25
202,202 - BRONCHITIS & ASTHMA W CC/MCC,37603.42
203,203 - BRONCHITIS & ASTHMA W/O CC/MCC,19665.09
204,204 - RESPIRATORY SIGNS & SYMPTOMS,25078.98
205,205 - OTHER RESPIRATORY SYSTEM DIAGNOSES W MCC,41532.76
206,206 - OTHER RESPIRATORY SYSTEM DIAGNOSES W/O MCC,56926.35
207,207 - RESPIRATORY SYSTEM DIAGNOSIS W VENTILATOR SUPPORT >96 HOURS,238388.09
207,207 - RESPIRATORY SYSTEM DIAGNOSIS W VENTILATOR SUPPORT >96 HOURS OR PE,227655.66
208,208 - RESPIRATORY SYSTEM DIAGNOSIS W VENTILATOR SUPPORT <=96 HOURS,107770.85
215,215 - OTHER HEART ASSIST SYSTEM IMPLANT,408366.15
216,216 - CARDIAC VALVE & OTH MAJ CARDIOTHORACIC PROC W CARD CATH W MCC,489631.69
217,217 - CARDIAC VALVE & OTH MAJ CARDIOTHORACIC PROC W CARD CATH W CC,227949.88
219,219 - CARDIAC VALVE & OTH MAJ CARDIOTHORACIC PROC W/O CARD CATH W MCC,332374.16
220,220 - CARDIAC VALVE & OTH MAJ CARDIOTHORACIC PROC W/O CARD CATH W CC,221403.51
221,221 - CARDIAC VALVE & OTH MAJ CARDIOTHORACIC PROC W/O CARD CATH W/O CC/,198645.05
222,222 - CARDIAC DEFIB IMPLANT W CARDIAC CATH W AMI/HF/SHOCK W MCC,430883.41
224,224 - CARDIAC DEFIB IMPLANT W CARDIAC CATH W/O AMI/HF/SHOCK W MCC,334319.03
225,225 - CARDIAC DEFIB IMPLANT W CARDIAC CATH W/O AMI/HF/SHOCK W/O MCC,161283.15
226,226 - CARDIAC DEFIBRILLATOR IMPLANT W/O CARDIAC CATH W MCC,163509.00
227,227 - CARDIAC DEFIBRILLATOR IMPLANT W/O CARDIAC CATH W/O MCC,197534.74
228,228 - OTHER CARDIOTHORACIC PROCEDURES W MCC,277699.55
229,229 - OTHER CARDIOTHORACIC PROCEDURES W/O MCC,159632.95
231,231 - CORONARY BYPASS W PTCA W MCC,443831.70
233,233 - CORONARY BYPASS W CARDIAC CATH W MCC,327994.72
235,235 - CORONARY BYPASS W/O CARDIAC CATH W MCC,238654.84
236,236 - CORONARY BYPASS W/O CARDIAC CATH W/O MCC,221908.53
239,239 - AMPUTATION FOR CIRC SYS DISORDERS EXC UPPER LIMB & TOE W MCC,199818.79
240,240 - AMPUTATION FOR CIRC SYS DISORDERS EXC UPPER LIMB & TOE W CC,113112.19
241,241 - AMPUTATION FOR CIRC SYS DISORDERS EXC UPPER LIMB & TOE W/O CC/MCC,80476.80
242,242 - PERMANENT CARDIAC PACEMAKER IMPLANT W MCC,136901.08
243,243 - PERMANENT CARDIAC PACEMAKER IMPLANT W CC,112970.05
244,244 - PERMANENT CARDIAC PACEMAKER IMPLANT W/O CC/MCC,96933.23
245,245 - AICD GENERATOR PROCEDURES,208076.77
246,246 - PERCUTANEOUS CARDIOVASCULAR PROCEDURES W DRUG-ELUTING STENT W MCC,146855.43
247,247 - PERC CARDIOVASC PROC W DRUG-ELUTING STENT W/O MCC,101541.50
248,248 - PERCUTANEOUS CARDIOVASCULAR PROCEDURES W NON-DRUG-ELUTING STENT W,112549.88
249,249 - PERC CARDIOVASC PROC W NON-DRUG-ELUTING STENT W/O MCC,79844.55
250,250 - PERC CARDIOVASC PROC W/O CORONARY ARTERY STENT W MCC,105282.30
251,251 - PERC CARDIOVASC PROC W/O CORONARY ARTERY STENT W/O MCC,98770.82
252,252 - OTHER VASCULAR PROCEDURES W MCC,126785.11
253,253 - OTHER VASCULAR PROCEDURES W CC,137420.02
254,254 - OTHER VASCULAR PROCEDURES W/O CC/MCC,77420.40
255,255 - UPPER LIMB & TOE AMPUTATION FOR CIRC SYSTEM DISORDERS W MCC,102985.30
256,256 - UPPER LIMB & TOE AMPUTATION FOR CIRC SYSTEM DISORDERS W CC,76707.30
258,258 - CARDIAC PACEMAKER DEVICE REPLACEMENT W MCC,130251.80
259,259 - CARDIAC PACEMAKER DEVICE REPLACEMENT W/O MCC,54290.60
260,260 - CARDIAC PACEMAKER REVISION EXCEPT DEVICE REPLACEMENT W MCC,193740.84
261,261 - CARDIAC PACEMAKER REVISION EXCEPT DEVICE REPLACEMENT W CC,79292.35
262,262 - CARDIAC PACEMAKER REVISION EXCEPT DEVICE REPLACEMENT W/O CC/MCC,91357.85
264,264 - OTHER CIRCULATORY SYSTEM O.R. PROCEDURES,248382.75
265,265 - AICD LEAD PROCEDURES,171457.09
266,266 - ENDOVASCULAR CARDIAC VALVE REPLACEMENT W MCC,194367.49
267,267 - ENDOVASCULAR CARDIAC VALVE REPLACEMENT W/O MCC,155953.27
268,268 - AORTIC AND HEART ASSIST PROCEDURES EXCEPT PULSATION BALLOON W MCC,196974.25
269,269 - AORTIC AND HEART ASSIST PROCEDURES EXCEPT PULSATION BALLOON W/O M,153643.89
270,270 - OTHER MAJOR CARDIOVASCULAR PROCEDURES W MCC,244553.72
271,271 - OTHER MAJOR CARDIOVASCULAR PROCEDURES W CC,211808.17
272,272 - OTHER MAJOR CARDIOVASCULAR PROCEDURES W/O CC/MCC,71312.60
273,273 - PERCUTANEOUS INTRACARDIAC PROCEDURES W MCC,153277.72
274,274 - PERCUTANEOUS INTRACARDIAC PROCEDURES W/O MCC,112992.32
280,"280 - ACUTE MYOCARDIAL INFARCTION, DISCHARGED ALIVE W MCC",93169.40
281,"281 - ACUTE MYOCARDIAL INFARCTION, DISCHARGED ALIVE W CC",51420.90
282,"282 - ACUTE MYOCARDIAL INFARCTION, DISCHARGED ALIVE W/O CC/MCC",52925.29
283,"283 - ACUTE MYOCARDIAL INFARCTION, EXPIRED W MCC",186689.83
286,"286 - CIRCULATORY DISORDERS EXCEPT AMI, W CARD CATH W MCC",112397.38
287,"287 - CIRCULATORY DISORDERS EXCEPT AMI, W CARD CATH W/O MCC",61156.74
288,288 - ACUTE & SUBACUTE ENDOCARDITIS W MCC,100737.15
289,289 - ACUTE & SUBACUTE ENDOCARDITIS W CC,32804.55
291,291 - HEART FAILURE & SHOCK W MCC,44842.04
291,291 - HEART FAILURE & SHOCK W MCC OR PERIPHERAL EXTRACORPOREAL MEMBRANE,52381.10
292,292 - HEART FAILURE & SHOCK W CC,37739.82
293,293 - HEART FAILURE & SHOCK W/O CC/MCC,22851.26
294,294 - DEEP VEIN THROMBOPHLEBITIS W CC/MCC,82759.15
299,299 - PERIPHERAL VASCULAR DISORDERS W MCC,46152.02
300,300 - PERIPHERAL VASCULAR DISORDERS W CC,47714.89
301,301 - PERIPHERAL VASCULAR DISORDERS W/O CC/MCC,34515.08
302,302 - ATHEROSCLEROSIS W MCC,70874.89
303,303 - ATHEROSCLEROSIS W/O MCC,29991.12
304,304 - HYPERTENSION W MCC,42795.22
305,305 - HYPERTENSION W/O MCC,25010.09
306,306 - CARDIAC CONGENITAL & VALVULAR DISORDERS W MCC,48450.08
307,307 - CARDIAC CONGENITAL & VALVULAR DISORDERS W/O MCC,21853.03
308,308 - CARDIAC ARRHYTHMIA & CONDUCTION DISORDERS W MCC,44888.04
309,309 - CARDIAC ARRHYTHMIA & CONDUCTION DISORDERS W CC,35075.68
310,310 - CARDIAC ARRHYTHMIA & CONDUCTION DISORDERS W/O CC/MCC,24978.37
311,311 - ANGINA PECTORIS,51589.15
312,312 - SYNCOPE & COLLAPSE,37377.35
313,313 - CHEST PAIN,30813.73
314,314 - OTHER CIRCULATORY SYSTEM DIAGNOSES W MCC,115913.88
315,315 - OTHER CIRCULATORY SYSTEM DIAGNOSES W CC,46402.09
316,316 - OTHER CIRCULATORY SYSTEM DIAGNOSES W/O CC/MCC,21684.40
326,"326 - STOMACH, ESOPHAGEAL & DUODENAL PROC W MCC",229682.64
327,"327 - STOMACH, ESOPHAGEAL & DUODENAL PROC W CC",97764.40
328,"328 - STOMACH, ESOPHAGEAL & DUODENAL PROC W/O CC/MCC",74703.66
329,329 - MAJOR SMALL & LARGE BOWEL PROCEDURES W MCC,231044.95
330,330 - MAJOR SMALL & LARGE BOWEL PROCEDURES W CC,103432.19
331,331 - MAJOR SMALL & LARGE BOWEL PROCEDURES W/O CC/MCC,79763.72
332,332 - RECTAL RESECTION W MCC,94986.40
333,333 - RECTAL RESECTION W CC,103369.98
335,335 - PERITONEAL ADHESIOLYSIS W MCC,181114.47
336,336 - PERITONEAL ADHESIOLYSIS W CC,113011.63
337,337 - PERITONEAL ADHESIOLYSIS W/O CC/MCC,64737.22
338,338 - APPENDECTOMY W COMPLICATED PRINCIPAL DIAG W MCC,66173.33
339,339 - APPENDECTOMY W COMPLICATED PRINCIPAL DIAG W CC,75231.38
340,340 - APPENDECTOMY W COMPLICATED PRINCIPAL DIAG W/O CC/MCC,51768.63
341,341 - APPENDECTOMY W/O COMPLICATED PRINCIPAL DIAG W MCC,51277.80
342,342 - APPENDECTOMY W/O COMPLICATED PRINCIPAL DIAG W CC,143893.95
343,343 - APPENDECTOMY W/O COMPLICATED PRINCIPAL DIAG W/O CC/MCC,43690.19
345,345 - MINOR SMALL & LARGE BOWEL PROCEDURES W CC,38672.13
346,346 - MINOR SMALL & LARGE BOWEL PROCEDURES W/O CC/MCC,27942.23
347,347 - ANAL & STOMAL PROCEDURES W MCC,166369.45
348,348 - ANAL & STOMAL PROCEDURES W CC,54731.93
349,349 - ANAL & STOMAL PROCEDURES W/O CC/MCC,29295.82
350,350 - INGUINAL & FEMORAL HERNIA PROCEDURES W MCC,71836.15
351,351 - INGUINAL & FEMORAL HERNIA PROCEDURES W CC,105316.48
352,352 - INGUINAL & FEMORAL HERNIA PROCEDURES W/O CC/MCC,56824.84
353,353 - HERNIA PROCEDURES EXCEPT INGUINAL & FEMORAL W MCC,98185.36
354,354 - HERNIA PROCEDURES EXCEPT INGUINAL & FEMORAL W CC,75328.86
355,355 - HERNIA PROCEDURES EXCEPT INGUINAL & FEMORAL W/O CC/MCC,56140.61
356,356 - OTHER DIGESTIVE SYSTEM O.R. PROCEDURES W MCC,341077.76
357,357 - OTHER DIGESTIVE SYSTEM O.R. PROCEDURES W CC,65901.79
358,358 - OTHER DIGESTIVE SYSTEM O.R. PROCEDURES W/O CC/MCC,59837.40
368,368 - MAJOR ESOPHAGEAL DISORDERS W MCC,60109.96
369,369 - MAJOR ESOPHAGEAL DISORDERS W CC,31508.17
370,370 - MAJOR ESOPHAGEAL DISORDERS W/O CC/MCC,31791.60
371,371 - MAJOR GASTROINTESTINAL DISORDERS & PERITONEAL INFECTIONS W MCC,84611.55
372,372 - MAJOR GASTROINTESTINAL DISORDERS & PERITONEAL INFECTIONS W CC,43401.55
373,373 - MAJOR GASTROINTESTINAL DISORDERS & PERITONEAL INFECTIONS W/O CC/M,29193.84
374,374 - DIGESTIVE MALIGNANCY W MCC,58494.54
375,375 - DIGESTIVE MALIGNANCY W CC,44142.49
376,376 - DIGESTIVE MALIGNANCY W/O CC/MCC,37883.80
377,377 - G.I. HEMORRHAGE W MCC,64490.19
378,378 - G.I. HEMORRHAGE W CC,38332.95
379,379 - G.I. HEMORRHAGE W/O CC/MCC,25294.91
380,380 - COMPLICATED PEPTIC ULCER W MCC,60527.80
381,381 - COMPLICATED PEPTIC ULCER W CC,72814.74
382,382 - COMPLICATED PEPTIC ULCER W/O CC/MCC,31461.70
384,384 - UNCOMPLICATED PEPTIC ULCER W/O MCC,34714.29
385,385 - INFLAMMATORY BOWEL DISEASE W MCC,57489.25
386,386 - INFLAMMATORY BOWEL DISEASE W CC,39104.22
387,387 - INFLAMMATORY BOWEL DISEASE W/O CC/MCC,29462.73
388,388 - G.I. OBSTRUCTION W MCC,74221.83
389,389 - G.I. OBSTRUCTION W CC,38242.55
390,390 - G.I. OBSTRUCTION W/O CC/MCC,24387.42
391,"391 - ESOPHAGITIS, GASTROENT & MISC DIGEST DISORDERS W MCC",48117.75
392,"392 - ESOPHAGITIS, GASTROENT & MISC DIGEST DISORDERS W/O MCC",32501.08
393,393 - OTHER DIGESTIVE SYSTEM DIAGNOSES W MCC,59896.60
394,394 - OTHER DIGESTIVE SYSTEM DIAGNOSES W CC,37281.97
395,395 - OTHER DIGESTIVE SYSTEM DIAGNOSES W/O CC/MCC,22575.25
405,"405 - PANCREAS, LIVER & SHUNT PROCEDURES W MCC",406427.36
406,"406 - PANCREAS, LIVER & SHUNT PROCEDURES W CC",198353.14
407,"407 - PANCREAS, LIVER & SHUNT PROCEDURES W/O CC/MCC",114215.88
408,408 - BILIARY TRACT PROC EXCEPT ONLY CHOLECYST W OR W/O C.D.E. W MCC,165641.37
409,409 - BILIARY TRACT PROC EXCEPT ONLY CHOLECYST W OR W/O C.D.E. W CC,120931.70
414,414 - CHOLECYSTECTOMY EXCEPT BY LAPAROSCOPE W/O C.D.E. W MCC,185554.29
415,415 - CHOLECYSTECTOMY EXCEPT BY LAPAROSCOPE W/O C.D.E. W CC,91425.88
416,416 - CHOLECYSTECTOMY EXCEPT BY LAPAROSCOPE W/O C.D.E. W/O CC/MCC,65897.85
417,417 - LAPAROSCOPIC CHOLECYSTECTOMY W/O C.D.E. W MCC,97831.77
418,418 - LAPAROSCOPIC CHOLECYSTECTOMY W/O C.D.E. W CC,77096.76
419,419 - LAPAROSCOPIC CHOLECYSTECTOMY W/O C.D.E. W/O CC/MCC,59834.80
420,420 - HEPATOBILIARY DIAGNOSTIC PROCEDURES W MCC,156426.13
421,421 - HEPATOBILIARY DIAGNOSTIC PROCEDURES W CC,105778.39
422,422 - HEPATOBILIARY DIAGNOSTIC PROCEDURES W/O CC/MCC,72873.00
423,423 - OTHER HEPATOBILIARY OR PANCREAS O.R. PROCEDURES W MCC,124460.38
432,432 - CIRRHOSIS & ALCOHOLIC HEPATITIS W MCC,87602.30
433,433 - CIRRHOSIS & ALCOHOLIC HEPATITIS W CC,42436.26
434,434 - CIRRHOSIS & ALCOHOLIC HEPATITIS W/O CC/MCC,20906.90
435,435 - MALIGNANCY OF HEPATOBILIARY SYSTEM OR PANCREAS W MCC,68655.78
436,436 - MALIGNANCY OF HEPATOBILIARY SYSTEM OR PANCREAS W CC,40884.99
437,437 - MALIGNANCY OF HEPATOBILIARY SYSTEM OR PANCREAS W/O CC/MCC,29945.76
438,438 - DISORDERS OF PANCREAS EXCEPT MALIGNANCY W MCC,112648.32
439,439 - DISORDERS OF PANCREAS EXCEPT MALIGNANCY W CC,33261.05
440,440 - DISORDERS OF PANCREAS EXCEPT MALIGNANCY W/O CC/MCC,26947.87
441,"441 - DISORDERS OF LIVER EXCEPT MALIG,CIRR,ALC HEPA W MCC",77483.06
442,"442 - DISORDERS OF LIVER EXCEPT MALIG,CIRR,ALC HEPA W CC",43980.97
443,"443 - DISORDERS OF LIVER EXCEPT MALIG,CIRR,ALC HEPA W/O CC/MCC",22294.41
444,444 - DISORDERS OF THE BILIARY TRACT W MCC,81981.83
445,445 - DISORDERS OF THE BILIARY TRACT W CC,39428.90
446,446 - DISORDERS OF THE BILIARY TRACT W/O CC/MCC,34990.01
453,453 - COMBINED ANTERIOR/POSTERIOR SPINAL FUSION W MCC,336036.82
454,454 - COMBINED ANTERIOR/POSTERIOR SPINAL FUSION W CC,156224.65
455,455 - COMBINED ANTERIOR/POSTERIOR SPINAL FUSION W/O CC/MCC,153074.29
456,456 - SPINAL FUS EXC CERV W SPINAL CURV/MALIG/INFEC OR EXT FUS W MCC,362443.22
457,457 - SPINAL FUS EXC CERV W SPINAL CURV/MALIG/INFEC OR EXT FUS W CC,196138.71
458,458 - SPINAL FUS EXC CERV W SPINAL CURV/MALIG/INFEC OR EXT FUS W/O CC/M,176841.58
459,459 - SPINAL FUSION EXCEPT CERVICAL W MCC,256566.89
460,460 - SPINAL FUSION EXCEPT CERVICAL W/O MCC,142288.48
461,461 - BILATERAL OR MULTIPLE MAJOR JOINT PROCS OF LOWER EXTREMITY W MCC,453322.00
462,462 - BILATERAL OR MULTIPLE MAJOR JOINT PROCS OF LOWER EXTREMITY W/O MC,89298.48
463,"463 - WND DEBRID & SKN GRFT EXC HAND, FOR MUSCULO-CONN TISS DIS W MCC",320177.83
464,"464 - WND DEBRID & SKN GRFT EXC HAND, FOR MUSCULO-CONN TISS DIS W CC",143858.20
465,"465 - WND DEBRID & SKN GRFT EXC HAND, FOR MUSCULO-CONN TISS DIS W/O CC/",82919.32
466,466 - REVISION OF HIP OR KNEE REPLACEMENT W MCC,180993.94
467,467 - REVISION OF HIP OR KNEE REPLACEMENT W CC,135414.14
468,468 - REVISION OF HIP OR KNEE REPLACEMENT W/O CC/MCC,113672.01
469,469 - MAJOR HIP AND KNEE JOINT REPLACEMENT OR REATTACHMENT OF LOWER EXT,137548.72
470,470 - MAJOR HIP AND KNEE JOINT REPLACEMENT OR REATTACHMENT OF LOWER EXT,68540.84
471,471 - CERVICAL SPINAL FUSION W MCC,187561.95
472,472 - CERVICAL SPINAL FUSION W CC,106056.84
473,473 - CERVICAL SPINAL FUSION W/O CC/MCC,94580.47
474,474 - AMPUTATION FOR MUSCULOSKELETAL SYS & CONN TISSUE DIS W MCC,254207.15
475,475 - AMPUTATION FOR MUSCULOSKELETAL SYS & CONN TISSUE DIS W CC,97118.92
476,476 - AMPUTATION FOR MUSCULOSKELETAL SYS & CONN TISSUE DIS W/O CC/MCC,64825.85
477,477 - BIOPSIES OF MUSCULOSKELETAL SYSTEM & CONNECTIVE TISSUE W MCC,104793.60
478,478 - BIOPSIES OF MUSCULOSKELETAL SYSTEM & CONNECTIVE TISSUE W CC,68826.35
479,479 - BIOPSIES OF MUSCULOSKELETAL SYSTEM & CONNECTIVE TISSUE W/O CC/MCC,86518.40
480,480 - HIP & FEMUR PROCEDURES EXCEPT MAJOR JOINT W MCC,154412.23
481,481 - HIP & FEMUR PROCEDURES EXCEPT MAJOR JOINT W CC,122959.15
482,482 - HIP & FEMUR PROCEDURES EXCEPT MAJOR JOINT W/O CC/MCC,72124.98
483,483 - MAJOR JOINT/LIMB REATTACHMENT PROCEDURE OF UPPER EXTREMITIES,107548.35
485,485 - KNEE PROCEDURES W PDX OF INFECTION W MCC,249548.43
486,486 - KNEE PROCEDURES W PDX OF INFECTION W CC,81530.17
487,487 - KNEE PROCEDURES W PDX OF INFECTION W/O CC/MCC,78135.41
488,488 - KNEE PROCEDURES W/O PDX OF INFECTION W CC/MCC,134333.13
489,489 - KNEE PROCEDURES W/O PDX OF INFECTION W/O CC/MCC,76989.05
492,"492 - LOWER EXTREM & HUMER PROC EXCEPT HIP,FOOT,FEMUR W MCC",186284.23
493,"493 - LOWER EXTREM & HUMER PROC EXCEPT HIP,FOOT,FEMUR W CC",118662.81
494,"494 - LOWER EXTREM & HUMER PROC EXCEPT HIP,FOOT,FEMUR W/O CC/MCC",76944.04
495,495 - LOCAL EXCISION & REMOVAL INT FIX DEVICES EXC HIP & FEMUR W MCC,128416.43
496,496 - LOCAL EXCISION & REMOVAL INT FIX DEVICES EXC HIP & FEMUR W CC,66640.54
497,497 - LOCAL EXCISION & REMOVAL INT FIX DEVICES EXC HIP & FEMUR W/O CC/M,45611.23
498,498 - LOCAL EXCISION & REMOVAL INT FIX DEVICES OF HIP & FEMUR W CC/MCC,70604.16
500,500 - SOFT TISSUE PROCEDURES W MCC,97640.88
501,501 - SOFT TISSUE PROCEDURES W CC,87147.82
502,502 - SOFT TISSUE PROCEDURES W/O CC/MCC,71589.92
503,503 - FOOT PROCEDURES W MCC,159906.86
504,504 - FOOT PROCEDURES W CC,123023.32
505,505 - FOOT PROCEDURES W/O CC/MCC,72402.57
506,506 - MAJOR THUMB OR JOINT PROCEDURES,91812.88
508,508 - MAJOR SHOULDER OR ELBOW JOINT PROCEDURES W/O CC/MCC,50414.45
510,"510 - SHOULDER,ELBOW OR FOREARM PROC,EXC MAJOR JOINT PROC W MCC",112562.44
511,"511 - SHOULDER,ELBOW OR FOREARM PROC,EXC MAJOR JOINT PROC W CC",117058.45
512,"512 - SHOULDER,ELBOW OR FOREARM PROC,EXC MAJOR JOINT PROC W/O CC/MCC",91731.58
513,"513 - HAND OR WRIST PROC, EXCEPT MAJOR THUMB OR JOINT PROC W CC/MCC",65118.35
514,"514 - HAND OR WRIST PROC, EXCEPT MAJOR THUMB OR JOINT PROC W/O CC/MCC",31967.82
515,515 - OTHER MUSCULOSKELET SYS & CONN TISS O.R. PROC W MCC,130582.29
516,516 - OTHER MUSCULOSKELET SYS & CONN TISS O.R. PROC W CC,108980.49
517,517 - OTHER MUSCULOSKELET SYS & CONN TISS O.R. PROC W/O CC/MCC,84040.97
518,518 - BACK & NECK PROC EXC SPINAL FUSION W MCC OR DISC DEVICE/NEUROSTIM,118512.18
519,519 - BACK & NECK PROC EXC SPINAL FUSION W CC,86063.58
520,520 - BACK & NECK PROC EXC SPINAL FUSION W/O CC/MCC,71539.73
534,534 - FRACTURES OF FEMUR W/O MCC,43820.56
535,535 - FRACTURES OF HIP & PELVIS W MCC,33505.69
536,536 - FRACTURES OF HIP & PELVIS W/O MCC,41134.61
539,539 - OSTEOMYELITIS W MCC,80274.50
540,540 - OSTEOMYELITIS W CC,49402.73
541,541 - OSTEOMYELITIS W/O CC/MCC,37618.18
542,542 - PATHOLOGICAL FRACTURES & MUSCULOSKELET & CONN TISS MALIG W MCC,123839.19
543,543 - PATHOLOGICAL FRACTURES & MUSCULOSKELET & CONN TISS MALIG W CC,72469.57
544,544 - PATHOLOGICAL FRACTURES & MUSCULOSKELET & CONN TISS MALIG W/O CC/M,45478.72
545,545 - CONNECTIVE TISSUE DISORDERS W MCC,213501.05
546,546 - CONNECTIVE TISSUE DISORDERS W CC,75777.16
547,547 - CONNECTIVE TISSUE DISORDERS W/O CC/MCC,61677.00
549,549 - SEPTIC ARTHRITIS W CC,85862.58
550,550 - SEPTIC ARTHRITIS W/O CC/MCC,61079.85
551,551 - MEDICAL BACK PROBLEMS W MCC,84794.96
552,552 - MEDICAL BACK PROBLEMS W/O MCC,47893.58
553,553 - BONE DISEASES & ARTHROPATHIES W MCC,44127.06
554,554 - BONE DISEASES & ARTHROPATHIES W/O MCC,28696.02
555,555 - SIGNS & SYMPTOMS OF MUSCULOSKELETAL SYSTEM & CONN TISSUE W MCC,46250.10
556,556 - SIGNS & SYMPTOMS OF MUSCULOSKELETAL SYSTEM & CONN TISSUE W/O MCC,48702.74
557,"557 - TENDONITIS, MYOSITIS & BURSITIS W MCC",57826.95
558,"558 - TENDONITIS, MYOSITIS & BURSITIS W/O MCC",27782.27
559,"559 - AFTERCARE, MUSCULOSKELETAL SYSTEM & CONNECTIVE TISSUE W MCC",97981.37
560,"560 - AFTERCARE, MUSCULOSKELETAL SYSTEM & CONNECTIVE TISSUE W CC",48132.14
561,"561 - AFTERCARE, MUSCULOSKELETAL SYSTEM & CONNECTIVE TISSUE W/O CC/MCC",31578.83
562,"562 - FX, SPRN, STRN & DISL EXCEPT FEMUR, HIP, PELVIS & THIGH W MCC",79331.50
563,"563 - FX, SPRN, STRN & DISL EXCEPT FEMUR, HIP, PELVIS & THIGH W/O MCC",40448.34
564,564 - OTHER MUSCULOSKELETAL SYS & CONNECTIVE TISSUE DIAGNOSES W MCC,84389.06
565,565 - OTHER MUSCULOSKELETAL SYS & CONNECTIVE TISSUE DIAGNOSES W CC,33408.46
566,566 - OTHER MUSCULOSKELETAL SYS & CONNECTIVE TISSUE DIAGNOSES W/O CC/MC,26684.83
570,570 - SKIN DEBRIDEMENT W MCC,100759.09
571,571 - SKIN DEBRIDEMENT W CC,58171.75
572,572 - SKIN DEBRIDEMENT W/O CC/MCC,80580.32
574,574 - SKIN GRAFT FOR SKIN ULCER OR CELLULITIS W CC,165612.08
575,575 - SKIN GRAFT FOR SKIN ULCER OR CELLULITIS W/O CC/MCC,87861.60
576,576 - SKIN GRAFT EXC FOR SKIN ULCER OR CELLULITIS W MCC,393096.21
577,577 - SKIN GRAFT EXC FOR SKIN ULCER OR CELLULITIS W CC,186439.08
578,578 - SKIN GRAFT EXC FOR SKIN ULCER OR CELLULITIS W/O CC/MCC,101851.45
579,"579 - OTHER SKIN, SUBCUT TISS & BREAST PROC W MCC",102366.90
580,"580 - OTHER SKIN, SUBCUT TISS & BREAST PROC W CC",76857.69
581,"581 - OTHER SKIN, SUBCUT TISS & BREAST PROC W/O CC/MCC",69823.22
582,582 - MASTECTOMY FOR MALIGNANCY W CC/MCC,111322.47
583,583 - MASTECTOMY FOR MALIGNANCY W/O CC/MCC,159722.03
584,"584 - BREAST BIOPSY, LOCAL EXCISION & OTHER BREAST PROCEDURES W CC/MCC",156252.12
585,"585 - BREAST BIOPSY, LOCAL EXCISION & OTHER BREAST PROCEDURES W/O CC/MC",98490.22
592,592 - SKIN ULCERS W MCC,37526.38
593,593 - SKIN ULCERS W CC,28982.80
594,594 - SKIN ULCERS W/O CC/MCC,31621.95
595,595 - MAJOR SKIN DISORDERS W MCC,64830.00
596,596 - MAJOR SKIN DISORDERS W/O MCC,38546.69
597,597 - MALIGNANT BREAST DISORDERS W MCC,133062.35
598,598 - MALIGNANT BREAST DISORDERS W CC,34670.37
600,600 - NON-MALIGNANT BREAST DISORDERS W CC/MCC,30566.03
601,601 - NON-MALIGNANT BREAST DISORDERS W/O CC/MCC,20119.73
602,602 - CELLULITIS W MCC,53045.22
603,603 - CELLULITIS W/O MCC,31051.09
604,"604 - TRAUMA TO THE SKIN, SUBCUT TISS & BREAST W MCC",92056.67
605,"605 - TRAUMA TO THE SKIN, SUBCUT TISS & BREAST W/O MCC",39831.66
606,606 - MINOR SKIN DISORDERS W MCC,103016.32
607,607 - MINOR SKIN DISORDERS W/O MCC,36685.47
614,614 - ADRENAL & PITUITARY PROCEDURES W CC/MCC,164767.95
615,615 - ADRENAL & PITUITARY PROCEDURES W/O CC/MCC,95207.95
616,"616 - AMPUTAT OF LOWER LIMB FOR ENDOCRINE,NUTRIT,& METABOL DIS W MCC",212206.08
617,"617 - AMPUTAT OF LOWER LIMB FOR ENDOCRINE,NUTRIT,& METABOL DIS W CC",67903.31
619,619 - O.R. PROCEDURES FOR OBESITY W MCC,76349.82
620,620 - O.R. PROCEDURES FOR OBESITY W CC,105942.29
621,621 - O.R. PROCEDURES FOR OBESITY W/O CC/MCC,77868.50
622,"622 - SKIN GRAFTS & WOUND DEBRID FOR ENDOC, NUTRIT & METAB DIS W MCC",96137.40
623,"623 - SKIN GRAFTS & WOUND DEBRID FOR ENDOC, NUTRIT & METAB DIS W CC",53143.15
625,"625 - THYROID, PARATHYROID & THYROGLOSSAL PROCEDURES W MCC",184387.13
626,"626 - THYROID, PARATHYROID & THYROGLOSSAL PROCEDURES W CC",127941.79
627,"627 - THYROID, PARATHYROID & THYROGLOSSAL PROCEDURES W/O CC/MCC",104079.48
628,"628 - OTHER ENDOCRINE, NUTRIT & METAB O.R. PROC W MCC",100454.45
629,"629 - OTHER ENDOCRINE, NUTRIT & METAB O.R. PROC W CC",116539.70
637,637 - DIABETES W MCC,60281.71
638,638 - DIABETES W CC,31529.66
639,639 - DIABETES W/O CC/MCC,20739.07
640,"640 - MISC DISORDERS OF NUTRITION,METABOLISM,FLUIDS/ELECTROLYTES W MCC",63766.08
641,"641 - MISC DISORDERS OF NUTRITION,METABOLISM,FLUIDS/ELECTROLYTES W/O MC",32109.64
642,642 - INBORN AND OTHER DISORDERS OF METABOLISM,143656.68
643,643 - ENDOCRINE DISORDERS W MCC,52602.70
644,644 - ENDOCRINE DISORDERS W CC,37837.40
645,645 - ENDOCRINE DISORDERS W/O CC/MCC,32124.07
652,652 - KIDNEY TRANSPLANT,256474.10
653,653 - MAJOR BLADDER PROCEDURES W MCC,345289.10
654,654 - MAJOR BLADDER PROCEDURES W CC,177945.61
655,655 - MAJOR BLADDER PROCEDURES W/O CC/MCC,201741.75
656,656 - KIDNEY & URETER PROCEDURES FOR NEOPLASM W MCC,203583.89
657,657 - KIDNEY & URETER PROCEDURES FOR NEOPLASM W CC,96378.85
658,658 - KIDNEY & URETER PROCEDURES FOR NEOPLASM W/O CC/MCC,81510.18
659,659 - KIDNEY & URETER PROCEDURES FOR NON-NEOPLASM W MCC,182444.24
660,660 - KIDNEY & URETER PROCEDURES FOR NON-NEOPLASM W CC,90934.57
661,661 - KIDNEY & URETER PROCEDURES FOR NON-NEOPLASM W/O CC/MCC,60127.09
663,663 - MINOR BLADDER PROCEDURES W CC,77541.80
665,665 - PROSTATECTOMY W MCC,83799.75
666,666 - PROSTATECTOMY W CC,79866.00
668,668 - TRANSURETHRAL PROCEDURES W MCC,140420.93
669,669 - TRANSURETHRAL PROCEDURES W CC,101917.59
670,670 - TRANSURETHRAL PROCEDURES W/O CC/MCC,67093.28
671,671 - URETHRAL PROCEDURES W CC/MCC,79372.75
673,673 - OTHER KIDNEY & URINARY TRACT PROCEDURES W MCC,144886.04
674,674 - OTHER KIDNEY & URINARY TRACT PROCEDURES W CC,99890.80
682,682 - RENAL FAILURE W MCC,65012.81
683,683 - RENAL FAILURE W CC,36159.27
684,684 - RENAL FAILURE W/O CC/MCC,17543.65
686,686 - KIDNEY & URINARY TRACT NEOPLASMS W MCC,64152.40
687,687 - KIDNEY & URINARY TRACT NEOPLASMS W CC,50239.18
689,689 - KIDNEY & URINARY TRACT INFECTIONS W MCC,43648.44
690,690 - KIDNEY & URINARY TRACT INFECTIONS W/O MCC,34373.30
693,693 - URINARY STONES W/O ESW LITHOTRIPSY W MCC,93100.87
694,694 - URINARY STONES W/O ESW LITHOTRIPSY W/O MCC,34923.64
695,695 - KIDNEY & URINARY TRACT SIGNS & SYMPTOMS W MCC,295511.35
696,696 - KIDNEY & URINARY TRACT SIGNS & SYMPTOMS W/O MCC,17805.21
698,698 - OTHER KIDNEY & URINARY TRACT DIAGNOSES W MCC,54161.49
699,699 - OTHER KIDNEY & URINARY TRACT DIAGNOSES W CC,40334.97
700,700 - OTHER KIDNEY & URINARY TRACT DIAGNOSES W/O CC/MCC,20547.69
707,707 - MAJOR MALE PELVIC PROCEDURES W CC/MCC,146088.77
708,708 - MAJOR MALE PELVIC PROCEDURES W/O CC/MCC,86199.71
711,711 - TESTES PROCEDURES W CC/MCC,54253.18
712,712 - TESTES PROCEDURES W/O CC/MCC,31630.26
722,"722 - MALIGNANCY, MALE REPRODUCTIVE SYSTEM W MCC",102056.73
723,"723 - MALIGNANCY, MALE REPRODUCTIVE SYSTEM W CC",35624.08
726,726 - BENIGN PROSTATIC HYPERTROPHY W/O MCC,19853.70
728,728 - INFLAMMATION OF THE MALE REPRODUCTIVE SYSTEM W/O MCC,22210.68
730,730 - OTHER MALE REPRODUCTIVE SYSTEM DIAGNOSES W/O CC/MCC,44660.93
735,"735 - PELVIC EVISCERATION, RAD HYSTERECTOMY & RAD VULVECTOMY W/O CC/MCC",84917.58
736,736 - UTERINE & ADNEXA PROC FOR OVARIAN OR ADNEXAL MALIGNANCY W MCC,123298.88
737,737 - UTERINE & ADNEXA PROC FOR OVARIAN OR ADNEXAL MALIGNANCY W CC,100787.28
738,738 - UTERINE & ADNEXA PROC FOR OVARIAN OR ADNEXAL MALIGNANCY W/O CC/MC,57859.10
740,"740 - UTERINE,ADNEXA PROC FOR NON-OVARIAN/ADNEXAL MALIG W CC",92944.65
741,"741 - UTERINE,ADNEXA PROC FOR NON-OVARIAN/ADNEXAL MALIG W/O CC/MCC",84151.84
742,742 - UTERINE & ADNEXA PROC FOR NON-MALIGNANCY W CC/MCC,72746.93
743,743 - UTERINE & ADNEXA PROC FOR NON-MALIGNANCY W/O CC/MCC,57149.73
744,"744 - D&C, CONIZATION, LAPAROSCOPY & TUBAL INTERRUPTION W CC/MCC",80784.45
745,"745 - D&C, CONIZATION, LAPAROSCOPY & TUBAL INTERRUPTION W/O CC/MCC",43160.88
746,"746 - VAGINA, CERVIX & VULVA PROCEDURES W CC/MCC",69758.24
747,"747 - VAGINA, CERVIX & VULVA PROCEDURES W/O CC/MCC",34651.63
749,749 - OTHER FEMALE REPRODUCTIVE SYSTEM O.R. PROCEDURES W CC/MCC,72035.94
750,750 - OTHER FEMALE REPRODUCTIVE SYSTEM O.R. PROCEDURES W/O CC/MCC,24983.75
754,"754 - MALIGNANCY, FEMALE REPRODUCTIVE SYSTEM W MCC",42477.75
755,"755 - MALIGNANCY, FEMALE REPRODUCTIVE SYSTEM W CC",47162.54
756,"756 - MALIGNANCY, FEMALE REPRODUCTIVE SYSTEM W/O CC/MCC",55417.73
758,"758 - INFECTIONS, FEMALE REPRODUCTIVE SYSTEM W CC",32285.81
759,"759 - INFECTIONS, FEMALE REPRODUCTIVE SYSTEM W/O CC/MCC",20083.38
760,760 - MENSTRUAL & OTHER FEMALE REPRODUCTIVE SYSTEM DISORDERS W CC/MCC,22604.24
761,761 - MENSTRUAL & OTHER FEMALE REPRODUCTIVE SYSTEM DISORDERS W/O CC/MCC,19530.67
765,765 - CESAREAN SECTION W CC/MCC,49105.21
766,766 - CESAREAN SECTION W/O CC/MCC,33951.38
767,767 - VAGINAL DELIVERY W STERILIZATION &/OR D&C,30192.14
768,768 - VAGINAL DELIVERY W O.R. PROC EXCEPT STERIL &/OR D&C,21886.11
769,769 - POSTPARTUM & POST ABORTION DIAGNOSES W O.R. PROCEDURE,52643.14
770,"770 - ABORTION W D&C, ASPIRATION CURETTAGE OR HYSTEROTOMY",33682.88
774,774 - VAGINAL DELIVERY W COMPLICATING DIAGNOSES,23855.14
775,775 - VAGINAL DELIVERY W/O COMPLICATING DIAGNOSES,16515.44
776,776 - POSTPARTUM & POST ABORTION DIAGNOSES W/O O.R. PROCEDURE,23573.94
777,777 - ECTOPIC PREGNANCY,41461.29
778,778 - THREATENED ABORTION,9641.95
779,779 - ABORTION W/O D&C,38747.46
780,780 - FALSE LABOR,6238.48
781,781 - OTHER ANTEPARTUM DIAGNOSES W MEDICAL COMPLICATIONS,26594.60
782,782 - OTHER ANTEPARTUM DIAGNOSES W/O MEDICAL COMPLICATIONS,7096.10
783,783 - CESAREAN SECTION W STERILIZATION W MCC,68061.80
784,784 - CESAREAN SECTION W STERILIZATION W CC,44728.67
785,785 - CESAREAN SECTION W STERILIZATION W/O CC/MCC,32041.91
786,786 - CESAREAN SECTION W/O STERILIZATION W MCC,89291.14
787,787 - CESAREAN SECTION W/O STERILIZATION W CC,40683.55
788,788 - CESAREAN SECTION W/O STERILIZATION W/O CC/MCC,36669.61
789,"789 - NEONATES, DIED OR TRANSFERRED TO ANOTHER ACUTE CARE FACILITY",202354.03
790,"790 - EXTREME IMMATURITY OR RESPIRATORY DISTRESS SYNDROME, NEONATE",494354.51
791,791 - PREMATURITY W MAJOR PROBLEMS,152436.82
792,792 - PREMATURITY W/O MAJOR PROBLEMS,27363.29
793,793 - FULL TERM NEONATE W MAJOR PROBLEMS,52391.71
794,794 - NEONATE W OTHER SIGNIFICANT PROBLEMS,6663.95
795,795 - NORMAL NEWBORN,3886.67
796,796 - VAGINAL DELIVERY W STERILIZATION/D&C W MCC,31951.40
797,797 - VAGINAL DELIVERY W STERILIZATION/D&C W CC,31748.34
798,798 - VAGINAL DELIVERY W STERILIZATION/D&C WO CC/MCC,28843.09
799,799 - SPLENECTOMY W MCC,182139.41
800,800 - SPLENECTOMY W CC,111083.05
801,801 - SPLENECTOMY W/O CC/MCC,75306.32
802,802 - OTHER O.R. PROC OF THE BLOOD & BLOOD FORMING ORGANS W MCC,177429.15
803,803 - OTHER O.R. PROC OF THE BLOOD & BLOOD FORMING ORGANS W CC,61391.70
804,804 - OTHER O.R. PROC OF THE BLOOD & BLOOD FORMING ORGANS W/O CC/MCC,49912.33
805,805 - VAGINAL DELIVERY W/O STERILIZATION/D&C W MCC,29536.07
806,806 - VAGINAL DELIVERY W/O STERILIZATION/D&C W CC,18537.41
807,807 - VAGINAL DELIVERY W/O STERILIZATION/D&C W/O CC/MCC,16393.71
808,808 - MAJOR HEMATOL/IMMUN DIAG EXC SICKLE CELL CRISIS & COAGUL W MCC,121476.78
809,809 - MAJOR HEMATOL/IMMUN DIAG EXC SICKLE CELL CRISIS & COAGUL W CC,58444.08
810,810 - MAJOR HEMATOL/IMMUN DIAG EXC SICKLE CELL CRISIS & COAGUL W/O CC/M,61880.50
811,811 - RED BLOOD CELL DISORDERS W MCC,56372.25
812,812 - RED BLOOD CELL DISORDERS W/O MCC,28378.25
813,813 - COAGULATION DISORDERS,114783.55
814,814 - RETICULOENDOTHELIAL & IMMUNITY DISORDERS W MCC,88804.27
815,815 - RETICULOENDOTHELIAL & IMMUNITY DISORDERS W CC,46554.75
816,816 - RETICULOENDOTHELIAL & IMMUNITY DISORDERS W/O CC/MCC,24694.24
817,817 - OTHER ANTEPARTUM DIAGNOSES W O.R. PROCEDURE W MCC,115652.75
818,818 - OTHER ANTEPARTUM DIAGNOSES W O.R. PROCEDURE W CC,21476.85
819,819 - OTHER ANTEPARTUM DIAGNOSES W O.R. PROCEDURE W/O CC/MCC,39267.05
820,820 - LYMPHOMA & LEUKEMIA W MAJOR O.R. PROCEDURE W MCC,188605.55
821,821 - LYMPHOMA & LEUKEMIA W MAJOR O.R. PROCEDURE W CC,220809.20
822,822 - LYMPHOMA & LEUKEMIA W MAJOR O.R. PROCEDURE W/O CC/MCC,54958.05
823,823 - LYMPHOMA & NON-ACUTE LEUKEMIA W OTHER PROC W MCC,330205.23
824,824 - LYMPHOMA & NON-ACUTE LEUKEMIA W OTHER PROC W CC,81458.73
825,825 - LYMPHOMA & NON-ACUTE LEUKEMIA W OTHER PROC W/O CC/MCC,94960.51
826,826 - MYELOPROLIF DISORD OR POORLY DIFF NEOPL W MAJ O.R. PROC W MCC,337922.62
827,827 - MYELOPROLIF DISORD OR POORLY DIFF NEOPL W MAJ O.R. PROC W CC,121668.15
828,828 - MYELOPROLIF DISORD OR POORLY DIFF NEOPL W MAJ O.R. PROC W/O CC/MC,70670.84
829,829 - MYELOPROLIFERATIVE DISORDERS OR POORLY DIFFERENTIATED NEOPLASMS W,216112.54
831,831 - OTHER ANTEPARTUM DIAGNOSES W/O O.R. PROCEDURE W MCC,15532.84
832,832 - OTHER ANTEPARTUM DIAGNOSES W/O O.R. PROCEDURE W CC,17930.64
833,833 - OTHER ANTEPARTUM DIAGNOSES W/O O.R. PROCEDURE W/O CC/MCC,9788.38
834,834 - ACUTE LEUKEMIA W/O MAJOR O.R. PROCEDURE W MCC,358409.46
835,835 - ACUTE LEUKEMIA W/O MAJOR O.R. PROCEDURE W CC,142821.48
836,836 - ACUTE LEUKEMIA W/O MAJOR O.R. PROCEDURE W/O CC/MCC,95233.19
837,837 - CHEMO W ACUTE LEUKEMIA AS SDX OR W HIGH DOSE CHEMO AGENT W MCC,93913.72
838,838 - CHEMO W ACUTE LEUKEMIA AS SDX W CC OR HIGH DOSE CHEMO AGENT,90947.52
839,839 - CHEMO W ACUTE LEUKEMIA AS SDX W/O CC/MCC,36862.55
840,840 - LYMPHOMA & NON-ACUTE LEUKEMIA W MCC,270254.02
841,841 - LYMPHOMA & NON-ACUTE LEUKEMIA W CC,138553.32
842,842 - LYMPHOMA & NON-ACUTE LEUKEMIA W/O CC/MCC,54180.94
843,843 - OTHER MYELOPROLIF DIS OR POORLY DIFF NEOPL DIAG W MCC,103005.33
844,844 - OTHER MYELOPROLIF DIS OR POORLY DIFF NEOPL DIAG W CC,36462.36
845,845 - OTHER MYELOPROLIF DIS OR POORLY DIFF NEOPL DIAG W/O CC/MCC,23281.45
846,846 - CHEMOTHERAPY W/O ACUTE LEUKEMIA AS SECONDARY DIAGNOSIS W MCC,39882.02
847,847 - CHEMOTHERAPY W/O ACUTE LEUKEMIA AS SECONDARY DIAGNOSIS W CC,56426.92
849,849 - RADIOTHERAPY,99617.90
853,853 - INFECTIOUS & PARASITIC DISEASES W O.R. PROCEDURE W MCC,299702.03
854,854 - INFECTIOUS & PARASITIC DISEASES W O.R. PROCEDURE W CC,113691.37
856,856 - POSTOPERATIVE OR POST-TRAUMATIC INFECTIONS W O.R. PROC W MCC,194542.66
857,857 - POSTOPERATIVE OR POST-TRAUMATIC INFECTIONS W O.R. PROC W CC,101297.77
858,858 - POSTOPERATIVE OR POST-TRAUMATIC INFECTIONS W O.R. PROC W/O CC/MCC,45931.95
862,862 - POSTOPERATIVE & POST-TRAUMATIC INFECTIONS W MCC,68463.39
863,863 - POSTOPERATIVE & POST-TRAUMATIC INFECTIONS W/O MCC,33945.22
864,864 - FEVER,29779.22
864,864 - FEVER AND INFLAMMATORY CONDITIONS,35463.53
865,865 - VIRAL ILLNESS W MCC,29561.51
866,866 - VIRAL ILLNESS W/O MCC,58851.22
867,867 - OTHER INFECTIOUS & PARASITIC DISEASES DIAGNOSES W MCC,122702.21
868,868 - OTHER INFECTIOUS & PARASITIC DISEASES DIAGNOSES W CC,48631.40
869,869 - OTHER INFECTIOUS & PARASITIC DISEASES DIAGNOSES W/O CC/MCC,14849.90
870,870 - SEPTICEMIA OR SEVERE SEPSIS W MV >96 HOURS,251807.24
870,870 - SEPTICEMIA OR SEVERE SEPSIS W MV >96 HOURS OR PERIPHERAL EXTRACOR,236128.64
871,871 - SEPTICEMIA OR SEVERE SEPSIS W/O MV >96 HOURS W MCC,90429.25
872,872 - SEPTICEMIA OR SEVERE SEPSIS W/O MV >96 HOURS W/O MCC,42333.69
876,876 - O.R. PROCEDURE W PRINCIPAL DIAGNOSES OF MENTAL ILLNESS,142521.63
880,880 - ACUTE ADJUSTMENT REACTION & PSYCHOSOCIAL DYSFUNCTION,26071.65
881,881 - DEPRESSIVE NEUROSES,20428.75
882,882 - NEUROSES EXCEPT DEPRESSIVE,19245.18
883,883 - DISORDERS OF PERSONALITY & IMPULSE CONTROL,20751.19
884,884 - ORGANIC DISTURBANCES & INTELLECTUAL DISABILITY,44818.12
885,885 - PSYCHOSES,28705.01
886,886 - BEHAVIORAL & DEVELOPMENTAL DISORDERS,25273.47
887,887 - OTHER MENTAL DISORDER DIAGNOSES,59496.75
894,"894 - ALCOHOL/DRUG ABUSE OR DEPENDENCE, LEFT AMA",23716.58
896,896 - ALCOHOL/DRUG ABUSE OR DEPENDENCE W/O REHABILITATION THERAPY W MCC,52656.01
897,897 - ALCOHOL/DRUG ABUSE OR DEPENDENCE W/O REHABILITATION THERAPY W/O M,28368.60
901,901 - WOUND DEBRIDEMENTS FOR INJURIES W MCC,487058.70
902,902 - WOUND DEBRIDEMENTS FOR INJURIES W CC,252064.84
903,903 - WOUND DEBRIDEMENTS FOR INJURIES W/O CC/MCC,31896.80
904,904 - SKIN GRAFTS FOR INJURIES W CC/MCC,307187.79
905,905 - SKIN GRAFTS FOR INJURIES W/O CC/MCC,35243.50
906,906 - HAND PROCEDURES FOR INJURIES,70090.53
907,907 - OTHER O.R. PROCEDURES FOR INJURIES W MCC,337465.06
908,908 - OTHER O.R. PROCEDURES FOR INJURIES W CC,79359.66
909,909 - OTHER O.R. PROCEDURES FOR INJURIES W/O CC/MCC,53906.89
913,913 - TRAUMATIC INJURY W MCC,54339.30
914,914 - TRAUMATIC INJURY W/O MCC,40357.06
915,915 - ALLERGIC REACTIONS W MCC,91586.06
916,916 - ALLERGIC REACTIONS W/O MCC,34664.13
917,917 - POISONING & TOXIC EFFECTS OF DRUGS W MCC,49884.58
918,918 - POISONING & TOXIC EFFECTS OF DRUGS W/O MCC,26661.44
919,919 - COMPLICATIONS OF TREATMENT W MCC,76049.24
920,920 - COMPLICATIONS OF TREATMENT W CC,30271.52
921,921 - COMPLICATIONS OF TREATMENT W/O CC/MCC,16108.24
922,"922 - OTHER INJURY, POISONING & TOXIC EFFECT DIAG W MCC",76106.52
923,"923 - OTHER INJURY, POISONING & TOXIC EFFECT DIAG W/O MCC",38016.07
927,927 - EXTENSIVE BURNS OR FULL THICKNESS BURNS W MV >96 HRS W SKIN GRAFT,671225.20
928,928 - FULL THICKNESS BURN W SKIN GRAFT OR INHAL INJ W CC/MCC,231738.64
929,929 - FULL THICKNESS BURN W SKIN GRAFT OR INHAL INJ W/O CC/MCC,115587.37
933,933 - EXTENSIVE BURNS OR FULL THICKNESS BURNS W MV >96 HRS W/O SKIN GRA,56499.83
934,934 - FULL THICKNESS BURN W/O SKIN GRAFT OR INHAL INJ,40308.14
934,934 - FULL THICKNESS BURN W/O SKIN GRFT OR INHAL INJ,58115.57
935,935 - NON-EXTENSIVE BURNS,33101.28
939,939 - O.R. PROC W DIAGNOSES OF OTHER CONTACT W HEALTH SERVICES W MCC,97562.43
940,940 - O.R. PROC W DIAGNOSES OF OTHER CONTACT W HEALTH SERVICES W CC,116073.80
941,941 - O.R. PROC W DIAGNOSES OF OTHER CONTACT W HEALTH SERVICES W/O CC/M,79954.37
945,945 - REHABILITATION W CC/MCC,85465.27
946,946 - REHABILITATION W/O CC/MCC,41562.03
947,947 - SIGNS & SYMPTOMS W MCC,52103.92
948,948 - SIGNS & SYMPTOMS W/O MCC,30076.14
949,949 - AFTERCARE W CC/MCC,72345.17
950,950 - AFTERCARE W/O CC/MCC,30595.75
951,951 - OTHER FACTORS INFLUENCING HEALTH STATUS,21293.43
955,955 - CRANIOTOMY FOR MULTIPLE SIGNIFICANT TRAUMA,305068.51
956,"956 - LIMB REATTACHMENT, HIP & FEMUR PROC FOR MULTIPLE SIGNIFICANT TRAU",405260.42
957,957 - OTHER O.R. PROCEDURES FOR MULTIPLE SIGNIFICANT TRAUMA W MCC,360843.58
958,958 - OTHER O.R. PROCEDURES FOR MULTIPLE SIGNIFICANT TRAUMA W CC,207896.99
959,959 - OTHER O.R. PROCEDURES FOR MULTIPLE SIGNIFICANT TRAUMA W/O CC/MCC,123741.60
963,963 - OTHER MULTIPLE SIGNIFICANT TRAUMA W MCC,143695.65
964,964 - OTHER MULTIPLE SIGNIFICANT TRAUMA W CC,73439.78
965,965 - OTHER MULTIPLE SIGNIFICANT TRAUMA W/O CC/MCC,58995.66
969,969 - HIV W EXTENSIVE O.R. PROCEDURE W MCC,138640.13
974,974 - HIV W MAJOR RELATED CONDITION W MCC,87342.25
975,975 - HIV W MAJOR RELATED CONDITION W CC,46977.19
976,976 - HIV W MAJOR RELATED CONDITION W/O CC/MCC,27000.95
977,977 - HIV W OR W/O OTHER RELATED CONDITION,53225.46
981,981 - EXTENSIVE O.R. PROCEDURE UNRELATED TO PRINCIPAL DIAGNOSIS W MCC,261846.29
982,982 - EXTENSIVE O.R. PROCEDURE UNRELATED TO PRINCIPAL DIAGNOSIS W CC,114780.56
983,983 - EXTENSIVE O.R. PROCEDURE UNRELATED TO PRINCIPAL DIAGNOSIS W/O CC/,78078.89
987,987 - NON-EXTENSIVE O.R. PROC UNRELATED TO PRINCIPAL DIAGNOSIS W MCC,189967.36
988,988 - NON-EXTENSIVE O.R. PROC UNRELATED TO PRINCIPAL DIAGNOSIS W CC,87629.20
989,989 - NON-EXTENSIVE O.R. PROC UNRELATED TO PRINCIPAL DIAGNOSIS W/O CC/M,78168.05
