PROC #,Procedure Description,IP Price,OP Price,Note (*)
1,AB HEP A IGM,181.5,181.5,
2,AB HERPES SIMPLEX TYPE 2 Q,152.5,152.5,
3,AB ID RBC ABS EACH PANEL,922.5,922.5,
4,ABG ANALYSIS ISTAT,209.5,209.5,
5,ACUTE HEPATITIS PANEL,501,501,
6,AEROSOL INITIAL CONT BRONCH,252.5,252.5,
7,AEROSOL SUB CONT BRONCH HR,117.5,117.5,
8,AEROSOL SUB SM VOL NEB,179,179,
9,AFP-L3 FRACTION ISO & TOTAL AFP,387,387,
10,AGGLUTINATION GRP EA ANTISE,43,43,
11,AIRWAY KING LTSD,310.5,310.5,
12,ALDOLASE,131.5,131.5,
13,ALT,129,129,
14,AMMONIA,148,148,
15,AMYLASE,199,199,
16,ANA TITER,111,111,
17,ANTIBODY RICKETTSIA,207,207,
18,ANTIBODY SCREEN RBC,211,211,
19,ANTIGEN SCREENING 1,454.5,454.5,
20,ANTINUCLEAR ANTIBODY,353.5,353.5,
21,APOLIPOPROTEIN A-1 AND B,142.5,142.5,
22,ARTERIAL PUNCTURE,99.5,99.5,
23,ASPERGILLUS ANTIGEN,78,78,
24,AST,136.5,136.5,
25,B TYPE NATRIURETIC PEPTIDE,204.5,204.5,
26,BASIC METABOLIC PANEL,160.5,160.5,
27,BETA HCG QUALITATIVE SERUM,175.5,175.5,
28,BILIRUBIN TOTAL,157.5,157.5,
29,BLADDER SCAN,349.5,349.5,
30,BLOOD OCCULT FECAL IMMUNOASSAY,96.5,96.5,
31,BLOOD TYPING ABO,247,247,
32,BLOOD TYPING RH D,135,135,
33,BRACE ANKLE STIRRUP OTS,83.5,83.5,
34,C DIFFICILE TOXIN A AND B EIA,240.5,240.5,
35,C02 EXPIRED GAS DETERM DAILY,452.5,452.5,
36,CALCIUM,97,97,
37,CALCIUM IONIZED,183,183,
38,CALCULUS INFRARED SPECTROS Q38,70,70,
39,CALPROTECTIN,203,203,
40,CALPROTECTIN FECAL,144,144,
41,CANCER ANTIGEN 125,216.5,216.5,
42,CARBAMAZEPINE TOTAL,190.5,190.5,
43,CATH NEXIVA,37,37,
44,CATH STRAIGHT,106.5,106.5,
45,CBC W/AUTO DIFF OTHER,198,198,
46,CBC WITHOUT DIFFERENTIAL,64,64,
47,CELL COUNT MISC FLUID,52,52,
48,CELL COUNT MISC FLUID W/DIF,107.5,107.5,
49,CHLAMYDIA TRACH AMP PROBE T,227,227,
50,CHLORIDE RANDOM URINE,68,68,
51,CKMB,132.5,132.5,
52,CLIA OCCULT BLOOD GAS FLUID,71.5,71.5,
53,CLOSTRIDIUM DIFFICILE TOXINGENES,198,198,
54,COLLECT BLOOD PORT/ACCESS DVC,142,142,
55,COMPATIBILITY TEST-ELECTRONIC,454.5,454.5,
56,COMPREHENSIVE METABOLIC PAN,164.5,164.5,
57,CONCENTRATION FOR INF AGENT,52,52,
58,CORTISOL TOTAL,203,203,
59,CPAP/BIPAP SUBSEQUENT DAILY,307.5,307.5,
60,CPR,983,983,
61,C-REACTIVE PROTEIN,145,145,
62,CREATINE KINASE (CPK) TOTAL,98,98,
63,CREATININE ISTAT,117,117,
64,CRITICAL CARE >74 PER 30 MIN,1203.5,1203.5,
65,CRITICAL CARE 30-74 ADDL SVC,3259,3259,
66,CROSSMATCH,454.5,454.5,
67,CRYSTAL ID LIGHT MICRO,94,94,
68,CT ABDOMEN AND PELVIS W AND W/O CONT,5596.5,5596.5,
69,CT ABDOMEN AND PELVIS W CONT,3796.5,3796.5,
70,CT ABDOMEN AND PELVIS W/O CONT,3292.5,3292.5,
71,CT ABDOMEN W AND W/O CONTRAST,3025.5,3025.5,
72,CT ABDOMEN W/CONTRAST,2325,2325,
73,CT ABDOMEN W/O CONTRAST,1674,1674,
74,CT CHEST W AND W/O CONTRAST,3766,3766,
75,CT CHEST W/CONTRAST,3192,3192,
76,CT CHEST W/O CONTRAST,1966,1966,
77,CT C-SPINE W/O CONTRAST,2699,2699,
78,CT HEAD/BRAIN W/O CONTRAST,2240.5,2240.5,
79,CT HEADBRAIN W AND WO CONTRAST,3267.5,3267.5,
80,CT LOW EXT W/CONTRAST LT,3837.5,3837.5,
81,CT LOW EXT W/O CONTRAST LT,2969.5,2969.5,
82,CT L-SPINE W AND W/O CONTRAST,2950,2950,
83,CT L-SPINE W/O CONTRAST,2523.5,2523.5,
84,CT MAXILLOFACIAL W/CONTRAST,4031.5,4031.5,
85,CT MAXILLOFACIAL W/O CONTRA,2005,2005,
86,CT NECK W AND W/O CONTRAST,2412,2412,
87,CT NECK W/CONTRAST,2269.5,2269.5,
88,CT NECK W/O CONTRAST,1966,1966,
89,CT ORBIT/SELLA/FOSSA/EAR W/O CON,1578.5,1578.5,
90,CT PELVIS W AND W/O CONTRAST,3058.5,3058.5,
91,CT PELVIS W/CONTRAST,2396.5,2396.5,
92,CT PELVIS W/O CONTRAST,1740,1740,
93,CT T-SPINE W/O CONTRAST,1973,1973,
94,CT UP EXT W/CONTRAST LT,3227.5,3227.5,
95,CT UP EXT W/O CONTRAST LT,2701,2701,
96,CTA ABDOMEN AND PELVIS W AND W/O CONTRAST,4058.5,4058.5,
97,CTA ABDOMEN W AND W/O CONTRAST,1867.5,1867.5,
98,CTA CHEST W AND W/O CONT,2456,2456,
99,CTA HEAD W AND W/O CONT,1639.5,1639.5,
100,CTA NECK W AND W/O CONT,1956.5,1956.5,
101,CULT BACTERIA BLOOD,194,194,
102,CULT FUNGI,211.5,211.5,
103,CULT FUNGI BLOOD,135,135,
104,CULT PATHOGENIC ORGAN SCRN,48,48,
105,CULT STOOL ADDITIONAL PATHO,55.5,55.5,
106,CULT STOOL SALMONELLA SHIGE,231.5,231.5,
107,CULT TYPE ID BY NUCLEIC ACI,143.5,143.5,
108,CULTURE AFB,191,191,
109,CULTURE ANAEROBIC,208.5,208.5,
110,CULTURE BACTERIA AEROBIC,190,190,
111,D DIMER QUAN ULTRA SEN,158,158,
112,DECLOTTING/THROMBOLYTIC AGT,282.5,282.5,
113,DEMO/EVAL SVN/IPPB/MDI,307.5,307.5,
114,DEOXYRIBONUCLEIC ACID ANTIB,209.5,209.5,
115,DERMABOND,129.5,129.5,
116,DIFFERENTIAL MANUAL,30.5,30.5,
117,DIGOXIN,161.5,161.5,
118,DISK METHOD SENSITIVITY,73,73,
119,DRESSING HEMOSTAT SURGICEL 2X3,355,355,
120,DRUG SCREEN SINGLE,123,123,
121,DUPLEX EXTRACRANIAL/CAROTID BI,1375,1375,
122,ECHO 2D COMPL SPEC AND COLOR DOP,1772.5,1772.5,
123,ECHO 2D W/ OR W/O M-MODE LIMIT,653.5,653.5,
124,EGFR GENE ANALYSIS,1451,1451,
125,EKG ROUTINE TRACING ONLY,175,175,
126,ENZYME DETECTION BETA LACTA,77.5,77.5,
127,EPSTEIN BARR EARLY AG IGG,138,138,
128,EPSTEIN BARR NUCLEAR AG IGG,110,110,
129,EPSTEIN BARR VIRAL CAP AB IGG,153.5,153.5,
130,ER VISIT LEVEL 1,394.5,394.5,
131,ER VISIT LEVEL 2,623.5,623.5,
132,ER VISIT LEVEL 3,963,963,
133,EVAL FLUENCY 31-60 MIN,522.5,522.5,
134,EVAL SPEECH ONLY 0-30 MIN,426,426,
135,EVAL SPEECH/LANG 31-60 MIN,892,892,
136,EVAL VOICE 31-60 MIN,411.5,411.5,
137,EXTRACTABLE NUCLEAR AG,278,278,
138,FERRITIN,165,165,
139,FIBRINOGEN,155.5,155.5,
140,FINGER/HEEL/EAR STICK,17.5,17.5,
141,FLUTTER VALVE INITIAL,188,188,
142,FLUTTER VALVE RX SUBSEQUENT,117,117,
143,FOLATES SERUM,177,177,
144,FRESH FROZEN PLASMA PROC,116,116,
145,GENTAMICIN PEAK,232,232,
146,GGT,126,126,
147,GIARDIA SPECIFIC ANTIGEN EI,136,136,
148,GLUCOSE BLOOD,66.5,66.5,
149,GLUCOSE FLUID,65,65,
150,GLUCOSE METER BLOOD,30.5,30.5,
151,GONADOTROPIN CHORIONIC QUAN,177.5,177.5,
152,H PYLORI ANTIGEN STOOL EIA,243,243,
153,HAEMOPHILUS INFLUENZA 3520,109.5,109.5,
154,HAPTOGLOBIN,118,118,
155,HEMATOCRIT (H/H),59.5,59.5,
156,HEMOGLOBIN (H/H),44,44,
157,HEMOGLOBIN A1C,89,89,
158,HEPATIC FUNCTION PANEL,376,376,
159,HEPATITIS B CORE AB IGM,289,289,
160,HEPATITIS B SURF AB,150,150,
161,HEPATITIS B SURF AG,179,179,
162,HEPATITIS C AB,742.5,742.5,
163,HEPATITIS C QUANTIFICATION,703.5,703.5,
164,HERPES SIMPLEX AB TYPE 1,123.5,123.5,
165,HERPES SIMPLEX VIRUS AMP PROBE,314,314,
166,HIV 1 ANTIGENS W/HIV 1 & 2 AB,182.5,182.5,
167,HIV1 AG W HIV1 AND 2 AB,198,198,
168,HOLTER SCAN ANALYSIS UP TO 48 HRS,754,754,
169,HOLTER SCAN/REC/HKUP/DISC 48 HR,480.5,480.5,
170,IA ANALYTE QUAL SEMI QUAN,153.5,153.5,
171,IDENTIFICATION AEROBIC,66.5,66.5,
172,IDENTIFICATION ANAEROBIC,122,122,
173,IDENTIFICATION MOLD,63,63,
174,IDENTIFICATION YEAST,66.5,66.5,
175,IMMOBILIZER KNEE OTS,115.5,115.5,
176,IMPLANT PORT ACCESS 200,614,614,
177,INFECT AGENT ANTIGEN DET,77,77,
178,INFLUENZA ANTIGEN RAPID,91,91,
179,INFLUENZA DNA AMP PROBE,418.5,418.5,
180,INJECT VACCINE/TOXOID EA ADDL,57,57,
181,INJECT VACCINE/TOXOID FIRST,113.5,113.5,
182,INJECTION IM/SUBQ/ANTIBIOTICS,251,251,
183,INJECTION IV EA ADDL DRUG,220,220,
184,INJECTION IV EA ADDL SAME DRUG,214,214,
185,INJECTION IV PUSH INITIAL,563,563,
186,INSERT BLADDER CATH,124.5,124.5,
187,INSERT CATH PLEURAL,3841,3841,
188,INSERT TEMP BLADDER CATH,159.5,159.5,
189,INSITU HYBRID ANALYZE 25-99,462.5,462.5,
190,INTRO NEEDLE/CATH VEIN,114.5,114.5,
191,INTUBATION ENDOTRACHEAL,831.5,831.5,
192,IRON,110,110,
193,IRON BINDING CAPACITY UNSAT,202,202,
194,IRRIGATION VENOUS ACCESS DEV,141.5,141.5,
195,IV HYD EA ADD HR,138.5,138.5,
196,IV HYD INIT 31 MIN-60 MIN,439,439,
197,IV TX CONCURRENT,115.5,115.5,
198,IV TX EA ADD HR,142.5,142.5,
199,IV TX INIT TO 1 HR,524.5,524.5,
200,IV TX SEQ TO 1 HR,192.5,192.5,
201,KETONE BODY(S) QUAL,73.5,73.5,
202,KIT PICC LINE DRESSING,107.5,107.5,
203,KRAS,868.5,868.5,
204,KRAS GENE ANALYSIS ADDL,484,484,
205,LACTIC ACID,129,129,
206,LACTOFERRIN QUAN,212,212,
207,LAMOTRIGINE,80.5,80.5,
208,LD,96,96,
209,LEGIONELLA AB TOTAL IMMUNOG,237,237,
210,LENS MORGAN,166.5,166.5,
211,LEUKO POOR PC,384,384,
212,LEUKO RED IRR DIR RBCS PROC,419.5,419.5,
213,LEUKOCYTE COUNT FECAL,52,52,
214,LEUKORED PHER PLTS PROC,799.5,799.5,
215,LEVEL 4 W/ADDITIONAL SERVICE,1582.5,1582.5,
216,LEVEL 5 W/ADDITIONAL SERVICE,2526,2526,
217,LEVITIRACEM,80.5,80.5,
218,LIPASE,131,131,
219,LIPID PROFILE 1,218.5,218.5,
220,LITHIUM,103.5,103.5,
221,LYME DISEASE AB TOTAL IMMUN,219,219,
222,MAGNESIUM,90.5,90.5,
223,MAM DIAGNOSTIC BILAT,644,644,
224,MAM DIAGNOSTIC UNI LT,306.5,306.5,
225,MAM SCREEN BILAT,477,477,
226,MIC SENSITIVITY,100.5,100.5,
227,MOD SED > AGE 5 INTL 15 MIN W SAME,425,425,
228,MOD SED EACH ADDL 15 MIN W SAME,425,425,
229,MOLECULAR CYTOGENETICS FISH,284.5,284.5,
230,MONO TEST,193,193,
231,MRA HEAD W/O CONT,2986.5,2986.5,
232,MRA NECK W/O CONT,1832.5,1832.5,
233,MRI ABDOMEN W AND W/O CONTRAST,5887,5887,
234,MRI BRAIN W AND W/O CONTRAST,5967,5967,
235,MRI BRAIN W/O CONTRAST,4898.5,4898.5,
236,MRI C-SPINE W AND W/O CONTRAST,7369.5,7369.5,
237,MRI C-SPINE W/O CONTRAST,4165,4165,
238,MRI LOW EXT JNT W/O CONT RT,5067.5,5067.5,
239,MRI LOW EXT W/O CONTRAST RT,4002,4002,
240,MRI L-SPINE W AND W/O CONTRAST,7052.5,7052.5,
241,MRI L-SPINE W/O CONTRAST,4947,4947,
242,MRI ORBITFACENECK W AND WO CON,3444.5,3444.5,
243,MRI PELVIS W AND W/O CONTRAST,5471,5471,
244,MRI PELVIS W/O CONTRAST,2771,2771,
245,MRI T-SPINE W AND W/O CONTRAST,5967,5967,
246,MRI T-SPINE W/O CONTRAST,3919,3919,
247,MRI UP EXT JNT W/O CONTRAST LT,3233.5,3233.5,
248,MRI UP EXT W AND WO CONT RT,5611,5611,
249,MRI UP EXT W/O CONTRAST RT,3360.5,3360.5,
250,MYCOPLASMA,121,121,
251,MYOGLOBIN SO,241,241,
252,NEEDLE EZ I/O ALL SIZES,675,675,
253,NEISSERIA GONNORRHOEAE AMP,227,227,
254,NEPHELOMETRY EA ANALYTE NOS Q1,99,99,
255,NON TUNNELED PICC AGE 5+,1255.5,1255.5,
256,OCCULT BLOOD STOOL SINGLE S,134.5,134.5,
257,OSMOLALITY URINE,94.5,94.5,
258,OT ADL 15 MIN,162,162,
259,OT APPLY SPLINT FINGER DYNAMIC,261.5,261.5,
260,OT E-STIM ATTENDED 15 MIN,147,147,
261,OT EVAL COMPLEX,536,536,
262,OT EVAL LOW,380,380,
263,OT EVAL MODERATE,511,511,
264,OT ORTHO/PROSTH CHECK 15 MIN SUBSEQ,112,112,
265,OT ORTHOTIC FIT/TRAIN 15 MIN INITIAL,175,175,
266,OT WHIRLPOOL THERAPY,250,250,
267,OT WORK HARDENING 1ST 2 HRS,541.5,541.5,
268,OT WORK HARDENING ADDL HR,143.5,143.5,
269,OVA AND PARASITE,192.5,192.5,
270,OXCABAZEPINE,80.5,80.5,
271,OXIMETRY DAILY,264.5,264.5,
272,OXIMETRY OVERNIGHT,267,267,
273,OXIMETRY SINGLE DETERMINATION,102.5,102.5,
274,PARATHYROID HORMONE INTACT,271,271,
275,PH FLUID,19.5,19.5,
276,PHENOBARBITAL,200,200,
277,PHENYTOIN,156,156,
278,PHLEBOTOMY THERAPEUTIC,188,188,
279,PHOSPHORUS,75.5,75.5,
280,POLYSOMNOGRAM 4+ PAR W/CPAP,3153,3153,
281,POTASSIUM,97,97,
282,PROGESTERONE RECEPTOR ASSAY,922.5,922.5,
283,PROLACTIN,237.5,237.5,
284,PROSTATE SPECIFIC AG TOTAL,168.5,168.5,
285,PROTEIN C ACTIVITY,319.5,319.5,
286,PROTEIN C ANTIGEN,565.5,565.5,
287,PROTEIN S AG FREE,304,304,
288,PROTEIN S AG TOTAL,456,456,
289,PROTEIN TOTAL OTHER SOURCE,81,81,
290,PT,59.5,59.5,
291,PT AQUATIC THERAPY/EXER 15 MIN,332.5,332.5,
292,PT E-STIM UNATTENDED,204,204,
293,PT EVAL COMPLEX,536,536,
294,PT EVAL LOW,380,380,
295,PT EVAL MODERATE,511,511,
296,PT EXERCISE THERAPEUTIC 15 MIN,251,251,
297,PT GAIT TRAINING 15 MIN,218,218,
298,PT IONTOPHORESIS 15 MIN,169,169,
299,PT MANUAL TX JNT MOB/STM 15 MN,155.5,155.5,
300,PT MASSAGE 15 MIN,201.5,201.5,
301,PT NEUROMUSCULAR RE-ED 15 MIN,262,262,
302,PT RE-EVAL,253.5,253.5,
303,PT THERAPEUTIC ACTIVITY 15 MIN,173.5,173.5,
304,PT TRACTION MECHANICAL,194.5,194.5,
305,PT ULTRASOUND 15 MIN,110,110,
306,PTT,68,68,
307,R&B - Intermediate ICU,2288,2288,
308,R&B - Med/Surg,1134,1134,
309,R&B - Swing Bed,905,905,
310,RAPID PLASMA REAGIN,58,58,
311,REMOVE CERUMEN VIA IRRIGATION,184,184,
312,RETICULOCYTE COUNT AUTOM,83.5,83.5,
313,RHEUMATOID FACTOR QUANT,199,199,
314,ROTAVIRUS ANTIGEN EIA,305,305,
315,RSV AG DIRECT OPTICAL,89,89,
316,RUSSELL VIPER VENOM UNDILUTED,74,74,
317,SEDIMENTATION RATE WESTERGR,93,93,
318,SET 11397 SECONDARY PB VENTED,8,8,
319,SET 4620 EXT SET 20 INCHES,6,6,
320,SET DIAL-A-FLO EXT CLAVE,32.5,32.5,
321,SET PCA PUMP ALARIS,38,38,
322,SET PRIMARY 1Y CLAVE,24,24,
323,SET PRIMARY 3Y CLAVE,17.5,17.5,
324,SET PRIMARY IV PLUMSET,41.5,41.5,
325,SET PRIMARY PLUM CLAVE,41.5,41.5,
326,SET PRIMARY W/CHECK VALVE,24,24,
327,SHOE CAST WALKER CANVAS,78.5,78.5,
328,SHOE FRACTURE ALL SIZES,282.5,282.5,
329,SMEAR AFB/FLUORO STAIN,100.5,100.5,
330,SMEAR PRIMARY SOURCE,82,82,
331,SMOKING CESSATION COUNSEL 3-10,69.5,69.5,
332,SODIUM URINE,75,75,
333,SPECIFIC GRAVITY FLUID,26.5,26.5,
334,SPECIMEN COLLECTION CATH,124.5,124.5,
335,SPIROME PFT PRE AND POST BRON,452.5,452.5,
336,SPIROMETRY/PFT BASIC,267,267,
337,SPLINT ANKLE STIRRUP,106,106,
338,SPLINT PLASTER ARM LONG,114.5,114.5,
339,SPLINT PLASTER LEG LONG,213,213,
340,SPLINT PLASTER LEG SHORT,96,96,
341,SPLINT SAM 4X36,103.5,103.5,
342,SPLINT WRIST THUMB OTS,165.5,165.5,
343,SPUTUM COLLECTION,450.5,450.5,
344,ST MOD BARIUM SWALLOW 0-30MIN,415,415,
345,ST SWALLOW EVAL 0-30 MIN,393.5,393.5,
346,ST SWALLOW TREATMENT 31-60 MIN,395.5,395.5,
347,ST TREATMENT 31-60 MIN,364.5,364.5,
348,STAPH AUREUS METHICILLIN RESIST,198,198,
349,STREP GRP A SCREEN IMMUNOAS,96,96,
350,SUPPORT ANKLE LACE UP OTS,91,91,
351,SUSEPTIBILITY STUDIES,47.5,47.5,
352,SUTURE PROLENE,181.5,181.5,
353,SYSTEM AIR TAP,1075,1075,
354,T3 FREE,374,374,
355,T3 UPTAKE,105,105,
356,TB TEST ALL MEDIATED IMMUN,372.5,372.5,
357,THEOPHYLLINE,258,258,
358,THIAMINE VITAMIN B1,317.5,317.5,
359,THYROGLOBULIN QUANTITATIVE,169.5,169.5,
360,THYROID ANTIBODIES,106.5,106.5,
361,THYROID STIMULATING HORMONE,189.5,189.5,
362,THYROXINE,116,116,
363,THYROXINE FREE,120.5,120.5,
364,TISSUE EXAM KOH OVA,94.5,94.5,
365,TOPIRAMATE,166.5,166.5,
366,TRANSFERRIN,162,162,
367,TRANSFUSE BLOOD/COMPONENT 4 HR,1409.5,1409.5,
368,TRAY CATH FOLEY SILVER,144.5,144.5,
369,TRAY CENT LINE 3L 7FRX15CM,671,671,
370,TRAY PICC 4FR SL,846.5,846.5,
371,TRAY THORACENTESIS,326.5,326.5,
372,TROCAR CHEST TUBE,111.5,111.5,
373,TROPONIN I,135,135,
374,UA AUTO W/MICRO,82,82,
375,URIC ACID BLOOD,119.5,119.5,
376,URINALYSIS WITHOUT MICROSCO,65,65,
377,URINE CULT BACT COLONY CNT,75,75,
378,URINE CULT W/PRESUMPT IDISOL,173,173,
379,URINE PREGNANCY TEST,114,114,
380,URINEMETER W/CATH FOLEY SILVER,142.5,142.5,
381,US ABD PARACENTESIS W GUIDE,1204.5,1204.5,
382,US ABDOMEN,2117,2117,
383,US ABDOMEN LIMITED,1282,1282,
384,US AORTA DIAGNOSTIC,771.5,771.5,
385,US AORTA SCREENING,480,480,
386,US BREAST UNILAT COMPLETE LT,884.5,884.5,
387,US BREAST UNILAT LIMITED LT,662,662,
388,US CHEST LT,436,436,
389,US DUPLEX VENOUS EXTREM BILAT,1926.5,1926.5,
390,US DUPLEX VENOUS EXTREM UNI LT,798,798,
391,US EXTREMITY NONVASC COMP RT,679,679,
392,US EXTREMITY NONVASC LIMIT LT,520.5,520.5,
393,US GUIDANCE NEEDLE PLACEMEN,854,854,
394,US GUIDANCE VASCULAR ACCESS,348,348,
395,US PELVIS NON OB,1690,1690,
396,US PELVIS NON OB LIMITED,411.5,411.5,
397,US PREGNANCY LIMITED,796,796,
398,US PREGNANCY TRANSVAGINAL,906,906,
399,US RENAL COMPLETE,857,857,
400,US SCROTUM,1644.5,1644.5,
401,US SOFT TISSUE HEAD/NECK,1191.5,1191.5,
402,US THORACENTESIS W GUIDE RT,1570,1570,
403,US TRANSVAGINAL,1334,1334,
404,VALPROIC ACID,155.5,155.5,
405,VANCOMYCIN TROUGH,214,214,
406,VENIPUNCTURE,23,23,
407,VENTILATOR INITIAL DAILY,1551.5,1551.5,
408,VENTILATOR SUBSEQUENT DAILY,938,938,
409,VIRUS ISOLATIOIN BY NONIMMUNO,204,204,
410,VITAMIN B12,220.5,220.5,
411,VITAMIN D3 25-OH HYDROXY,481,481,
412,WBC COUNT AUTO,42.5,42.5,
413,WET PREP YEAS TRIC CLUE CEL,92.5,92.5,
414,XR ABDOMEN AP ONLY (KUB),740.5,740.5,
415,XR ABDOMEN AP/DECUB OR ERECT,885.5,885.5,
416,XR ABDOMEN AP/DECUB/ERECT/C,781,781,
417,XR ANKLE 2 VIEWS RT,440,440,
418,XR ANKLE COMPLETE 3+ VIEWS RT,510.5,510.5,
419,XR BONE AGE STUDIES,429,429,
420,XR BONE DENSITY STUDY AXIAL,741,741,
421,XR BONE SURVEY COMPLETE,859,859,
422,XR CALCANEUS 2+ VIEWS RT,435.5,435.5,
423,XR CHEST 1 VIEW,201,201,
424,XR CHEST 2 VIEWS,368,368,
425,XR CLAVICLE COMPLETE RT,653.5,653.5,
426,XR C-SPINE 2 OR 3 VIEWS,800,800,
427,XR C-SPINE 4 OR 5 VIEWS,985.5,985.5,
428,XR ELBOW 2 VIEWS LT,435.5,435.5,
429,XR ELBOW COMPLETE 3+ VIEWS RT,510.5,510.5,
430,XR ESOPHAGUS,998.5,998.5,
431,XR FACIAL BONES < 3 VIEWS,462,462,
432,XR FACIAL BONES COMPLETE 3+,737,737,
433,XR FEMUR 1 VW RT,357,357,
434,XR FEMUR 2 VW LT,373,373,
435,XR FINGER LEFT HAND 2ND DIGIT,680,680,
436,XR FLUORO GUID CVA PLC/REM,322.5,322.5,
437,XR FOOT 2 VIEWS LT,568.5,568.5,
438,XR FOOT COMPLETE 3+ VIEWS RT,648.5,648.5,
439,XR FOREARM 2 VIEWS RT,425.5,425.5,
440,XR HAND COMPLETE 3+ VIEWS RT,900,900,
441,XR HAND LIMITED 2 VIEWS LT,429,429,
442,XR HIP BILAT [& PELVIS IF PERFORMED] 2 VW,483,483,
443,XR HIP BILAT [& PELVIS IF PERFORMED] 3 OR 4 VW,681,681,
444,XR HIP BILAT [& PELVIS IF PERFORMED] 5+ VW,817,817,
445,XR HIP UNI [& PELVIS IF PERFORMED] 2 OR 3 VW LT,325,325,
446,XR HIP UNI [& PELVIS IF PERFORMED] 4+ VW RT,664,664,
447,XR HUMERUS 2+ VIEWS LT,594,594,
448,XR KNEE <3 VIEWS RT,722,722,
449,XR KNEE COMPLETE 4+ VIEWS RT,902.5,902.5,
450,XR L-SPINE 2 OR 3 VIEWS,733.5,733.5,
451,XR L-SPINE 4 OR 5  VIEWS,1018,1018,
452,XR MANDIBLE < 4 VIEWS,393,393,
453,XR MANDIBLE COMPLETE 4+ VIE,558,558,
454,XR MASTOIDS COMP 3+ VIEWS,429,429,
455,XR NASAL BONES COMPLETE 3+,486,486,
456,XR NECK SOFT TISSUE,616.5,616.5,
457,XR PELVIS 1 OR 2 VIEWS,650.5,650.5,
458,XR RIBS BILAT 3+ VIEWS,519,519,
459,XR RIBS BILAT W/CHEST 4+ VI,1090,1090,
460,XR RIBS UNILAT 2 VIEWS LT,491,491,
461,XR RIBS UNILAT W/CHEST 3+ V RT,806,806,
462,XR SACRUM/COCCYX 2+ VIEWS,440,440,
463,XR SCAPULA COMPLETE RT,713,713,
464,XR SHOULDER 1 VIEW LT,486,486,
465,XR SHOULDER COMPL 2+ VIEWS RT,632,632,
466,XR SI JOINTS < 3 VIEWS,429,429,
467,XR SINUSES COMPLETE 3+ VIEW,798.5,798.5,
468,XR SKULL < 4 VIEWS,692.5,692.5,
469,XR SKULL COMPLETE 4+ VIEWS,712.5,712.5,
470,XR SM BOWEL,629.5,629.5,
471,XR SPINE ENTIRE T-L 1 VW,499,499,
472,XR SPINE ENTIRE T-L 2 OR 3 VW,801.5,801.5,
473,XR SPINE ENTIRE T-L 4 OR 5 VW,1306,1306,
474,XR STERNUM 2+ VIEWS,642.5,642.5,
475,XR SWALLOWING FUNCTION,449,449,
476,XR TIBIA/FIBULA 2 VIEWS RT,568.5,568.5,
477,XR T-L SPINE JUNCTION 2 VIEWS,679,679,
478,XR TOE RIGHT FOOT GREAT,427.5,427.5,
479,XR T-SPINE 2 VIEWS,690,690,
480,XR T-SPINE 3 VIEWS,722.5,722.5,
481,XR UGI W/AIR CONTRAST W/KUB,1671,1671,
482,XR UGI W/KUB,1324,1324,
483,XR UGI W/SM BOWEL,1826,1826,
484,XR WRIST 2 VIEWS RT,387.5,387.5,
485,XR WRIST COMPLETE 3+ VIEWS LT,951,951,
486,ONDANSETRON HCL 4 MG/5 ML ORAL SOLUTION,16,16,*
487,ACETAMINOPHEN 325 MG TABLET,0,0,*
488,ACETAMINOPHEN 500 MG TABLET,0,0,*
489,ACETAMINOPHEN 120 MG RECTAL SUPPOSITORY,3,3,*
490,LAMOTRIGINE 25 MG TABLET,3,3,*
491,ACETAMINOPHEN 650 MG RECTAL SUPPOSITORY,3,3,*
492,ACETAZOLAMIDE 250 MG TABLET,3.5,3.5,*
493,ACETAZOLAMIDE 500 MG SOLUTION FOR INJECTION,265.5,265.5,*
494,ACETYLCYSTEINE 200 MG/ML (20 %) SOLUTION,95,95,*
495,ALBUTEROL SULFATE 2.5 MG/3 ML (0.083 %) SOLUTION FOR NEBULIZATION,5,5,*
496,ROCURONIUM 10 MG/ML INTRAVENOUS SOLUTION,79.5,79.5,*
497,ALLOPURINOL 100 MG TABLET,5,5,*
498,"PANTOPRAZOLE 40 MG TABLET,DELAYED RELEASE",3,3,*
499,MEGESTROL 10 MG PO TAB,3,3,*
500,ALPRAZOLAM 0.5 MG TABLET,5,5,*
501,LISINOPRIL 20 MG TABLET,3,3,*
502,MAGNESIUM HYDROXIDE 400 MG/5 ML ORAL SUSPENSION,0,0,*
503,PROCHLORPERAZINE EDISYLATE 10 MG/2 ML (5 MG/ML) INJECTION SOLUTION,173.5,173.5,*
504,AMILORIDE 5 MG TABLET,3,3,*
505,AMITRIPTYLINE 10 MG TABLET,3,3,*
506,AMITRIPTYLINE 25 MG TABLET,3,3,*
507,AMOXICILLIN 250 MG CAPSULE,3,3,*
508,AMOXICILLIN 500 MG CAPSULE,3,3,*
509,AMOXICILLIN 250 MG/5 ML ORAL SUSPENSION,5,5,*
510,"WATER FOR INJECTION, STERILE INJECTION SOLUTION",7.5,7.5,*
511,AMPICILLIN 1 GRAM SOLUTION FOR INJECTION,28.5,28.5,*
512,AMPICILLIN 2 GRAM SOLUTION FOR INJECTION,38,38,*
513,AMPICILLIN 500 MG SOLUTION FOR INJECTION,12,12,*
514,MISOPROSTOL 200 MCG TABLET,3,3,*
515,ASCORBIC ACID (VITAMIN C) 500 MG TABLET,3,3,*
516,ASPIRIN 81 MG CHEWABLE TABLET,0,0,*
517,ASPIRIN 325 MG TABLET,0,0,*
518,ASPIRIN 300 MG RECTAL SUPPOSITORY,3,3,*
519,RABIES IMMUNE GLOBULIN (PF) 150 UNIT/ML INTRAMUSCULAR SOLUTION,1812,1812,*
520,ATENOLOL 25 MG TABLET,3,3,*
521,ATENOLOL 50 MG TABLET,3,3,*
522,ATROPINE 0.1 MG/ML INJECTION SYRINGE,116.5,116.5,*
523,ATROPINE 0.4 MG/ML INJECTION SOLUTION,47.5,47.5,*
524,FENOFIBRATE NANOCRYSTALLIZED 48 MG TABLET,3,3,*
525,ATROPINE 1 % EYE DROPS,301.5,301.5,*
526,VITAMIN B COMPLEX TABLET,3,3,*
527,TAMSULOSIN 0.4 MG CAPSULE,3,3,*
528,LINEZOLID 600 MG TABLET,124.5,124.5,*
529,BACITRACIN 500 UNIT/GRAM TOPICAL OINTMENT,21.5,21.5,*
530,CLINDAMYCIN 600 MG IN D5W LOADABLE MIXTURE,60,60,*
531,LEVETIRACETAM 250 MG TABLET,3,3,*
532,FENOFIBRATE NANOCRYSTALLIZED 145 MG TABLET,4.5,4.5,*
533,"BACITRACIN-POLYMYXIN B 500 UNIT-10,000 UNIT/GRAM EYE OINTMENT",111.5,111.5,*
534,BACLOFEN 10 MG TABLET,3,3,*
535,LEVETIRACETAM 500 MG/5 ML INTRAVENOUS SOLUTION,28.5,28.5,*
536,BENZONATATE 100 MG CAPSULE,3,3,*
537,BENZTROPINE 1 MG TABLET,3,3,*
538,ZINC SULFATE 220 MG (50 MG) CAPSULE,3,3,*
539,CONJUGATED ESTROGENS 0.3 MG TABLET,7.5,7.5,*
540,BETHANECHOL CHLORIDE 25 MG TABLET,3,3,*
541,BISACODYL 10 MG RECTAL SUPPOSITORY,3,3,*
542,ROPINIROLE 0.25 MG TABLET,3,3,*
543,NAFCILLIN 1 G/100 ML IN NS LOADABLE MIXTURE,132.5,132.5,*
544,"CYCLIC TPN,WRITE TAPERING ORDERS IN COMMENTS",0,0,*
545,CALCITONIN (SALMON) 200 UNIT/ACTUATION NASAL SPRAY,46,46,*
546,CALCIUM GLUCONATE 100 MG/ML (10 %) INTRAVENOUS SOLUTION,66,66,*
547,CARBAMAZEPINE 100 MG CHEWABLE TABLET,3,3,*
548,CARBAMAZEPINE 200 MG TABLET,3,3,*
549,CARBAMIDE PEROXIDE 6.5 % EAR DROPS,3,3,*
550,CARISOPRODOL 350 MG TABLET,3,3,*
551,CEFAZOLIN 1 GRAM SOLUTION FOR INJECTION,20.5,20.5,*
552,MICAFUNGIN 50 MG INTRAVENOUS SOLUTION,52.5,52.5,*
553,CEFEPIME 1 G/50 ML NS (LOADABLE MIXTURE),105,105,*
554,CHLORDIAZEPOXIDE 25 MG CAPSULE,3,3,*
555,CHLORDIAZEPOXIDE 5 MG CAPSULE,3,3,*
556,NATEGLINIDE 60 MG TABLET,3,3,*
557,GADOBENATE DIMEGLUMINE 529 MG/ML(0.1 MMOL/0.2 ML) INTRAVENOUS SOLUTION,82,82,*
558,METHYLPREDNISOLONE 1000 MG/100 ML NS LOADABLE MIXTURE,255.5,255.5,*
559,PIPERACILLIN-TAZOBACTAM 3.375 GRAM INTRAVENOUS SOLUTION,96.5,96.5,*
560,CHLORPROMAZINE 10 MG TABLET,3.5,3.5,*
561,PIPERACILLIN/TAZOBACTAM 2.25 GM IVPB D5W LOADABLE MIXTURE,104,104,*
562,"RANOLAZINE ER 500 MG TABLET,EXTENDED RELEASE,12 HR",9,9,*
563,SITAGLIPTIN 50 MG TABLET,7.5,7.5,*
564,"CARBAMAZEPINE ER 200 MG TABLET,EXTENDED RELEASE,12 HR",3,3,*
565,PSYLLIUM HUSK (ASPARTAME) 3.4 GRAM ORAL POWDER PACKET,3,3,*
566,CLINDAMYCIN HCL 150 MG CAPSULE,3,3,*
567,CLINDAMYCIN 150 MG/ML INJECTION SOLUTION,56.5,56.5,*
568,CLONIDINE HCL 0.1 MG TABLET,3,3,*
569,COLESEVELAM 625 MG TABLET,5,5,*
570,CLOTRIMAZOLE 1 % TOPICAL CREAM,3,3,*
571,LORATADINE 10 MG TABLET,3,3,*
572,METHYLERGONOVINE 0.2 MG/ML (1 ML) INJECTION SOLUTION,45.5,45.5,*
573,COLCHICINE 0.6 MG TABLET,85,85,*
574,ONDANSETRON HCL (PF) 4 MG/2 ML INJECTION SOLUTION,10,10,*
575,WHITE PETROLATUM-MINERAL OIL 83 %-15 % EYE OINTMENT,29.5,29.5,*
576,"CYANOCOBALAMIN (VIT B-12) 1,000 MCG/ML INJECTION SOLUTION",22,22,*
577,CYCLOBENZAPRINE 10 MG TABLET,3,3,*
578,CYCLOPENTOLATE 1 % EYE DROPS,64.5,64.5,*
579,BETAMETHASONE ACETATE AND SODIUM PHOS 6 MG/ML SUSPENSION FOR INJECTION,98.5,98.5,*
580,TRIAMCINOLONE ACETONIDE 40 MG/ML SUSPENSION FOR INJECTION,120,120,*
581,ALBUTEROL SULFATE HFA 90 MCG/ACTUATION AEROSOL INHALER,134,134,*
582,AMLODIPINE 2.5 MG TABLET,3,3,*
583,AZTREONAM 2 GRAM SOLUTION FOR INJECTION,542,542,*
584,DEXAMETHASONE 4 MG TABLET,3,3,*
585,DEXAMETHASONE 4 MG/ML INJECTION SOLUTION,7.5,7.5,*
586,MORPHINE 30 MG PER 30 ML PCA (COMFORT CARE OPIOID NAIVE) ,12,12,*
587,PIPERACILLIN-TAZOBACTAM 4.5 GRAM INTRAVENOUS SOLUTION,105,105,*
588,DEXTROSE 25 % IN WATER (D25W) INTRAVENOUS SYRINGE,97.5,97.5,*
589,DEXTROSE 5 % IN WATER (D5W) INTRAVENOUS SOLUTION,28.5,28.5,*
590,DEXTROSE 50 % IN WATER (D50W) INTRAVENOUS SYRINGE,15.5,15.5,*
591,FLUTICASONE 200 MCG-VILANTEROL 25 MCG/DOSE POWDER FOR INHALATION,221,221,*
592,DIAZEPAM 2 MG TABLET,3,3,*
593,DIAZEPAM 5 MG TABLET,3,3,*
594,DICLOXACILLIN 250 MG CAPSULE,3,3,*
595,DICYCLOMINE 10 MG/ML INTRAMUSCULAR SOLUTION,372,372,*
596,DICYCLOMINE 10 MG CAPSULE,3,3,*
597,CISATRACURIUM CONCENTRATE 10 MG/ML (ICU USE ONLY) INTRAVENOUS SOLUTION,1166,1166,*
598,DIGOXIN 250 MCG/ML INJECTION SOLUTION,244.5,244.5,*
599,DIGOXIN 125 MCG TABLET,3,3,*
600,DIGOXIN 250 MCG TABLET,3,3,*
601,DILTIAZEM 30 MG TABLET,3,3,*
602,"OMEPRAZOLE 20 MG CAPSULE,DELAYED RELEASE",3,3,*
603,CEFEPIME 2 G/50 ML NS (LOADABLE MIXTURE),166.5,166.5,*
604,DIPHENHYDRAMINE 50 MG/ML INJECTION SOLUTION,9,9,*
605,MESALAMINE 400 MG CAPSULE (WITH DELAYED RELEASE TABLETS INSIDE),45.5,45.5,*
606,DIPHENHYDRAMINE 12.5 MG/5 ML ORAL ELIXIR,5,5,*
607,DIPHENHYDRAMINE 25 MG TABLET,3,3,*
608,CLINDAMYCIN 600 MG/50 ML IN 5 % DEXTROSE INTRAVENOUS PIGGYBACK,90,90,*
609,DIPHENOXYLATE-ATROPINE 2.5 MG-0.025 MG TABLET,3,3,*
610,DIPYRIDAMOLE 25 MG TABLET,3,3,*
611,AZITHROMYCIN 500MG IN 250ML NS LOADABLE MIXTURE,90.5,90.5,*
612,DISOPYRAMIDE PHOSPHATE 150 MG CAPSULE,3,3,*
613,OSELTAMIVIR 75 MG CAPSULE,25,25,*
614,DOCUSATE SODIUM 100 MG CAPSULE,3,3,*
615,DOCUSATE SODIUM 50 MG/5 ML ORAL LIQUID,1,1,*
616,DOPAMINE 400 MG/5 ML (80 MG/ML) INTRAVENOUS SOLUTION,61.5,61.5,*
617,DOXEPIN 10 MG CAPSULE,3,3,*
618,DOXEPIN 25 MG CAPSULE,3,3,*
619,DOXYCYCLINE HYCLATE 100 MG INTRAVENOUS POWDER FOR SOLUTION,197,197,*
620,DOXYCYCLINE HYCLATE 100 MG CAPSULE,3,3,*
621,NICOTINE (POLACRILEX) 2 MG BUCCAL MINI LOZENGE,5,5,*
622,EPHEDRINE SULFATE 50 MG/ML INJECTION SOLUTION,132.5,132.5,*
623,EPINEPHRINE 0.1 MG/ML INJECTION SYRINGE,50.5,50.5,*
624,EPINEPHRINE 1 MG/ML INJECTION SOLUTION,28.5,28.5,*
625,ERYTHROMYCIN 5 MG/GRAM (0.5 %) EYE OINTMENT,63,63,*
626,DILTIAZEM 125 MG/125 ML NS (LOADABLE MIXTURE),53.5,53.5,*
627,"MVI,ADULT NO.4 WITH VIT K 3300 UNIT-150 MCG/10 ML INTRAVENOUS SOLUTION",52.5,52.5,*
628,CROTALIDAE POLYVAL IMMUNE FAB SOLUTION FOR INJECTION,12090,12090,*
629,IPRATROPIUM 20 MCG-ALBUTEROL 100 MCG/ACTUATION MIST FOR INHALATION,506.5,506.5,*
630,FERROUS SULFATE 325 MG (65 MG IRON) TABLET,3,3,*
631,FLUOCINONIDE 0.05 % TOPICAL CREAM,25.5,25.5,*
632,SWFI DILUENT FOR ALTEPLASE,0,0,*
633,"POLYMYXIN B SULFATE 10,000 UNIT-TRIMETHOPRIM 1 MG/ML EYE DROPS",28,28,*
634,FOLIC ACID 5 MG/ML INJECTION SOLUTION,299.5,299.5,*
635,FOLIC ACID 1 MG TABLET,3,3,*
636,FUROSEMIDE 10 MG/ML INJECTION SOLUTION,20.5,20.5,*
637,FUROSEMIDE 40 MG/5 ML (8 MG/ML) ORAL SOLUTION,5,5,*
638,FUROSEMIDE 20 MG TABLET,3,3,*
639,FUROSEMIDE 40 MG TABLET,3,3,*
640,GEMFIBROZIL 600 MG TABLET,3,3,*
641,GENTAMICIN 40 MG/ML INJECTION SOLUTION,9.5,9.5,*
642,GENTAMICIN 0.3 % (3 MG/GRAM) EYE OINTMENT,128.5,128.5,*
643,GENTAMICIN 0.3 % EYE DROPS,48.5,48.5,*
644,GLYBURIDE 5 MG TABLET,3,3,*
645,GLYCERIN (CHILD) RECTAL SUPPOSITORY,16.5,16.5,*
646,NITROFURANTOIN MACROCRYSTAL 50 MG CAPSULE,3,3,*
647,GLYCOPYRROLATE 0.2 MG/ML INJECTION SOLUTION,81.5,81.5,*
648,GUAIFENESIN 100 MG/5 ML ORAL LIQUID,3,3,*
649,OXCARBAZEPINE 300 MG TABLET,3,3,*
650,HALOPERIDOL 1 MG TABLET,3,3,*
651,HALOPERIDOL 5 MG TABLET,3,3,*
652,HALOPERIDOL LACTATE 5 MG/ML INJECTION SOLUTION,10,10,*
653,HYDRALAZINE 20 MG/ML INJECTION SOLUTION,34.5,34.5,*
654,HYDRALAZINE 10 MG TABLET,3,3,*
655,HYDRALAZINE 25 MG TABLET,3,3,*
656,RAMIPRIL 2.5 MG CAPSULE,3,3,*
657,HYDROCHLOROTHIAZIDE 25 MG TABLET,3,3,*
658,INSULIN REGULAR IV TREATMENT KIT,3,3,*
659,SILVER NITRATE APPLICATORS 75 %-25 % TOPICAL STICK,55,55,*
660,HYDROCORTISONE 1 % TOPICAL CREAM,15.5,15.5,*
661,DEXTROSE 5 % AND LACTATED RINGERS INTRAVENOUS SOLUTION,19.5,19.5,*
662,LIDOCAINE 4 % TOPICAL PATCH,16.5,16.5,*
663,HYDROCODONE 5 MG-ACETAMINOPHEN 325 MG TABLET,5,5,*
664,HYDROCORTISONE ACETATE 25 MG RECTAL SUPPOSITORY,9,9,*
665,HYDROMORPHONE 2 MG TABLET,5,5,*
666,HYDROXYZINE HCL 50 MG/ML INTRAMUSCULAR SOLUTION,59,59,*
667,HYDROXYZINE HCL 10 MG TABLET,3,3,*
668,HYDROXYZINE HCL 25 MG TABLET,3,3,*
669,HYDROXYZINE PAMOATE 25 MG CAPSULE,3,3,*
670,OLANZAPINE 2.5 MG TABLET,3,3,*
671,IBUPROFEN 400 MG TABLET,3,3,*
672,IBUPROFEN 600 MG TABLET,3,3,*
673,PHENYTOIN SODIUM EXTENDED 100 MG CAPSULE,3,3,*
674,PEG 3350-ELECTROLYTES 236 GRAM-22.74 GRAM-6.74 GRAM-5.86 GRAM SOLUTION,18,18,*
675,CEFTRIAXONE 2 GRAM SOLUTION FOR INJECTION,80,80,*
676,INDAPAMIDE 2.5 MG TABLET,3,3,*
677,INDOMETHACIN 25 MG CAPSULE,5,5,*
678,CEFTRIAXONE (ROCEPHIN) 1 G IN 50 ML NS LOADABLE MIXTURE,72,72,*
679,ISONIAZID 300 MG TABLET,3,3,*
680,ISOPROTERENOL 0.2 MG/ML INJECTION SOLUTION,10741,10741,*
681,ISOSORBIDE DINITRATE 10 MG TABLET,3,3,*
682,PIPERACILLIN/TAZOBACTAM 3.375 GM IVPB D5W LOADABLE MIXTURE,139,139,*
683,KETAMINE 50 MG/ML INJECTION SOLUTION,4,4,*
684,TETANUS AND DIPHTHERIA TOX (PF) 5 LF UNIT-2 LF UNIT/0.5 ML IM SUSP,157,157,*
685,MAGNESIUM SULFATE 2 GRAM/50 ML (4 %) IN WATER INTRAVENOUS PIGGYBACK,205.5,205.5,*
686,LACTATED RINGERS INTRAVENOUS SOLUTION,42.5,42.5,*
687,LACTATED RINGERS IRRIGATION SOLUTION,5,5,*
688,LEVOTHYROXINE 100 MCG INTRAVENOUS SOLUTION,830.5,830.5,*
689,FLUORESCEIN 1 MG EYE STRIPS,5,5,*
690,LEVOTHYROXINE 25 MCG TABLET,3,3,*
691,CEFAZOLIN 1 G/50 ML D5W (LOADABLE MIXTURE),63,63,*
692,NAFCILLIN 2 G/100 ML IN D5W LOADABLE MIXTURE,187,187,*
693,LEVOTHYROXINE 100 MCG TABLET,3,3,*
694,VANCOMYCIN 1 G IN 250 ML D5W LOADABLE MIXTURE,75,75,*
695,"BARIUM SULFATE 2.1 % (W/V), 2.0 % (W/W) ORAL SUSPENSION",0,0,*
696,LIDOCAINE 2 % MUCOSAL JELLY IN APPLICATOR,9.5,9.5,*
697,LIDOCAINE 4 % (40 MG/ML) MUCOSAL SOLUTION,78.5,78.5,*
698,LOSARTAN 25 MG TABLET,3,3,*
699,DIGOXIN IMMUNE FAB 40 MG INTRAVENOUS SOLUTION,12003,12003,*
700,CLOPIDOGREL 75 MG TABLET,3,3,*
701,LIDOCAINE (PF) 40 MG/ML (4 %) INJECTION SOLUTION,48,48,*
702,LITHIUM CARBONATE 150 MG CAPSULE,3,3,*
703,TETANUS IMMUNE GLOBULIN (PF) 250 UNIT INTRAMUSCULAR SYRINGE,2839.5,2839.5,*
704,BENZOIN-ALOE VERA-STORAX-TOLU BALSAM 10 %-2 %-8 %-4 % TOPICAL TINCTURE,3,3,*
705,LOPERAMIDE 2 MG CAPSULE,3,3,*
706,LOPERAMIDE 1 MG/5 ML ORAL LIQUID,0.5,0.5,*
707,LORAZEPAM 0.5 MG TABLET,5,5,*
708,LORAZEPAM 1 MG TABLET,5,5,*
709,CEFTRIAXONE (ROCEPHIN) 2 G IN 50 ML NS LOADABLE MIXTURE,122.5,122.5,*
710,"LORATADINE 5 MG-PSEUDOEPHEDRINE ER 120 MG TABLET,EXTENDED RELEASE,12HR",3,3,*
711,MAGNESIUM CITRATE ORAL SOLUTION,3,3,*
712,MAGNESIUM SULFATE 4 MEQ/ML (50 %) INJECTION SOLUTION,5.5,5.5,*
713,MANNITOL 20 % INTRAVENOUS SOLUTION,159.5,159.5,*
714,MANNITOL 25 % INTRAVENOUS SOLUTION,22.5,22.5,*
715,MEDROXYPROGESTERONE 2.5 MG TABLET,3,3,*
716,MEGESTROL 40 MG TABLET,3,3,*
717,PAROXETINE 10 MG TABLET,3,3,*
718,METHADONE 10 MG TABLET,5,5,*
719,METHADONE 5 MG TABLET,5,5,*
720,METHAZOLAMIDE 50 MG TABLET,5.5,5.5,*
721,METHOCARBAMOL 500 MG TABLET,3,3,*
722,METHOTREXATE SODIUM 2.5 MG TABLET,5,5,*
723,METHYLDOPA 250 MG TABLET,3,3,*
724,METHYLENE BLUE (ANTIDOTE) 1 % (10 MG/ML) INTRAVENOUS SOLUTION,205,205,*
725,METHYLPREDNISOLONE 4 MG TABLET,11.5,11.5,*
726,METHYLPREDNISOLONE ACETATE 80 MG/ML SUSPENSION FOR INJECTION,137,137,*
727,METOCLOPRAMIDE 5 MG/ML INJECTION SOLUTION,11,11,*
728,METOCLOPRAMIDE 5 MG/5 ML ORAL SOLUTION,1,1,*
729,METOCLOPRAMIDE 10 MG TABLET,3,3,*
730,LEVOFLOXACIN 750 MG TABLET,3,3,*
731,METOPROLOL TARTRATE 5 MG/5 ML INTRAVENOUS SOLUTION,10,10,*
732,METOPROLOL TARTRATE 50 MG TABLET,3,3,*
733,METRONIDAZOLE 250 MG TABLET,3,3,*
734,METRONIDAZOLE 500 MG/100 ML-SODIUM CHLORIDE(ISO) INTRAVENOUS PIGGYBACK,13,13,*
735,MICONAZOLE NITRATE 2 % TOPICAL CREAM,3,3,*
736,MICONAZOLE NITRATE 2 % VAGINAL CREAM,6,6,*
737,MINERAL OIL ORAL,1,1,*
738,MINERAL OIL ENEMA,24.5,24.5,*
739,CEFTRIAXONE (ROCEPHIN) 500 MG IN 50 ML NS LOADABLE MIXTURE,68.5,68.5,*
740,TERBINAFINE HCL 250 MG TABLET,3,3,*
741,MINOXIDIL 2.5 MG TABLET,3,3,*
742,MORPHINE 2 MG/ML INTRAVENOUS SYRINGE,24.5,24.5,*
743,MORPHINE 10 MG/5 ML ORAL SOLUTION,16,16,*
744,MORPHINE 15 MG IMMEDIATE RELEASE TABLET,5.5,5.5,*
745,CEFTRIAXONE(ROCEPHIN) 2G IN 50 ML D5W LOADABLE MIXTURE,165,165,*
746,NADOLOL 20 MG TABLET,3,3,*
747,NAFCILLIN 1 GRAM SOLUTION FOR INJECTION,90,90,*
748,NALBUPHINE 10 MG/ML INJECTION SOLUTION,44.5,44.5,*
749,NALOXONE 0.4 MG/ML INJECTION SOLUTION,165.5,165.5,*
750,SALMETEROL 50 MCG/DOSE BLISTER POWDER FOR INHALATION,352,352,*
751,NAPROXEN 250 MG TABLET,5,5,*
752,NEOMYCIN 500 MG TABLET,3,3,*
753,NEOSTIGMINE METHYLSULFATE 1 MG/ML INTRAVENOUS SOLUTION,100,100,*
754,"NIACIN ER 500 MG TABLET,EXTENDED RELEASE 24 HR",4,4,*
755,NIFEDIPINE 10 MG CAPSULE,3,3,*
756,CIPROFLOXACIN 200 MG/100 ML IN 5 % DEXTROSE INTRAVENOUS PIGGYBACK,11,11,*
757,NITROGLYCERIN 50 MG/10 ML (5 MG/ML) INTRAVENOUS SOLUTION,28.5,28.5,*
758,"NITROGLYCERIN ER 2.5 MG CAPSULE,EXTENDED RELEASE",3,3,*
759,"NITROGLYCERIN ER 6.5 MG CAPSULE,EXTENDED RELEASE",3,3,*
760,NITROGLYCERIN 0.4 MG SUBLINGUAL TABLET,0,0,*
761,NORTRIPTYLINE 10 MG CAPSULE,3,3,*
762,NORTRIPTYLINE 25 MG CAPSULE,3,3,*
763,"NYSTATIN 100,000 UNIT/GRAM TOPICAL CREAM",13.5,13.5,*
764,CEFTRIAXONE (ROCEPHIN) 1 G IN 50 ML D5W LOADABLE MIXTURE,72,72,*
765,"NYSTATIN 100,000 UNIT/ML ORAL SUSPENSION",95,95,*
766,PRALIDOXIME 1 GRAM SOLUTION FOR INJECTION,810,810,*
767,"NYSTATIN-TRIAMCINOLONE 100,000 UNIT/G-0.1 % TOPICAL CREAM",109.5,109.5,*
768,CEFTRIAXONE 500 MG SOLUTION FOR INJECTION,26,26,*
769,ORPHENADRINE CITRATE 30 MG/ML INJECTION SOLUTION,119.5,119.5,*
770,OXYBUTYNIN CHLORIDE 5 MG TABLET,3,3,*
771,OXYCODONE-ACETAMINOPHEN 5 MG-325 MG TABLET,5,5,*
772,OXYMETAZOLINE 0.05 % NASAL SPRAY,3,3,*
773,OXYTOCIN 10 UNIT/ML INJECTION SOLUTION,9.5,9.5,*
774,AMPICILLIN-SULBACTAM 3 GRAM SOLUTION FOR INJECTION,39,39,*
775,PENICILLIN G POTASSIUM 5 MILLION UNIT SOLUTION FOR INJECTION,83.5,83.5,*
776,PENICILLIN V POTASSIUM 250 MG/5 ML ORAL SOLUTION,1,1,*
777,PENICILLIN V POTASSIUM 250 MG TABLET,3,3,*
778,PERPHENAZINE 2 MG TABLET,16.5,16.5,*
779,PHENAZOPYRIDINE 100 MG TABLET,3,3,*
780,HYDROMORPHONE 1 MG/ML INJECTION SYRINGE,28,28,*
781,PATIENT HAS A HOME MED(S) FOR USE IN THE HOSPITAL,0,0,*
782,PHENOBARBITAL 32.4 MG TABLET,5,5,*
783,HOLD METFORMIN (GLUCOPHAGE) MESSAGE - PATIENT HAS RECEIVED CONTRAST,0,0,*
784,PHENOBARBITAL SODIUM 65 MG/ML INJECTION SOLUTION,141.5,141.5,*
785,PHENYLEPHRINE 10 MG/ML INJECTION SOLUTION,61.5,61.5,*
786,SOD BICARB-CITRIC AC-SIMETH 2.21 GRAM-1.53 GRAM/4 GRAM GRANULES EFFERV,0,0,*
787,PHENYTOIN SODIUM 50 MG/ML INTRAVENOUS SOLUTION,15,15,*
788,NITROGLYCERIN 25 MG/250 ML (100 MCG/ML) IN 5 % DEXTROSE  INTRAVENOUS,112.5,112.5,*
789,INSULIN PROTOCOL: DECISION TREE,0,0,*
790,POTASSIUM CHLORIDE 10 MEQ/100ML IN STERILE WATER INTRAVENOUS PIGGYBACK,31.5,31.5,*
791,POTASSIUM CHLORIDE 20 MEQ/15 ML ORAL LIQUID,21.5,21.5,*
792,VALPROIC ACID (AS SODIUM SALT) 250 MG/5 ML (5 ML) ORAL SOLUTION,3,3,*
793,POTASSIUM PHOSPHATES-MBASIC AND DIBASIC 3 MMOL/ML INTRAVENOUS SOLUTION,9,9,*
794,MUPIROCIN 2 % TOPICAL CREAM,502,502,*
795,PRAZOSIN 1 MG CAPSULE,3,3,*
796,GLUCAGON (HUMAN RECOMBINANT) 1 MG/ML SOLUTION FOR INJECTION,992,992,*
797,PRAZOSIN 5 MG CAPSULE,3,3,*
798,"PREDNISOLONE ACETATE 1 % EYE DROPS,SUSPENSION",398,398,*
799,"OXYBUTYNIN CHLORIDE ER 5 MG TABLET,EXTENDED RELEASE 24 HR",3.5,3.5,*
800,PRAMIPEXOLE 0.25 MG TABLET,3,3,*
801,PREDNISONE 1 MG TABLET,5,5,*
802,PREDNISONE 20 MG TABLET,5,5,*
803,PREDNISONE 5 MG TABLET,5,5,*
804,ALUMINUM-MAG HYDROXIDE-SIMETHICONE 200 MG-200 MG-20 MG/5 ML ORAL SUSP,3,3,*
805,HYDROCODONE 10 MG-ACETAMINOPHEN 325 MG TABLET,6,6,*
806,LACTULOSE 20 GRAM/30 ML ORAL SOLUTION,10,10,*
807,PROCHLORPERAZINE MALEATE 10 MG TABLET,3,3,*
808,PROMETHAZINE 25 MG/ML INJECTION SOLUTION,11,11,*
809,PROMETHAZINE 6.25 MG/5 ML SYRUP,3,3,*
810,PROMETHAZINE 25 MG TABLET,3,3,*
811,LIDOCAINE 2 % MUCOSAL SOLUTION,3,3,*
812,ACARBOSE 50 MG TABLET,3,3,*
813,MAGIC MOUTHWASH W/ NYSTATIN 120 ML,11,11,*
814,EPINEPHRINE HCL (PF) 1 MG/ML (1 ML) INJECTION SOLUTION,123,123,*
815,PROPRANOLOL 20 MG TABLET,3,3,*
816,ENTACAPONE 200 MG TABLET,5.5,5.5,*
817,PROPYLTHIOURACIL 50 MG TABLET,3,3,*
818,PROTAMINE 10 MG/ML INTRAVENOUS SOLUTION,105.5,105.5,*
819,"THROMBIN (BOVINE) 5,000 UNIT TOPICAL SOLUTION",528.5,528.5,*
820,PYRAZINAMIDE 500 MG TABLET,4,4,*
821,TUBE FEEDING (ADULT),0,0,*
822,PYRIDOXINE (VITAMIN B6) 50 MG TABLET,3,3,*
823,FAMOTIDINE (PF) 20 MG/2 ML INTRAVENOUS SOLUTION,10.5,10.5,*
824,BUDESONIDE 0.5 MG/2 ML SUSPENSION FOR NEBULIZATION,60.5,60.5,*
825,RALOXIFENE 60 MG TABLET,11,11,*
826,MAGNESIUM SULFATE 1 GRAM/100 ML IN DEXTROSE 5 % INTRAVENOUS PIGGYBACK,61,61,*
827,SILVER SULFADIAZINE 1 % TOPICAL CREAM,408,408,*
828,SIMETHICONE 80 MG CHEWABLE TABLET,3,3,*
829,"SIMETHICONE 40 MG/0.6 ML ORAL DROPS,SUSPENSION",3,3,*
830,SODIUM CHLORIDE 1 GRAM TABLET,3,3,*
831,PANTOPRAZOLE 40 MG INTRAVENOUS SOLUTION,59.5,59.5,*
832,CLOPIDOGREL 300 MG TABLET,25,25,*
833,IPRATROPIUM BROMIDE 17 MCG/ACTUATION HFA AEROSOL INHALER,585.5,585.5,*
834,NITROGLYCERIN 2 % TRANSDERMAL OINTMENT,4,4,*
835,SODIUM CHLORIDE 0.45 % INTRAVENOUS SOLUTION,42.5,42.5,*
836,SODIUM CHLORIDE 0.9 % INJECTION SOLUTION,10.5,10.5,*
837,BENZOIN COMPOUND 100 % TOPICAL SWAB,21,21,*
838,NAFCILLIN 2 G/100ML IN NS LOADABLE MIXTURE,204.5,204.5,*
839,SODIUM CHLORIDE 0.9 % FOR NEBULIZATION,5,5,*
840,ZIPRASIDONE 20 MG/ML (FINAL CONCENTRATION) INTRAMUSCULAR SOLUTION,421,421,*
841,SODIUM PHOSPHATE 3 MMOL/ML INTRAVENOUS SOLUTION,112,112,*
842,"ERYTHROMYCIN 250 MG TABLET,DELAYED RELEASE",11,11,*
843,FOSPHENYTOIN 500 MG PE/10 ML INJECTION SOLUTION,294.5,294.5,*
844,SORBITOL 70 % SOLUTION,3,3,*
845,AMLODIPINE 5 MG TABLET,3,3,*
846,SPIRONOLACTONE 25 MG TABLET,3,3,*
847,"WATER FOR IRRIGATION, STERILE SOLUTION",17,17,*
848,MONTELUKAST 10 MG TABLET,3,3,*
849,SUCCINYLCHOLINE CHLORIDE 20 MG/ML INJECTION SOLUTION,25.5,25.5,*
850,SULFAMETHOXAZOLE 800 MG-TRIMETHOPRIM 160 MG TABLET,3,3,*
851,SULFAMETHOXAZOLE 400 MG-TRIMETHOPRIM 80 MG/5 ML INTRAVENOUS SOLUTION,127.5,127.5,*
852,CLINDAMYCIN 300 MG/50 ML IN 5 % DEXTROSE INTRAVENOUS PIGGYBACK,59.5,59.5,*
853,ACTIVATED CHARCOAL 25 GRAM ORAL SUSPENSION,27,27,*
854,FLUTICASONE 100 MCG-VILANTEROL 25 MCG/DOSE POWDER FOR INHALATION,221,221,*
855,DOBUTAMINE 250 MG/250 ML (1 MG/ML) IN 5 % DEXTROSE INTRAVENOUS,75,75,*
856,ZINC OXIDE-COD LIVER OIL 40 % TOPICAL PASTE,6.5,6.5,*
857,UMECLIDINIUM 62.5 MCG/ACTUATION BLISTER POWDER FOR INHALATION,96.5,96.5,*
858,CLONIDINE 0.3 MG/24 HR WEEKLY TRANSDERMAL PATCH,75,75,*
859,TAMOXIFEN 10 MG TABLET,3,3,*
860,TEMAZEPAM 15 MG CAPSULE,3,3,*
861,HYDROCODONE 7.5 MG-ACETAMINOPHEN 325 MG/15 ML ORAL SOLUTION,29.5,29.5,*
862,TETRACAINE HCL (PF) 0.5 % EYE DROPS,59,59,*
863,REGULAR INSULIN 100UNITS IN 100ML NS LOADABLE MIXTURE,49.5,49.5,*
864,MULTIVITAMIN WITH FOLIC ACID 400 MCG TABLET,3,3,*
865,ZOLPIDEM 5 MG TABLET,3,3,*
866,THIAMINE MONONITRATE (VITAMIN B1) 100 MG TABLET,5,5,*
867,COCAINE 4 % TOPICAL SOLUTION,1590,1590,*
868,"METOPROLOL SUCCINATE ER 25 MG TABLET,EXTENDED RELEASE 24 HR",3,3,*
869,"ERGOCALCIFEROL (VITAMIN D2) 50,000 UNIT CAPSULE",3,3,*
870,"POTASSIUM, SODIUM PHOSPHATES 280 MG-160 MG-250 MG ORAL POWDER PACKET",3,3,*
871,GELATIN ABSORBABLE 12 MM-7 MM TOPICAL SPONGE,58.5,58.5,*
872,CEFTRIAXONE 1 GRAM SOLUTION FOR INJECTION,29.5,29.5,*
873,TOBRAMYCIN 40 MG/ML INJECTION SOLUTION,22,22,*
874,TOBRAMYCIN 0.3 % EYE DROPS,50,50,*
875,INSULIN PROTOCOL: HYPOGLYCEMIA ,5,5,*
876,INSULIN PROTOCOL : CORRECTIVE COVERAGE,0,0,*
877,TRAZODONE 50 MG TABLET,3,3,*
878,AZTREONAM 1 GRAM SOLUTION FOR INJECTION,332.5,332.5,*
879,TRIAMCINOLONE ACETONIDE 0.1 % TOPICAL CREAM,11,11,*
880,NOREPINEPHRINE BITARTRATE 4 MG/250 ML (16 MCG/ML) IN DEXTROSE 5 % IV,120,120,*
881,FERROUS SULFATE 220 MG (44 MG IRON)/5 ML ORAL ELIXIR,0.5,0.5,*
882,CAFFEINE 200 MG TABLET,3,3,*
883,ALTEPLASE (ACTIVASE) BOLUS FROM BAG,0,0,*
884,PHENYTOIN 100 MG/4 ML ORAL SUSPENSION,3,3,*
885,VALPROIC ACID 250 MG CAPSULE,3,3,*
886,"VANCOMYCIN 1,000 MG INTRAVENOUS INJECTION",55,55,*
887,LEVOFLOXACIN 500 MG TABLET,3,3,*
888,VASOPRESSIN 20 UNIT/ML INTRAVENOUS SOLUTION,916.5,916.5,*
889,VERAPAMIL 2.5 MG/ML INTRAVENOUS SOLUTION,310,310,*
890,IDARUCIZUMAB 2.5 GRAM/50 ML INTRAVENOUS SOLUTION,8706.5,8706.5,*
891,ZOLPIDEM 10 MG TABLET,5,5,*
892,VERAPAMIL 80 MG TABLET,3,3,*
893,"VITAMIN E (DL, ACETATE) 400 UNIT CAPSULE",3,3,*
894,SCOPOLAMINE 1 MG OVER 3 DAYS TRANSDERMAL PATCH,37,37,*
895,WARFARIN 2 MG TABLET,3,3,*
896,WARFARIN 2.5 MG TABLET,3,3,*
897,WARFARIN 5 MG TABLET,3,3,*
898,WARFARIN 7.5 MG TABLET,3,3,*
899,ACETAMINOPHEN 650 MG/20.3 ML ORAL SOLUTION,0,0,*
900,HEPATITIS B VIRUS VACCINE RECOMB (PF) 5 MCG/0.5 ML INTRAMUSCULAR SUSP,66.5,66.5,*
901,ACEBUTOLOL 200 MG CAPSULE,3,3,*
902,BUTALBITAL-ACETAMINOPHEN-CAFFEINE 50 MG-325 MG-40 MG TABLET,3,3,*
903,"RHO(D) IMMUNE GLOBULIN 1,500 UNIT (300 MCG)/2 ML INJECTION SYRINGE",755,755,*
904,ACYCLOVIR 200 MG CAPSULE,3,3,*
905,PIOGLITAZONE 30 MG TABLET,3,3,*
906,ACYCLOVIR 800 MG TABLET,3,3,*
907,ADENOSINE 3 MG/ML INTRAVENOUS SOLUTION,39.5,39.5,*
908,"ALBUMIN, HUMAN 25 % INTRAVENOUS SOLUTION",360.5,360.5,*
909,"ALBUMIN, HUMAN 5 % INTRAVENOUS SOLUTION",410.5,410.5,*
910,LIDOCAINE (PF) 5 MG/ML (0.5 %) INJECTION SOLUTION,54.5,54.5,*
911,AMIODARONE 50 MG/ML INTRAVENOUS SOLUTION,43,43,*
912,AMIODARONE 200 MG TABLET,3,3,*
913,CELECOXIB 100 MG CAPSULE,10,10,*
914,PIPERACILLIN-TAZOBACTAM 2.25 GRAM INTRAVENOUS SOLUTION,61.5,61.5,*
915,NURSING MAR MESSAGE,0,0,*
916,ONDANSETRON 4 MG DISINTEGRATING TABLET,3,3,*
917,SUMATRIPTAN 6 MG/0.5 ML SUBCUTANEOUS SOLUTION,17,17,*
918,TOPIRAMATE 100 MG TABLET,3,3,*
919,BUMETANIDE 0.25 MG/ML INJECTION SOLUTION,25.5,25.5,*
920,BUMETANIDE 1 MG TABLET,3,3,*
921,CONJUGATED ESTROGENS 0.625 MG/GRAM VAGINAL CREAM,645.5,645.5,*
922,"DIVALPROEX 125 MG CAPSULE,DELAYED RELEASE SPRINKLE",3,3,*
923,PENICILLIN G 5 MILLION UNITS/D5W 100 ML (LOADABLE MIXTURE),126,126,*
924,BUSPIRONE 5 MG TABLET,3,3,*
925,OLANZAPINE 5 MG TABLET,3,3,*
926,RISPERIDONE 1 MG TABLET,3,3,*
927,CALCIUM CARBONATE 200 MG CALCIUM (500 MG) CHEWABLE TABLET,3,3,*
928,CAPTOPRIL 12.5 MG TABLET,3,3,*
929,CAPTOPRIL 25 MG TABLET,3,3,*
930,CARBIDOPA 10 MG-LEVODOPA 100 MG TABLET,3,3,*
931,CARBIDOPA 25 MG-LEVODOPA 100 MG TABLET,3,3,*
932,CARBIDOPA 25 MG-LEVODOPA 250 MG TABLET,3,3,*
933,ALTEPLASE 2 MG INTRA-CATHETER SOLUTION,978,978,*
934,INFUSION ADVERSE REACTIONS GUIDELINES (ADULT),0,0,*
935,LIDOCAINE (PF) 4 MG/ML (0.4 %) IN 5 % DEXTROSE INTRAVENOUS SOLUTION,73.5,73.5,*
936,ALTEPLASE 100 MG INTRAVENOUS SOLUTION,18017.5,18017.5,*
937,CEFTRIAXONE 250 MG SOLUTION FOR INJECTION,17.5,17.5,*
938,CHOLECALCIFEROL (VITAMIN D3) 400 UNIT TABLET,3,3,*
939,ACYCLOVIR (ZOVIRAX) 500 MG IN 100 ML NS LOADABLE MIXTURE,61,61,*
940,CEFUROXIME AXETIL 250 MG TABLET,3,3,*
941,VANCOMYCIN 2000 MG IN 500 ML NS LOADABLE MIXTURE ,126.5,126.5,*
942,CEPHALEXIN 250 MG CAPSULE,3,3,*
943,CEPHALEXIN 500 MG CAPSULE,3,3,*
944,CEPHALEXIN 250 MG/5 ML ORAL SUSPENSION,25,25,*
945,LIDOCAINE 5 % TOPICAL OINTMENT,841,841,*
946,VARENICLINE 0.5 MG TABLET,9.5,9.5,*
947,DOXYCYCLINE 100 MG/250 ML NS LOADABLE MIXTURE,239.5,239.5,*
948,CIPROFLOXACIN 0.3 % EYE DROPS,5.5,5.5,*
949,FERROUS FUM 110 MG IRON-B12-INT.FACTOR-VIT C-FOLIC ACID 0.5 MG CAPSULE,3,3,*
950,PHENYTOIN SODIUM EXTENDED 30 MG CAPSULE,3,3,*
951,LAMOTRIGINE 100 MG TABLET,3,3,*
952,HEPARIN PROTOCOL FOR ACUTE CORONARY SYNDROME,0,0,*
953,ZIPRASIDONE 20 MG CAPSULE,6,6,*
954,DESFLURANE 100 % INHALATION LIQUID,0,0,*
955,BRIMONIDINE 0.15 % EYE DROPS,777,777,*
956,CLONAZEPAM 0.5 MG TABLET,3,3,*
957,CLONAZEPAM 1 MG TABLET,3,3,*
958,CLOTRIMAZOLE 10 MG TROCHE,3,3,*
959,CODEINE 10 MG-GUAIFENESIN 100 MG/5 ML ORAL LIQUID,6,6,*
960,HYDROCODONE 7.5 MG-ACETAMINOPHEN 325 MG TABLET,5,5,*
961,PNEUMOCOCCAL 23 POLYVALENT VACCINE 25 MCG/0.5 ML INJECTION SOLUTION,189.5,189.5,*
962,DEFEROXAMINE 500 MG SOLUTION FOR INJECTION,105.5,105.5,*
963,BUPIVACAINE (PF) 0.25 % (2.5 MG/ML) INJECTION SOLUTION,18,18,*
964,RISPERIDONE 0.5 MG TABLET,3,3,*
965,DILTIAZEM 5 MG/ML INTRAVENOUS SOLUTION,31.5,31.5,*
966,DOBUTAMINE 250 MG/20 ML (12.5 MG/ML) INTRAVENOUS SOLUTION,63,63,*
967,INSULIN PROTOCOL: ENDOTOOL-DIRECTED HYPOGLYCEMIA MANAGEMENT,0,0,*
968,DOXAZOSIN 2 MG TABLET,3,3,*
969,ENALAPRIL MALEATE 10 MG TABLET,3,3,*
970,ENALAPRIL MALEATE 2.5 MG TABLET,3,3,*
971,CALCIUM POLYCARBOPHIL 625 MG TABLET,3,3,*
972,ENALAPRILAT 1.25 MG/ML INTRAVENOUS SOLUTION,16.5,16.5,*
973,ESMOLOL 100 MG/10 ML (10 MG/ML) INTRAVENOUS SOLUTION,4.5,4.5,*
974,ESTRADIOL 1 MG TABLET,3,3,*
975,ETHAMBUTOL 400 MG TABLET,3,3,*
976,INSULIN PROTOCOL : CONTINUOUS INFUSION,0,0,*
977,BARIUM SULFATE 96 % (W/W) ORAL POWDER FOR SUSPENSION,0,0,*
978,FAMOTIDINE 20 MG TABLET,3,3,*
979,FINASTERIDE 5 MG TABLET,3,3,*
980,FLECAINIDE 100 MG TABLET,3,3,*
981,FLUCONAZOLE 100 MG TABLET,3,3,*
982,FLUCONAZOLE 200 MG/100 ML IN SOD. CHLORIDE (ISO) INTRAVENOUS PIGGYBACK,54,54,*
983,FLUCONAZOLE 400 MG/200 ML IN SOD. CHLORIDE(ISO) INTRAVENOUS PIGGYBACK,62.5,62.5,*
984,FLUDROCORTISONE 0.1 MG TABLET,3,3,*
985,FLUMAZENIL 0.1 MG/ML INTRAVENOUS SOLUTION,133.5,133.5,*
986,FLUORESCEIN 0.25 %-BENOXINATE 0.4 % EYE DROPS,187.5,187.5,*
987,FLUOXETINE 10 MG CAPSULE,3,3,*
988,FLUOXETINE 20 MG CAPSULE,3,3,*
989,FLUVOXAMINE 50 MG TABLET,3,3,*
990,REPAGLINIDE 1 MG TABLET,3,3,*
991,GLIPIZIDE 5 MG TABLET,3,3,*
992,GLYBURIDE 2.5 MG TABLET,3,3,*
993,LACTOBACILLUS RHAMNOSUS GG 10 BILLION CELL CAPSULE,3,3,*
994,"NEOMYCIN-POLYMYXIN-DEXAMETH 3.5 MG/ML-10,000 UNIT/ML-0.1% EYE DROPS",205.5,205.5,*
995,VALACYCLOVIR 500 MG TABLET,4.5,4.5,*
996,"HEPARIN (PORCINE) 5,000 UNIT/ML INJECTION SOLUTION",15.5,15.5,*
997,CONJUGATED ESTROGENS 25 MG SOLUTION FOR INJECTION,1556,1556,*
998,SODIUM CHLORIDE 3 % INTRAVENOUS INJECTION SOLUTION,75,75,*
999,HYDROXYCHLOROQUINE 200 MG TABLET,3,3,*
1000,HYDROXYUREA 500 MG CAPSULE,3,3,*
1001,SIMVASTATIN 40 MG TABLET,3,3,*
1002,IBUPROFEN 100 MG/5 ML ORAL SUSPENSION,3,3,*
1003,ISOSORBIDE MONONITRATE 20 MG TABLET,3,3,*
1004,"NEOMYCIN-POLYMYXIN-HYDROCORT 3.5 MG-10,000 UNIT/ML-1 % EAR DROPS,SUSP",36,36,*
1005,IOHEXOL 300 MG IODINE/ML INTRAVENOUS SOLUTION,1.5,1.5,*
1006,KETOCONAZOLE 2 % TOPICAL CREAM,31.5,31.5,*
1007,PHYTONADIONE (VITAMIN K1) 5 MG TABLET,549,549,*
1008,KETOROLAC 10 MG TABLET,3,3,*
1009,AZITHROMYCIN 500 MG IN 250 ML D5W LOADABLE MIXTURE,90.5,90.5,*
1010,LABETALOL 100 MG TABLET,3,3,*
1011,VANCOMYCIN 500 MG INTRAVENOUS SOLUTION,27,27,*
1012,INSULIN NPH ISOPHANE U-100 HUMAN 100 UNIT/ML (3 ML) SUBCUTANEOUS PEN,22.5,22.5,*
1013,CIPROFLOXACIN IN 5 % DEXTROSE 200 MG/100 ML IV (MIXTURE),27,27,*
1014,LEVOTHYROXINE 88 MCG TABLET,3,3,*
1015,LEVOTHYROXINE 112 MCG TABLET,3,3,*
1016,ERTAPENEM 1 GRAM SOLUTION FOR INJECTION,815,815,*
1017,CEFDINIR 250 MG/5 ML ORAL SUSPENSION,1,1,*
1018,LISINOPRIL 5 MG TABLET,3,3,*
1019,"LITHIUM CARBONATE ER 300 MG TABLET,EXTENDED RELEASE",3,3,*
1020,OCTREOTIDE ACETATE 100 MCG/ML INJECTION SOLUTION,11.5,11.5,*
1021,LORAZEPAM 2 MG/ML INJECTION SOLUTION,18,18,*
1022,ERTAPENEM 1 G IN 50ML NS LOADABLE MIXTURE,857.5,857.5,*
1023,MAGNESIUM OXIDE 400 MG (241.3 MG MAGNESIUM) TABLET,3,3,*
1024,"OXYCODONE ER 10 MG TABLET,CRUSH RESISTANT,EXTENDED RELEASE 12 HR",35.5,35.5,*
1025,MEGESTROL 400 MG/10 ML (10 ML) ORAL SUSPENSION,4,4,*
1026,CEFEPIME 1 G/50 ML D5W (LOADABLE MIXTURE),105,105,*
1027,METFORMIN 500 MG TABLET,3,3,*
1028,METHIMAZOLE 5 MG TABLET,3,3,*
1029,METHYLPREDNISOLONE SOD SUCC (PF) 40 MG/ML SOLUTION FOR INJECTION,57.5,57.5,*
1030,METOLAZONE 2.5 MG TABLET,3,3,*
1031,BARIUM SULFATE 97 % RECTAL KIT,0,0,*
1032,VANCOMYCIN 500 MG/100 ML NS LOADABLE MIXTURE,69.5,69.5,*
1033,MIDAZOLAM (PF) 1 MG/ML INJECTION SOLUTION,25.5,25.5,*
1034,BARIUM SULFATE 700 MG TABLET,0,0,*
1035,MIDODRINE 2.5 MG TABLET,3,3,*
1036,LIDOCAINE (PF) 20 MG/ML (2 %) INJECTION SOLUTION,10.5,10.5,*
1037,PROPOFOL 10 MG/ML INTRAVENOUS EMULSION,143,143,*
1038,MUPIROCIN 2 % TOPICAL OINTMENT,112,112,*
1039,NABUMETONE 500 MG TABLET,3,3,*
1040,NITROFURANTOIN MONOHYDRATE/MACROCRYSTALS 100 MG CAPSULE,3.5,3.5,*
1041,NOREPINEPHRINE BITARTRATE 1 MG/ML INTRAVENOUS SOLUTION,252,252,*
1042,AMIODARONE 900 MG IN D5 500 ML (ADULT STANDARD CONCENTRATION)(LOADABLE MIXTURE),85.5,85.5,*
1043,"HEPARIN, PORCINE (PF) 10 UNIT/ML INTRAVENOUS SYRINGE",5,5,*
1044,PAROXETINE 20 MG TABLET,3,3,*
1045,BUPRENORPHINE 8 MG-NALOXONE 2 MG SUBLINGUAL TABLET,54,54,*
1046,PERMETHRIN 5 % TOPICAL CREAM,91.5,91.5,*
1047,PERMETHRIN 1 % TOPICAL LIQUID,112,112,*
1048,PHENTOLAMINE 5 MG INJECTION SOLUTION,388.5,388.5,*
1049,POLYSACCHARIDE IRON COMPLEX 150 MG IRON CAPSULE,3,3,*
1050,POTASSIUM CHLORIDE 20 MEQ/100ML IN STERILE WATER INTRAVENOUS PIGGYBACK,34,34,*
1051,CEFDINIR 300 MG CAPSULE,3,3,*
1052,PRAVASTATIN 20 MG TABLET,3,3,*
1053,VALSARTAN 80 MG TABLET,3,3,*
1054,PRIMIDONE 50 MG TABLET,3,3,*
1055,PROMETHAZINE 12.5 MG RECTAL SUPPOSITORY,16.5,16.5,*
1056,PROMETHAZINE 25 MG RECTAL SUPPOSITORY,12.5,12.5,*
1057,PREGABALIN 25 MG CAPSULE,74.5,74.5,*
1058,PROPAFENONE 150 MG TABLET,3,3,*
1059,MICONAZOLE 2 % BARRIER CREAM,6.5,6.5,*
1060,"NEOMYCIN 1.75 MG-POLYMYXIN 10,000 UNIT-GRAMICIDIN 0.025MG/ML EYE DROPS",500,500,*
1061,SURGICAL LUBRICANT JELLY TOPICAL,5,5,*
1062,MIDAZOLAM 5 MG/ML INJECTION SOLUTION,22,22,*
1063,THIAMINE 200 MG  IN 100 ML NS (LOADABLE MIXTURE),104,104,*
1064,RIFAMPIN 300 MG CAPSULE,3,3,*
1065,SENNOSIDES 8.6 MG TABLET,3,3,*
1066,SERTRALINE 50 MG TABLET,3,3,*
1067,SIMVASTATIN 10 MG TABLET,3,3,*
1068,PIPERACILLIN-TAZOBACTAM 4.5 G IVPB D5W LOADABLE MIXTURE,115,115,*
1069,TUBE FEEDING MODULAR,0,0,*
1070,SODIUM CHLORIDE 0.9 % IRRIGATION SOLUTION,42.5,42.5,*
1071,SOTALOL 80 MG TABLET,3,3,*
1072,SUCRALFATE 100 MG/ML ORAL SUSPENSION,10.5,10.5,*
1073,SUCRALFATE 1 GRAM TABLET,3,3,*
1074,TERBUTALINE 1 MG/ML SUBCUTANEOUS SOLUTION,22,22,*
1075,TERBUTALINE 2.5 MG TABLET,3,3,*
1076,ENOXAPARIN 30 MG/0.3 ML SUBCUTANEOUS SYRINGE,52,52,*
1077,ENOXAPARIN 60 MG/0.6 ML SUBCUTANEOUS SYRINGE,129,129,*
1078,NALOXONE 0.4 MG/10 ML (PEDS ONLY) FOR NON-RESP ARREST OPIOID REVERSAL,165.5,165.5,*
1079,TIMOLOL MALEATE 0.25 % EYE DROPS,32.5,32.5,*
1080,TIMOLOL MALEATE 0.5 % EYE DROPS,255,255,*
1081,ENOXAPARIN 80 MG/0.8 ML SUBCUTANEOUS SYRINGE,105.5,105.5,*
1082,URSODIOL 300 MG CAPSULE,7.5,7.5,*
1083,VECURONIUM BROMIDE 10 MG INTRAVENOUS SOLUTION,91,91,*
1084,WARFARIN 1 MG TABLET,3,3,*
1085,ENOXAPARIN 100 MG/ML SUBCUTANEOUS SYRINGE,131.5,131.5,*
1086,MECLIZINE 25 MG TABLET,3,3,*
1087,ELECTROLYTE-R INTRAVENOUS SOLUTION,43.5,43.5,*
1088,PREGABALIN 75 MG CAPSULE,88.5,88.5,*
1089,IPRATROPIUM BROMIDE 0.02 % SOLUTION FOR INHALATION,5,5,*
1090,ENOXAPARIN 40 MG/0.4 ML SUBCUTANEOUS SYRINGE,55.5,55.5,*
1091,TRIAMTERENE 37.5 MG-HYDROCHLOROTHIAZIDE 25 MG CAPSULE,3,3,*
1092,SIROLIMUS 1 MG TABLET,41.5,41.5,*
1093,FENTANYL 12 MCG/HR TRANSDERMAL PATCH,167.5,167.5,*
1094,"VERAPAMIL ER (SR) 120 MG TABLET,EXTENDED RELEASE",3,3,*
1095,CEFEPIME 2 G/50 ML D5W (LOADABLE MIXTURE),166.5,166.5,*
1096,"BISACODYL 5 MG TABLET,DELAYED RELEASE",3,3,*
1097,THEOPHYLLINE 400 MG/500 ML IN DEXTROSE 5 % INTRAVENOUS,38.5,38.5,*
1098,"ASPIRIN 325 MG TABLET,DELAYED RELEASE",3,3,*
1099,"THEOPHYLLINE ER 100 MG TABLET,EXTENDED RELEASE,12 HR",3,3,*
1100,"HEPARIN, PORCINE (PF) 100 UNIT/ML INTRAVENOUS SYRINGE",5,5,*
1101,ACETAMINOPHEN 300 MG-CODEINE 30 MG TABLET,5,5,*
1102,"MULTIVITAMIN,TX-MINERALS TABLET",3,3,*
1103,GENTAMICIN 100 MG/100 ML IN SODIUM CHLORIDE(ISO) INTRAVENOUS PIGGYBACK,49,49,*
1104,"ASPIRIN 81 MG TABLET,DELAYED RELEASE",3,3,*
1105,TOBRAMYCIN MESSAGE - DOSED BY PHARMACY BASED ON LEVELS,0,0,*
1106,ACETAMINOPHEN 120 MG-CODEINE 12 MG/5 ML (5 ML) ORAL SOLUTION,14.5,14.5,*
1107,LACTULOSE 10 GRAM/15 ML ORAL SOLUTION,5.5,5.5,*
1108,MAGNESIUM SULFATE 1 G IN 100 ML NS LOADABLE MIXTURE,20,20,*
1109,"AMIODARONE 150 MG/100 ML (1.5 MG/ML) IN DEXTROSE, ISO-OSMOTIC IV",206,206,*
1110,"VERAPAMIL ER (SR) 180 MG TABLET,EXTENDED RELEASE",3,3,*
1111,"INDOMETHACIN ER 75 MG CAPSULE,EXTENDED RELEASE",32,32,*
1112,TRAMADOL 50 MG TABLET,3,3,*
1113,"RABIES VACCINE,HUMAN DIPLOID (PF) 2.5 UNIT INTRAMUSCULAR SOLUTION",669.5,669.5,*
1114,INSULIN PROTOCOL: BEDTIME CORRECTIVE COVERAGE,5,5,*
1115,METFORMIN 850 MG TABLET,3,3,*
1116,VALPROATE SODIUM 500 MG/100 ML NS LOADABLE MIXTURE,57.5,57.5,*
1117,TIZANIDINE 4 MG TABLET,3,3,*
1118,APIXABAN 5 MG TABLET,11.5,11.5,*
1119,LEVETIRACETAM (KEPPRA) 500 MG/100ML NS LOADABLE MIXTURE,71,71,*
1120,POTASSIUM CHLORIDE 20 MEQ/L IN D5-0.9 % SODIUM CHLORIDE INTRAVENOUS,20,20,*
1121,POTASSIUM CHLORIDE 40 MEQ/L IN D5-0.9 % SODIUM CHLORIDE INTRAVENOUS,22.5,22.5,*
1122,CALCIUM CHLORIDE 100 MG/ML (10 %) INTRAVENOUS SYRINGE,104.5,104.5,*
1123,POTASSIUM CHLORIDE 10 MEQ/L IN DEXTROSE 5 %-0.45 % SODIUM CHLORIDE IV,15.5,15.5,*
1124,POTASSIUM CHLORIDE 20 MEQ/L IN DEXTROSE 5 %-0.2 % SODIUM CHLORIDE IV,15,15,*
1125,POTASSIUM CHLORIDE 20 MEQ/L IN DEXTROSE 5 %-0.45 % SODIUM CHLORIDE IV,15,15,*
1126,POTASSIUM CHLORIDE 30 MEQ/L IN DEXTROSE 5 %-0.45 % SODIUM CHLORIDE IV,15,15,*
1127,POTASSIUM CHLORIDE 40 MEQ/L IN DEXTROSE 5 %-0.45 % SODIUM CHLORIDE IV,15.5,15.5,*
1128,"LIDOCAINE-EPINEPHRINE 0.5 %-1:200,000 INJECTION SOLUTION",47.5,47.5,*
1129,POTASSIUM CHLORIDE 20 MEQ/L IN 5 % DEXTROSE INTRAVENOUS SOLUTION,30.5,30.5,*
1130,PROCAINAMIDE 500 MG/ML INJECTION SOLUTION,582.5,582.5,*
1131,ENOXAPARIN 120 MG/0.8 ML SUBCUTANEOUS SYRINGE,161.5,161.5,*
1132,CLINDAMYCIN IN NS 900 MG/50 ML IVPB (LOADABLE MIXTURE),212,212,*
1133,CLINDAMYCIN IN NS 600 MG/50 ML IVPB (LOADABLE MIXTURE),155.5,155.5,*
1134,GLYCERIN (ADULT) RECTAL SUPPOSITORY,3,3,*
1135,SEVOFLURANE INHALATION LIQUID,0,0,*
1136,DEXTROMETHORPHAN-GUAIFENESIN 30 MG-600 MG TABLET EXTENDED RELEASE12 HR,3,3,*
1137,ENOXAPARIN 150 MG/ML SUBCUTANEOUS SYRINGE,204,204,*
1138,"DICLOFENAC SODIUM 25 MG TABLET,DELAYED RELEASE",3,3,*
1139,GENTAMICIN 80 MG/NS 100 ML (LOADABLE MIXTURE),52,52,*
1140,SODIUM CITRATE-CITRIC ACID 500 MG-334 MG/5 ML ORAL SOLUTION,3,3,*
1141,AZITHROMYCIN 200 MG/5 ML ORAL SUSPENSION,1,1,*
1142,DEXTROMETHORPHAN-GUAIFENESIN 10 MG-100 MG/5 ML SYRUP,3,3,*
1143,"LIPASE-PROTEASE-AMYLASE 6,000-19,000-30,000 UNIT CAPSULE,DELAYED REL",3,3,*
1144,AZTREONAM (AZACTAM) 1 G IN 50 ML NS LOADABLE MIXTURE,334,334,*
1145,MORPHINE 30 MG PER 30 ML PCA(OPIOID NAIVE),12,12,*
1146,MENTHOL 0.44 %-ZINC OXIDE 20.6 % TOPICAL OINTMENT,7.5,7.5,*
1147,INSULIN PROTOCOL: DIABETIC KETOACIDOSIS,0,0,*
1148,DEXTROSE 10 % IN WATER (D10W) INTRAVENOUS SOLUTION,42.5,42.5,*
1149,QUETIAPINE 100 MG TABLET,3,3,*
1150,LINEZOLID IN 5% DEXTROSE IN WATER 600 MG/300 ML INTRAVENOUS PIGGYBACK,511,511,*
1151,LIDOCAINE 20 MG/ML (2 %) INJECTION SOLUTION,27,27,*
1152,DIAZEPAM 5 MG/ML INJECTION SYRINGE,212.5,212.5,*
1153,SODIUM BICARBONATE 4.2 % (0.5 MEQ/ML) INTRAVENOUS SYRINGE,124.5,124.5,*
1154,"LIDOCAINE 1 %-EPINEPHRINE 1:100,000 INJECTION SOLUTION",38.5,38.5,*
1155,SODIUM BICARBONATE 8.4 % (1 MEQ/ML) INTRAVENOUS SYRINGE,64.5,64.5,*
1156,SODIUM CHLORIDE 0.9 % INJECTION SYRINGE,0,0,*
1157,VANCOMYCIN 1 G/250 ML NS LOADABLE MIXTURE,97.5,97.5,*
1158,DEXTROSE 5 % IN WATER (D5W) INTRAVENOUS PIGGYBACK,24,24,*
1159,VANCOMYCIN 50 MG/ML ORAL SOLUTION,112,112,*
1160,POTASSIUM CHLORIDE 20 MEQ/L-LACTATED RINGERS-5 % DEXTROSE INTRAVENOUS,20,20,*
1161,"HEPARIN (PORCINE) 25,000 UNIT/500 ML (50 UNIT/ML) IN DEXTROSE 5 % IV",105,105,*
1162,GLIMEPIRIDE 2 MG TABLET,3,3,*
1163,MORPHINE 4 MG/ML INTRAVENOUS SYRINGE,24.5,24.5,*
1164,POTASSIUM CHLORIDE 20 MEQ/L IN 0.9 % SODIUM CHLORIDE INTRAVENOUS,18.5,18.5,*
1165,POTASSIUM CHLORIDE 40 MEQ/L IN 0.9 % SODIUM CHLORIDE INTRAVENOUS,18.5,18.5,*
1166,HEPARIN PROTOCOL FOR VTE (PE & DVT),0,0,*
1167,CARVEDILOL 3.125 MG TABLET,3,3,*
1168,"PENICILLIN G BENZATHINE 1,200,000 UNIT/2 ML INTRAMUSCULAR SYRINGE",900,900,*
1169,"PENICILLIN G BENZATHINE AND PROCAINE 1,200,000 UNIT/2 ML IM SYRINGE",752.5,752.5,*
1170,MIRTAZAPINE 15 MG TABLET,3,3,*
1171,BISOPROLOL FUMARATE 5 MG TABLET,3,3,*
1172,TORSEMIDE 20 MG TABLET,3,3,*
1173,GABAPENTIN 400 MG CAPSULE,3,3,*
1174,GABAPENTIN 300 MG CAPSULE,3,3,*
1175,GABAPENTIN 100 MG CAPSULE,3,3,*
1176,"BUPROPION HCL SR 100 MG TABLET,12 HR SUSTAINED-RELEASE",3,3,*
1177,"BUPROPION HCL SR 150 MG TABLET,12 HR SUSTAINED-RELEASE",3,3,*
1178,PRAMOXINE 1 % TOPICAL FOAM,403.5,403.5,*
1179,SODIUM NITROPRUSSIDE 25 MG/ML INTRAVENOUS SOLUTION,2776,2776,*
1180,WARFARIN 3 MG TABLET,3,3,*
1181,WARFARIN 6 MG TABLET,3,3,*
1182,"CALCIUM CARBONATE 500 MG (1,250 MG)-VITAMIN D3 200 UNIT TABLET",3,3,*
1183,AMPICILLIN-SULBACTAM 3 G/100 ML NS LOADABLE MIXTURE,117,117,*
1184,NALOXONE 0.4 MG/10 ML FOR NON-RESP ARREST OPIOID REVERSAL,165.5,165.5,*
1185,SODIUM CHLORIDE 3 % FOR NEBULIZATION,10.5,10.5,*
1186,LABETALOL 20 MG/4 ML (5 MG/ML) INTRAVENOUS SYRINGE,83.5,83.5,*
1187,INSULIN ASPART 100 UNITS/ML VIAL FOR PUMP REFILL,1,1,*
1188,ESCITALOPRAM 10 MG TABLET,3,3,*
1189,SODIUM BORATE-BORIC ACID-SODIUM CHLORIDE-WATER EYE WASH SOLN,19,19,*
1190,NICOTINE (POLACRILEX) 4 MG BUCCAL MINI LOZENGE,5,5,*
1191,ANAGRELIDE 0.5 MG CAPSULE,3,3,*
1192,ETOMIDATE 2 MG/ML INTRAVENOUS SOLUTION,74.5,74.5,*
1193,MELOXICAM 7.5 MG TABLET,3,3,*
1194,VALPROATE SODIUM 500 MG/5 ML (100 MG/ML) INTRAVENOUS SOLUTION,34.5,34.5,*
1195,"MORPHINE ER 15 MG TABLET,EXTENDED RELEASE",5,5,*
1196,"MORPHINE ER 30 MG TABLET,EXTENDED RELEASE",7,7,*
1197,AZITHROMYCIN 250 MG TABLET,3,3,*
1198,CITALOPRAM 20 MG TABLET,3,3,*
1199,AZITHROMYCIN 500 MG INTRAVENOUS SOLUTION,48,48,*
1200,"PENTOXIFYLLINE ER 400 MG TABLET,EXTENDED RELEASE",3,3,*
1201,DEXMEDETOMIDINE IN 0.9 % NS 400 MCG/100 ML BOLUS FROM BAG,0,0,*
1202,WARFARIN 4 MG TABLET,3,3,*
1203,LIDOCAINE (PF) 100 MG/5 ML (2 %) INTRAVENOUS SYRINGE,35,35,*
1204,INSULIN ASPAR PROT-INSULIN ASPART 100 UNIT/ML (70-30) SUBCUTANEOUS PEN,32.5,32.5,*
1205,AMPICILLIN 1G/50ML NS LOADABLE MIXTURE,71,71,*
1206,METAXALONE 800 MG TABLET,9,9,*
1207,KETOROLAC 30 MG/ML (1 ML) INJECTION SOLUTION,10,10,*
1208,SULFAMETHOXAZOLE 200 MG-TRIMETHOPRIM 40 MG/5 ML ORAL SUSPENSION,7,7,*
1209,EZETIMIBE 10 MG TABLET,11.5,11.5,*
1210,DUTASTERIDE 0.5 MG CAPSULE,10.5,10.5,*
1211,ACYCLOVIR SODIUM 50 MG/ML INTRAVENOUS SOLUTION,71.5,71.5,*
1212,"MAGNESIUM 70 MG (MAGNESIUM CHLORIDE) TABLET,DELAYED RELEASE",5,5,*
1213,MIDAZOLAM 10 MG/5 ML (2 MG/ML) SYRUP,107.5,107.5,*
1214,"ISOSORBIDE MONONITRATE ER 60 MG TABLET,EXTENDED RELEASE 24 HR",3,3,*
1215,GENTAMICIN MESSAGE - DOSED BY PHARMACY BASED ON LEVELS,0,0,*
1216,CALCITRIOL 0.25 MCG CAPSULE,3,3,*
1217,CILOSTAZOL 50 MG TABLET,3,3,*
1218,TOPIRAMATE 25 MG TABLET,3,3,*
1219,"ISOSORBIDE MONONITRATE ER 30 MG TABLET,EXTENDED RELEASE 24 HR",3,3,*
1220,BELLADONNA ALKALOIDS-OPIUM 16.2 MG-60 MG RECTAL SUPPOSITORY,47,47,*
1221,AMPICILLIN 2 G/100 ML NS LOADABLE MIXTURE,80.5,80.5,*
1222,CIPROFLOXACIN 250 MG TABLET,3,3,*
1223,CIPROFLOXACIN 500 MG TABLET,3,3,*
1224,CLINDAMYCIN 300 MG IN D5W LOADABLE MIXTURE,108,108,*
1225,DORZOLAMIDE 2 % EYE DROPS,156,156,*
1226,OCTREOTIDE ACETATE 500 MCG/ML INJECTION SOLUTION,26,26,*
1227,MEROPENEM 1 GRAM INTRAVENOUS SOLUTION,326.5,326.5,*
1228,ARIPIPRAZOLE 15 MG TABLET,56.5,56.5,*
1229,CEFAZOLIN 1 G/50 ML NS (LOADABLE MIXTURE),63,63,*
1230,POLYETHYLENE GLYCOL 3350 17 GRAM ORAL POWDER PACKET,3,3,*
1231,PANTOPRAZOLE INFUSION 40 MG/100 ML NS,62.5,62.5,*
1232,VITAMINS A AND D-WHITE PETROLATUM-LANOLIN TOPICAL OINTMENT,3,3,*
1233,METHYLPREDNISOLONE SOD SUCC (PF) 125 MG/2 ML SOLUTION FOR INJECTION,91.5,91.5,*
1234,MINERAL OIL,15.5,15.5,*
1235,NITROGLYCERIN 0.1 MG/HR TRANSDERMAL 24 HOUR PATCH,3,3,*
1236,NITROGLYCERIN 0.2 MG/HR TRANSDERMAL 24 HOUR PATCH,3,3,*
1237,NITROGLYCERIN 0.4 MG/HR TRANSDERMAL 24 HOUR PATCH,3,3,*
1238,"METHYLPREDNISOLONE SOD SUCC (PF) 1,000 MG/8 ML INTRAVENOUS SOLUTION",213,213,*
1239,GENTAMICIN 80 MG/100 ML IN SODIUM CHLORIDE(ISO) INTRAVENOUS PIGGYBACK,37.5,37.5,*
1240,ZONISAMIDE 100 MG CAPSULE,3,3,*
1241,SODIUM CHLORIDE 0.9 % INTRAVENOUS SOLUTION,16.5,16.5,*
1242,NICOTINE 7 MG/24 HR DAILY TRANSDERMAL PATCH,4,4,*
1243,NICOTINE 14 MG/24 HR DAILY TRANSDERMAL PATCH,3,3,*
1244,NICOTINE 21 MG/24 HR DAILY TRANSDERMAL PATCH,3,3,*
1245,NICARDIPINE 20 MG/200 ML IN SODIUM CHLORIDE(ISO) INTRAVENOUS PIGGYBACK,809.5,809.5,*
1246,FENTANYL 25 MCG/HR TRANSDERMAL PATCH,39.5,39.5,*
1247,FENTANYL 50 MCG/HR TRANSDERMAL PATCH,64,64,*
1248,FENTANYL 75 MCG/HR TRANSDERMAL PATCH,118,118,*
1249,FENTANYL 100 MCG/HR TRANSDERMAL PATCH,146,146,*
1250,POLYVINYL ALCOHOL 1.4 % EYE DROPS,4.5,4.5,*
1251,SODIUM POLYSTYRENE SULFONATE 15 GRAM/60 ML ORAL SUSPENSION,12,12,*
1252,GASTRIC RESIDUALS NURSING MESSAGE,0,0,*
1253,VANCOMYCIN 750 MG INTRAVENOUS SOLUTION,135.5,135.5,*
1254,"CARBIDOPA ER 25 MG-LEVODOPA 100 MG TABLET,EXTENDED RELEASE",3,3,*
1255,THYROID (PORK) 30 MG TABLET,3,3,*
1256,"WATER FOR INJECTION, STERILE INTRAVENOUS SOLUTION",0.5,0.5,*
1257,PPN MESSAGE - THIS PATIENT IS ON PPN/LIPIDS PER PHARMACY,0,0,*
1258,AZTREONAM (AZACTAM) 2 G IN 100 ML NS LOADABLE MIXTURE,707.5,707.5,*
1259,SODIUM BICARBONATE 1 MEQ/ML (8.4 %) INTRAVENOUS SOLUTION,122.5,122.5,*
1260,HYDROCORTISONE 2.5 % TOPICAL CREAM WITH PERINEAL APPLICATOR,50.5,50.5,*
1261,CYCLOSPORINE MODIFIED 25 MG CAPSULE,6,6,*
1262,INSULIN DETEMIR (U-100) 100 UNIT/ML (3 ML) SUBCUTANEOUS PEN,58.5,58.5,*
1263,"METFORMIN ER 500 MG TABLET,EXTENDED RELEASE 24 HR",3,3,*
1264,INSULIN ASPART U-100  100 UNIT/ML SUBCUTANEOUS PEN,32.5,32.5,*
1265,"DILTIAZEM CD 120 MG CAPSULE,EXTENDED RELEASE 24 HR",3,3,*
1266,TUBE FEEDING BOLUS (ADULT),0,0,*
1267,"DILTIAZEM CD 180 MG CAPSULE,EXTENDED RELEASE 24 HR",3,3,*
1268,"DILTIAZEM CD 240 MG CAPSULE,EXTENDED RELEASE 24 HR",3,3,*
1269,LEVOFLOXACIN 500 MG/100 ML IN 5 % DEXTROSE INTRAVENOUS PIGGYBACK,66.5,66.5,*
1270,PREDNISOLONE SODIUM PHOSPHATE 15 MG/5 ML (3 MG/ML) ORAL SOLUTION,5.5,5.5,*
1271,PROPRANOLOL 1 MG/ML INTRAVENOUS SOLUTION,28.5,28.5,*
1272,CLOTRIMAZOLE-BETAMETHASONE 1 %-0.05 % TOPICAL CREAM,28.5,28.5,*
1273,SODIUM CHLORIDE 0.65 % NASAL SPRAY AEROSOL,3,3,*
1274,LEVOFLOXACIN 750 MG/150 ML IN 5 % DEXTROSE INTRAVENOUS PIGGYBACK,80.5,80.5,*
1275,MORPHINE 30 MG PER 30 ML PCA(OPIOID TOLERANT),12,12,*
1276,OXYCODONE-ACETAMINOPHEN 10 MG-325 MG TABLET,8.5,8.5,*
1277,AMPICILLIN-SULBACTAM 1.5 GRAM SOLUTION FOR INJECTION,24.5,24.5,*
1278,AMOXICILLIN 500 MG-POTASSIUM CLAVULANATE 125 MG TABLET,3,3,*
1279,AMOXICILLIN 875 MG-POTASSIUM CLAVULANATE 125 MG TABLET,3,3,*
1280,BUPIVACAINE (PF) 0.5 % (5 MG/ML) INJECTION SOLUTION,18.5,18.5,*
1281,PANTOPRAZOLE DR 40 MG GRANULES DELAYED-RELEASE FOR SUSP IN PACKET,18.5,18.5,*
1282,PHENOL 1.4 % MUCOSAL AEROSOL SPRAY,4,4,*
1283,THIAMINE HCL (VITAMIN B1) 100 MG/ML INJECTION SOLUTION,39.5,39.5,*
1284,"POTASSIUM CHLORIDE ER 10 MEQ TABLET,EXTENDED RELEASE(PART/CRYST)",3,3,*
1285,"POTASSIUM CHLORIDE ER 20 MEQ TABLET,EXTENDED RELEASE(PART/CRYST)",3,3,*
1286,POTASSIUM CHLORIDE 20 MEQ/L IN 0.45 % SODIUM CHLORIDE INTRAVENOUS SOLN,24,24,*
1287,"THEOPHYLLINE ER 400 MG TABLET,EXTENDED RELEASE 24 HR",10.5,10.5,*
1288,HYDROXOCOBALAMIN 5 GRAM INTRAVENOUS SOLUTION,3750,3750,*
1289,PHENYLEPHRINE 0.5 % NASAL SPRAY,7,7,*
1290,METOPROLOL TARTRATE 25 MG TABLET,3,3,*
1291,"GLIPIZIDE ER 2.5 MG TABLET, EXTENDED RELEASE 24 HR",3,3,*
1292,"GLIPIZIDE ER 5 MG TABLET, EXTENDED RELEASE 24 HR",3,3,*
1293,PIPERACILLIN/TAZOBACTAM 3.375 GM IVPB NS LOADABLE MIXTURE,139,139,*
1294,"NIFEDIPINE ER 30 MG TABLET,EXTENDED RELEASE 24 HR",3,3,*
1295,"GUAIFENESIN ER 600 MG TABLET, EXTENDED RELEASE 12 HR",3,3,*
1296,PIPERACILLIN-TAZOBACTAM 4.5 G IVPB NS LOADABLE MIXTURE,147.5,147.5,*
1297,"PROPRANOLOL ER 60 MG CAPSULE,24 HR,EXTENDED RELEASE",3,3,*
1298,"PROPRANOLOL ER 80 MG CAPSULE,24 HR,EXTENDED RELEASE",3.5,3.5,*
1299,"VIT A 1,000 UNIT-C 200 MG-E 60 UNIT-LUTEIN 2 MG AND MINERALS TABLET",3,3,*
1300,FENTANYL (PF) 50 MCG/ML INJECTION SOLUTION,13.5,13.5,*
1301,"NYSTATIN 100,000 UNIT/GRAM TOPICAL POWDER",14,14,*
1302,FLUTICASONE FUROATE 200 MCG/ACTUATION BLISTER POWDER FOR INHALATION,156,156,*
1303,SENNOSIDES 8.6 MG-DOCUSATE SODIUM 50 MG TABLET,3,3,*
1304,"DIPHTH,PERTUS(ACEL)TETANUS(PF)2LF-(2.5-5-3-5MCG)-5 LF/0.5 ML IM SUSP",192.5,192.5,*
1305,BACITRACIN 500 UNIT/GRAM TOPICAL PACKET,5,5,*
1306,OXYCODONE 5 MG TABLET,5,5,*
1307,"FLUTICASONE 50 MCG/ACTUATION NASAL SPRAY,SUSPENSION",11.5,11.5,*
1308,ERYTHROMYCIN LACTOBIONATE 500 MG INTRAVENOUS SOLUTION,584,584,*
1309,"NEOMYCIN-BACITRACN ZN-POLYMYXN 3.5 MG-400 UNIT-5,000 UNIT TOP OINT PKT",5,5,*
1310,NITROPRUSSIDE 50 MG/100 ML (0.5 MG/ML) IN 0.9% SODIUM CHLORIDE IV SOLN,807.5,807.5,*
1311,ARIPIPRAZOLE 5 MG TABLET,32,32,*
1312,LOSARTAN 50 MG TABLET,3,3,*
1313,QUETIAPINE 25 MG TABLET,3,3,*
1314,INSULIN PROTOCOL: LANTUS OR LEVEMIR BASAL,0,0,*
1315,"TOLTERODINE ER 2 MG CAPSULE,EXTENDED RELEASE 24 HR",7,7,*
1316,PRAMIPEXOLE 1 MG TABLET,3,3,*
1317,EDETATE CALCIUM DISODIUM 200 MG/ML INJECTION SOLUTION,13464,13464,*
1318,RIVASTIGMINE 1.5 MG CAPSULE,3,3,*
1319,LATANOPROST 0.005 % EYE DROPS,78,78,*
1320,VANCOMYCIN MESSAGE - DOSED BY PHARMACY BASED ON LEVELS,0,0,*
1321,CHOLESTYRAMINE-ASPARTAME 4 GRAM ORAL POWDER FOR SUSP IN A PACKET,3,3,*
1322,LIDOCAINE 2 % MUCOSAL JELLY,3,3,*
1323,DIMERCAPROL 100 MG/ML INTRAMUSCULAR SOLUTION,1044,1044,*
1324,TUBERCULIN PPD 5 TUB. UNIT/0.1 ML INTRADERMAL INJECTION SOLUTION,49,49,*
1325,ANASTROZOLE 1 MG TABLET,3,3,*
1326,TICAGRELOR 90 MG TABLET,10,10,*
1327,CLINDAMYCIN IN NS 300 MG/50 ML IVPB (LOADABLE MIXTURE),108,108,*
1328,"BUPROPION HCL XL 150 MG 24 HR TABLET, EXTENDED RELEASE",3,3,*
1329,"ASPIRIN 25 MG-DIPYRIDAMOLE 200 MG CAPSULE,EXT.RELEASE 12 HR MULTIPHASE",12,12,*
1330,OXCARBAZEPINE 150 MG TABLET,3,3,*
1331,"VENLAFAXINE ER 37.5 MG CAPSULE,EXTENDED RELEASE 24 HR",3,3,*
1332,CALCIUM ACETATE 667 MG TABLET,3,3,*
1333,"VENLAFAXINE ER 75 MG CAPSULE,EXTENDED RELEASE 24 HR",3,3,*
1334,MILRINONE 1 MG/ML INTRAVENOUS SOLUTION,51,51,*
1335,AMIODARONE 150 MG IN 100 ML D5W LOADABLE MIXTURE,85.5,85.5,*
1336,LEVONORGESTREL 1.5 MG TABLET,38.5,38.5,*
1337,MEMANTINE 5 MG TABLET,10.5,10.5,*
1338,ATORVASTATIN 40 MG TABLET,3,3,*
1339,CARVEDILOL 12.5 MG TABLET,3,3,*
1340,ROPINIROLE 1 MG TABLET,3,3,*
1341,FOMEPIZOLE 1 GRAM/ML INTRAVENOUS SOLUTION,3029,3029,*
1342,IPRATROPIUM-ALBUTEROL 0.5 MG-3 MG(2.5 MG BASE)/3 ML NEBULIZATION SOLN,5,5,*
1343,DONEPEZIL 5 MG TABLET,3,3,*
1344,NAPHAZOLINE 0.025 %-PHENIRAMINE 0.3 % EYE DROPS,10.5,10.5,*
1345,PROPOFOL 10 MG/ML IV EMUL 20ML,32.5,32.5,*
1346,CEFEPIME 1 GRAM SOLUTION FOR INJECTION,62.5,62.5,*
1347,CLONIDINE 0.1 MG/24 HR WEEKLY TRANSDERMAL PATCH,32,32,*
1348,"TRANEXAMIC ACID 1,000 MG/10 ML (100 MG/ML) INTRAVENOUS SOLUTION",259.5,259.5,*
1349,LIDOCAINE 10 MG/ML (1 %) INJECTION SOLUTION,8,8,*
1350,SODIUM PHOSPHATES 19 GRAM-7 GRAM/118 ML ENEMA,3,3,*
1351,ACETYLCYSTEINE 200 MG/ML (20 %) INTRAVENOUS SOLUTION,933.5,933.5,*
1352,"DIVALPROEX 250 MG TABLET,DELAYED RELEASE",3,3,*
1353,RACEPINEPHRINE 2.25 % SOLUTION FOR NEBULIZATION,17.5,17.5,*
1354,PHYTONADIONE (VITAMIN K1) 10 MG/ML INJECTION SOLUTION,339,339,*
1355,ATORVASTATIN 10 MG TABLET,3,3,*
1356,DANTROLENE 20 MG INTRAVENOUS SOLUTION,647.5,647.5,*
1357,CLONIDINE 0.2 MG/24 HR WEEKLY TRANSDERMAL PATCH,54.5,54.5,*
1358,FLUTICASONE FUROATE 100 MCG/ACTUATION BLISTER POWDER FOR INHALATION,116.5,116.5,*
1359,"DOBUTAMINE 500 MG/250 ML (2,000 MCG/ML) IN 5 % DEXTROSE IV",153,153,*
1360,L.E.T(LIDOCAINE/EPI/TETRA) SOLUTION,22,22,*
1361,"METOPROLOL SUCCINATE ER 50 MG TABLET,EXTENDED RELEASE 24 HR",3,3,*
1362,AMPICILLIN-SULBACTAM 1.5 G/50 ML NS LOADABLE MIXTURE,67,67,*
1363,LIOTHYRONINE 25 MCG TABLET,3,3,*
1364,TENECTEPLASE 50 MG INTRAVENOUS KIT,21356,21356,*
1365,AMOXICILLIN 250 MG-POTASSIUM CLAVULANATE 62.5 MG/5 ML ORAL SUSPENSION,1,1,*
1366,INSULIN BOLUS FROM PATIENT'S OWN SQ PUMP,0,0,*
1367,GADOBUTROL 10 MMOL/10 ML (1 MMOL/ML) INTRAVENOUS SOLUTION,69,69,*
1368,VANCOMYCIN 750 MG/250 ML NS LOADABLE MIXTURE,97.5,97.5,*
1369,RIFAXIMIN 200 MG TABLET,28,28,*
1370,MEROPENEM 1 G/50 ML NS LOADABLE MIXTURE,369,369,*
1371,LEVETIRACETAM 500 MG/5 ML (5 ML) ORAL SOLUTION,6,6,*
1372,"DULOXETINE 20 MG CAPSULE,DELAYED RELEASE",3,3,*
1373,"DULOXETINE 30 MG CAPSULE,DELAYED RELEASE",4,4,*
1374,GADOBUTROL 15 MMOL/15 ML (1 MMOL/ML) INTRAVENOUS SOLUTION,69,69,*
1375,MAR MESSAGE - INSULIN U500,0,0,*
1376,CEFEPIME 2 GRAM SOLUTION FOR INJECTION,124,124,*
1377,SUMATRIPTAN 50 MG TABLET,3,3,*
1378,"ESMOLOL 2,500 MG/250 ML (10 MG/ML) IN SODIUM CHLORIDE (ISO-OSMOTIC) IV",1511.5,1511.5,*
1379,OMEGA-3 ACID ETHYL ESTERS 1 GRAM CAPSULE,3,3,*
1380,CIPROFLOXACIN 400 MG/200 ML IN 5 % DEXTROSE INTRAVENOUS PIGGYBACK,28.5,28.5,*
1381,DEXTROSE 40 % ORAL GEL,7.5,7.5,*
1382,DRONEDARONE 400 MG TABLET,14.5,14.5,*
1383,DEXAMETHASONE 0.5 MG/5 ML ORAL SOLUTION,0.5,0.5,*
1384,GADOBUTROL 7.5 MMOL/7.5 ML (1 MMOL/ML) INTRAVENOUS SOLUTION,69,69,*
1385,IRON POLYSACCH CPLX 150 MG IRON-VIT B12 25 MCG-FOLIC ACID 1 MG CAPSULE,3,3,*
1386,FERROUS GLUCONATE 324 MG (38 MG IRON) TABLET,3,3,*
1387,GLYBURIDE MICRONIZED 3 MG TABLET,3,3,*
1388,SODIUM DI- AND MONOPHOSPHATE-POTASSIUM PHOS MONOBASIC 250 MG TABLET,3,3,*
1389,MEDROXYPROGESTERONE 10 MG TABLET,3,3,*
1390,RADIOPAQUE PVC MARKERS-BARIUM SULFATE 24 MARKERS CAPSULE,1221,1221,*
1391,CALCIUM GLUCONATE 1 G/50 ML NS LOADABLE MIXTURE,108.5,108.5,*
1392,"HEPATITIS B IMMUNE GLOBULIN > 1,560 UNIT/5 ML INTRAMUSCULAR SOLUTION",3540,3540,*
1393,RALTEGRAVIR 400 MG TABLET,40.5,40.5,*
1394,EMTRICITABINE 200 MG-TENOFOVIR DISOPROXIL FUMARATE 300 MG TABLET,86.5,86.5,*
1395,PHYSOSTIGMINE 1 MG/ML INJECTION SOLUTION,139.5,139.5,*
1396,SEVELAMER CARBONATE 800 MG TABLET,66.5,66.5,*
1397,PRASUGREL 10 MG TABLET,21.5,21.5,*
1398,"DIVALPROEX ER 250 MG TABLET,EXTENDED RELEASE 24 HR",3,3,*
1399,BARIUM SULFATE 95 % ORAL SUSPENSION,0,0,*
1400,DIATRIZOATE MEGLUMINE-DIATRIZOATE SODIUM 66 %-10 % ORAL SOLUTION,1,1,*
1401,SOLIFENACIN 5 MG TABLET,15.5,15.5,*
1402,PIPERACILLIN/TAZOBACTAM 2.25 GM IVPB NS LOADABLE MIXTURE,104,104,*
1403,LIDOCAINE 4 % TOPICAL CREAM,45.5,45.5,*
1404,HYDROCODONE-HOMATROPINE 5 MG-1.5 MG/5 ML SYRUP,4.5,4.5,*
1405,CARILION CLINIC OPIOID PAIN GUIDELINES LINK,0,0,*
1406,NEBIVOLOL 5 MG TABLET,6,6,*
1407,ACETAMINOPHEN 160 MG/5 ML (5 ML) ORAL SOLUTION,0,0,*
1408,GI COCKTAIL WITH DICYCLOMINE,3,3,*
1409,NS + MVI KIT FOR RALLY PACK (1000 ML NS + 10 ML MVI),138.5,138.5,*
1410,TEMAZEPAM 7.5 MG CAPSULE,56,56,*
1411,PROCHLORPERAZINE MALEATE 5 MG TABLET,3,3,*
1412,NICOTINE (POLACRILEX) 2 MG GUM,3,3,*
1413,CYANOCOBALAMIN (VIT B-12) 500 MCG TABLET,3,3,*
1414,HYDROCORTISONE SOD SUCCINATE (PF) 100 MG/2 ML SOLUTION FOR INJECTION,109.5,109.5,*
1415,BENZOCAINE 20 % MUCOSAL SPRAY,37,37,*
1416,SULFACETAMIDE SODIUM 10 % EYE DROPS,257,257,*
1417,SODIUM BICARBONATE 650 MG TABLET,3,3,*
1418,HUM PROTHROMBIN CPLX (PCC) 4FACTOR 500 UNIT (400-620 UNIT) IV SOLUTION,23.5,23.5,*
1419,"EMPTY VIAFLEX BAG, NON-SPECIFIC VOLUME",0,0,*
1420,OSELTAMIVIR 6 MG/ML ORAL SUSPENSION,211.5,211.5,*
1421,MELATONIN 3 MG TABLET,5,5,*
1422,LABETALOL 5 MG/ML INTRAVENOUS SOLUTION,2.5,2.5,*
1423,PAMIDRONATE 90 MG/10 ML (9 MG/ML) INTRAVENOUS SOLUTION,594,594,*
1424,"BUPIVACAINE-EPINEPHRINE (PF) 0.25 %-1:200,000 INJECTION SOLUTION",34.5,34.5,*
1425,FLU VACCINE QS 2018-19(6 MOS UP)(PF)60 MCG(15 MCGX4)/0.5 ML IM SYRINGE,20,20,*
1426,ACETIC ACID 0.25 % IRRIGATION SOLUTION,42,42,*
1427,MEGESTROL 20 MG TABLET,3,3,*
1428,FLUCONAZOLE 100 MG/50 ML IN SODIUM CHLORIDE(ISO) INTRAVENOUS PIGGYBACK,63,63,*
1429,NICOTINE (POLACRILEX) 4 MG GUM,3,3,*
1430,METRONIDAZOLE 500 MG TABLET,3,3,*
1431,INSULIN LISPRO BOLUS FROM PATIENT'S OWN SQ PUMP(100 UNITS/ML),0,0,*
1432,INSULIN REGULAR 100 UNITS/ML VIAL FOR PUMP REFILL,3,3,*
1433,IODIXANOL 320 MG IODINE/ML INTRAVENOUS SOLUTION,5,5,*
1434,PATIENT HAS A HOME MED(S) STORED IN THE PHARMACY/MED ROOM,0,0,*
1435,BUPRENORPHINE 2 MG-NALOXONE 0.5 MG SUBLINGUAL TABLET,33.5,33.5,*
1436,VANCOMYCIN 1250 MG IN 250 ML NS VIAL2BAG LOADABLE,104,104,*
1437,VANCOMYCIN 1500 MG IN 250 ML NS VIAL2BAG LOADABLE,104,104,*
1438,VANCOMYCIN 1750 MG IN 500 ML NS VIAL2WBAG LOADABLE,126.5,126.5,*
1439,INSULIN SUBCUTANEOUS PUMP (PATIENT'S OWN DEVICE),0,0,*
1440,INSULIN PUMP (PT'S OWN) USING REGULAR INSULIN (100 UNITS/ML),0,0,*
1441,INSULIN REGULAR BOLUS(100 UNITS/ML) FROM PATIENT'S OWN SQ PUMP,0,0,*
1442,INSULIN PUMP (PT'S OWN) USING ASPART INSULIN (100 UNITS/ML),0,0,*
1443,INSULIN ASPART BOLUS FROM PATIENT'S OWN SQ PUMP(100 UNITS/ML),0,0,*
1444,INSULIN PUMP (PT'S OWN) USING LISPRO INSULIN (100 UNITS/ML),0,0,*
1445,"DOPAMINE 800 MG/500 ML (1,600 MCG/ML) IN 5 % DEXTROSE INTRAVENOUS SOLN",245.5,245.5,*
1446,RIFAXIMIN 550 MG TABLET,53,53,*
1447,ROCURONIUM 100 MG/10 ML (10 MG/ML) INTRAVENOUS SYRINGE,18,18,*
