"MS DRG","MS DRG - Description","Average Total Charges"
"001","001 - HEART TRANSPLANT OR IMPLANT OF HEART ASSIST SYSTEM W MCC",1224015.9575
"002","002 - HEART TRANSPLANT OR IMPLANT OF HEART ASSIST SYSTEM W/O MCC",518638.61
"003","003 - ECMO OR TRACH W MV >96 HRS OR PDX EXC FACE, MOUTH & NECK W MAJ O.",803371.771682243
"004","004 - TRACH W MV >96 HRS OR PDX EXC FACE, MOUTH & NECK W/O MAJ O.R.",553754.264705882
"005","005 - LIVER TRANSPLANT W MCC OR INTESTINAL TRANSPLANT",532730.099310345
"006","006 - LIVER TRANSPLANT W/O MCC",384745.457272727
"008","008 - SIMULTANEOUS PANCREAS/KIDNEY TRANSPLANT",348885.675
"011","011 - TRACHEOSTOMY FOR FACE, MOUTH & NECK DIAGNOSES OR LARYNGECTOMY W M",343525.165
"011","011 - TRACHEOSTOMY FOR FACE,MOUTH & NECK DIAGNOSES W MCC",337391.976153846
"012","012 - TRACHEOSTOMY FOR FACE, MOUTH & NECK DIAGNOSES OR LARYNGECTOMY W C",206875.25
"012","012 - TRACHEOSTOMY FOR FACE,MOUTH & NECK DIAGNOSES W CC",97069.85
"013","013 - TRACHEOSTOMY FOR FACE,MOUTH & NECK DIAGNOSES W/O CC/MCC",115507.75
"014","014 - ALLOGENEIC BONE MARROW TRANSPLANT",773616.098076923
"016","016 - AUTOLOGOUS BONE MARROW TRANSPLANT  W CC/MCC OR T-CELL IMMUNOTHERA",375430.8125
"016","016 - AUTOLOGOUS BONE MARROW TRANSPLANT W CC/MCC",357551.286956522
"020","020 - INTRACRANIAL VASCULAR PROCEDURES W PDX HEMORRHAGE W MCC",407243.952222222
"021","021 - INTRACRANIAL VASCULAR PROCEDURES W PDX HEMORRHAGE W CC",300973.383333333
"022","022 - INTRACRANIAL VASCULAR PROCEDURES W PDX HEMORRHAGE W/O CC/MCC",238933.125
"023","023 - CRANIOTOMY W MAJOR DEVICE IMPLANT OR ACUTE CNS PDX W MCC OR CHEMO",206792.814583333
"023","023 - CRANIOTOMY W MAJOR DEVICE IMPLANT OR ACUTE COMPLEX CNS PDX W MCC ",184977.55
"024","024 - CRANIO W MAJOR DEV IMPL/ACUTE COMPLEX CNS PDX W/O MCC",126529.288235294
"025","025 - CRANIOTOMY & ENDOVASCULAR INTRACRANIAL PROCEDURES W MCC",296508.872419355
"026","026 - CRANIOTOMY & ENDOVASCULAR INTRACRANIAL PROCEDURES W CC",148512.610851064
"027","027 - CRANIOTOMY & ENDOVASCULAR INTRACRANIAL PROCEDURES W/O CC/MCC",138288.631132075
"028","028 - SPINAL PROCEDURES W MCC",249149.440909091
"029","029 - SPINAL PROCEDURES W CC OR SPINAL NEUROSTIMULATORS",132646.740909091
"030","030 - SPINAL PROCEDURES W/O CC/MCC",76139.4227272727
"031","031 - VENTRICULAR SHUNT PROCEDURES W MCC",88574.53
"032","032 - VENTRICULAR SHUNT PROCEDURES W CC",87749.7725
"033","033 - VENTRICULAR SHUNT PROCEDURES W/O CC/MCC",73385.9204545455
"034","034 - CAROTID ARTERY STENT PROCEDURE W MCC",189734.033333333
"035","035 - CAROTID ARTERY STENT PROCEDURE W CC",128189.425
"036","036 - CAROTID ARTERY STENT PROCEDURE W/O CC/MCC",70795.8
"037","037 - EXTRACRANIAL PROCEDURES W MCC",194663.07
"038","038 - EXTRACRANIAL PROCEDURES W CC",94285.3318181818
"039","039 - EXTRACRANIAL PROCEDURES W/O CC/MCC",66242.64625
"040","040 - PERIPH/CRANIAL NERVE & OTHER NERV SYST PROC W MCC",247849.095
"041","041 - PERIPH/CRANIAL NERVE & OTHER NERV SYST PROC W CC OR PERIPH NEUROS",156950.764285714
"042","042 - PERIPH/CRANIAL NERVE & OTHER NERV SYST PROC W/O CC/MCC",96651.6142857143
"052","052 - SPINAL DISORDERS & INJURIES W CC/MCC",93229.5871428571
"053","053 - SPINAL DISORDERS & INJURIES W/O CC/MCC",57994.585
"054","054 - NERVOUS SYSTEM NEOPLASMS W MCC",49022.9505714286
"055","055 - NERVOUS SYSTEM NEOPLASMS W/O MCC",65789.1272727273
"056","056 - DEGENERATIVE NERVOUS SYSTEM DISORDERS W MCC",111535.978571429
"057","057 - DEGENERATIVE NERVOUS SYSTEM DISORDERS W/O MCC",84086.1956060606
"058","058 - MULTIPLE SCLEROSIS & CEREBELLAR ATAXIA W MCC",228394.852857143
"059","059 - MULTIPLE SCLEROSIS & CEREBELLAR ATAXIA W CC",38631.9444444444
"060","060 - MULTIPLE SCLEROSIS & CEREBELLAR ATAXIA W/O CC/MCC",48982.210625
"061","061 - ISCHEMIC STROKE, PRECEREBRAL OCCLUSION OR TRANSIENT ISCHEMIA W TH",113738.659166667
"062","062 - ISCHEMIC STROKE, PRECEREBRAL OCCLUSION OR TRANSIENT ISCHEMIA W TH",86403.38
"063","063 - ISCHEMIC STROKE, PRECEREBRAL OCCLUSION OR TRANSIENT ISCHEMIA W TH",60937.825
"064","064 - INTRACRANIAL HEMORRHAGE OR CEREBRAL INFARCTION W MCC",100572.832396694
"065","065 - INTRACRANIAL HEMORRHAGE OR CEREBRAL INFARCTION W CC OR TPA IN 24",61942.7914545455
"065","065 - INTRACRANIAL HEMORRHAGE OR CEREBRAL INFARCTION W CC OR TPA IN 24 ",58323.253
"066","066 - INTRACRANIAL HEMORRHAGE OR CEREBRAL INFARCTION W/O CC/MCC",46868.5076666667
"068","068 - NONSPECIFIC CVA & PRECEREBRAL OCCLUSION W/O INFARCT W/O MCC",46287.0633333333
"069","069 - TRANSIENT ISCHEMIA W/O THROMBOLYTIC",39248.2082857143
"070","070 - NONSPECIFIC CEREBROVASCULAR DISORDERS W MCC",81467.9107142857
"071","071 - NONSPECIFIC CEREBROVASCULAR DISORDERS W CC",58174.5858823529
"072","072 - NONSPECIFIC CEREBROVASCULAR DISORDERS W/O CC/MCC",55104.3625
"073","073 - CRANIAL & PERIPHERAL NERVE DISORDERS W MCC",55644.79
"074","074 - CRANIAL & PERIPHERAL NERVE DISORDERS W/O MCC",41592.4532608696
"075","075 - VIRAL MENINGITIS W CC/MCC",34626.725
"076","076 - VIRAL MENINGITIS W/O CC/MCC",19541.15
"077","077 - HYPERTENSIVE ENCEPHALOPATHY W MCC",98433.7875
"080","080 - NONTRAUMATIC STUPOR & COMA W MCC",60687.11
"081","081 - NONTRAUMATIC STUPOR & COMA W/O MCC",26323.45
"082","082 - TRAUMATIC STUPOR & COMA, COMA >1 HR W MCC",101491.709090909
"083","083 - TRAUMATIC STUPOR & COMA, COMA >1 HR W CC",66735.3588636364
"084","084 - TRAUMATIC STUPOR & COMA, COMA >1 HR W/O CC/MCC",46843.265
"085","085 - TRAUMATIC STUPOR & COMA, COMA <1 HR W MCC",91163.6606666667
"086","086 - TRAUMATIC STUPOR & COMA, COMA <1 HR W CC",52252.8468421053
"087","087 - TRAUMATIC STUPOR & COMA, COMA <1 HR W/O CC/MCC",33688.278125
"088","088 - CONCUSSION W MCC",94867.525
"089","089 - CONCUSSION W CC",50368.8184615385
"090","090 - CONCUSSION W/O CC/MCC",43174.71875
"091","091 - OTHER DISORDERS OF NERVOUS SYSTEM W MCC",69392.2502702703
"092","092 - OTHER DISORDERS OF NERVOUS SYSTEM W CC",54390.9727586207
"093","093 - OTHER DISORDERS OF NERVOUS SYSTEM W/O CC/MCC",34388.3376470588
"094","094 - BACTERIAL & TUBERCULOUS INFECTIONS OF NERVOUS SYSTEM W MCC",203814.2
"095","095 - BACTERIAL & TUBERCULOUS INFECTIONS OF NERVOUS SYSTEM W CC",107896.32
"096","096 - BACTERIAL & TUBERCULOUS INFECTIONS OF NERVOUS SYSTEM W/O CC/MCC",53002.4875
"097","097 - NON-BACTERIAL INFECT OF NERVOUS SYS EXC VIRAL MENINGITIS W MCC",144643.995714286
"098","098 - NON-BACTERIAL INFECT OF NERVOUS SYS EXC VIRAL MENINGITIS W CC",131599.7725
"099","099 - NON-BACTERIAL INFECT OF NERVOUS SYS EXC VIRAL MENINGITIS W/O CC/M",51373.512
"100","100 - SEIZURES W MCC",77270.0738888889
"101","101 - SEIZURES W/O MCC",49784.8124698795
"102","102 - HEADACHES W MCC",65715.7875
"103","103 - HEADACHES W/O MCC",36111.8743902439
"113","113 - ORBITAL PROCEDURES W CC/MCC",103996.275
"115","115 - EXTRAOCULAR PROCEDURES EXCEPT ORBIT",71284.8
"116","116 - INTRAOCULAR PROCEDURES W CC/MCC",46149.56
"117","117 - INTRAOCULAR PROCEDURES W/O CC/MCC",72253.7
"121","121 - ACUTE MAJOR EYE INFECTIONS W CC/MCC",40769.9875
"122","122 - ACUTE MAJOR EYE INFECTIONS W/O CC/MCC",18325.1
"123","123 - NEUROLOGICAL EYE DISORDERS",44585.0527777778
"124","124 - OTHER DISORDERS OF THE EYE W MCC",147771.17
"125","125 - OTHER DISORDERS OF THE EYE W/O MCC",35168.5315
"129","129 - MAJOR HEAD & NECK PROCEDURES W CC/MCC OR MAJOR DEVICE",173310.416666667
"130","130 - MAJOR HEAD & NECK PROCEDURES W/O CC/MCC",87578.8071428571
"131","131 - CRANIAL/FACIAL PROCEDURES W CC/MCC",130834.565
"132","132 - CRANIAL/FACIAL PROCEDURES W/O CC/MCC",87372.77
"133","133 - OTHER EAR, NOSE, MOUTH & THROAT O.R. PROCEDURES W CC/MCC",79341.8425
"134","134 - OTHER EAR, NOSE, MOUTH & THROAT O.R. PROCEDURES W/O CC/MCC",79875.8163636364
"135","135 - SINUS & MASTOID PROCEDURES W CC/MCC",69597.85
"137","137 - MOUTH PROCEDURES W CC/MCC",59740.9433333333
"138","138 - MOUTH PROCEDURES W/O CC/MCC",39782
"139","139 - SALIVARY GLAND PROCEDURES",77683.7
"146","146 - EAR, NOSE, MOUTH & THROAT MALIGNANCY W MCC",41591.4366666667
"147","147 - EAR, NOSE, MOUTH & THROAT MALIGNANCY W CC",31608.65
"148","148 - EAR, NOSE, MOUTH & THROAT MALIGNANCY W/O CC/MCC",57254.345
"149","149 - DYSEQUILIBRIUM",25113.81
"151","151 - EPISTAXIS W/O MCC",21934.3
"152","152 - OTITIS MEDIA & URI W MCC",30408.5205263158
"153","153 - OTITIS MEDIA & URI W/O MCC",20196.8218518519
"154","154 - OTHER EAR, NOSE, MOUTH & THROAT DIAGNOSES W MCC",78617.3166666667
"155","155 - OTHER EAR, NOSE, MOUTH & THROAT DIAGNOSES W CC",56752.714
"156","156 - OTHER EAR, NOSE, MOUTH & THROAT DIAGNOSES W/O CC/MCC",18591.5125
"157","157 - DENTAL & ORAL DISEASES W MCC",105632.328
"158","158 - DENTAL & ORAL DISEASES W CC",38589.4561538462
"159","159 - DENTAL & ORAL DISEASES W/O CC/MCC",26298.5428571429
"163","163 - MAJOR CHEST PROCEDURES W MCC",206219.030285714
"164","164 - MAJOR CHEST PROCEDURES W CC",101032.793442623
"165","165 - MAJOR CHEST PROCEDURES W/O CC/MCC",73557.81
"166","166 - OTHER RESP SYSTEM O.R. PROCEDURES W MCC",214353.144878049
"167","167 - OTHER RESP SYSTEM O.R. PROCEDURES W CC",75673.6768181818
"168","168 - OTHER RESP SYSTEM O.R. PROCEDURES W/O CC/MCC",72785.6576923077
"175","175 - PULMONARY EMBOLISM W MCC",61546.2504166667
"176","176 - PULMONARY EMBOLISM W/O MCC",37803.3627586207
"177","177 - RESPIRATORY INFECTIONS & INFLAMMATIONS W MCC",78516.4123423423
"178","178 - RESPIRATORY INFECTIONS & INFLAMMATIONS W CC",66190.4947368421
"179","179 - RESPIRATORY INFECTIONS & INFLAMMATIONS W/O CC/MCC",33066.96625
"180","180 - RESPIRATORY NEOPLASMS W MCC",75033.9169047619
"181","181 - RESPIRATORY NEOPLASMS W CC",38267.8864705882
"183","183 - MAJOR CHEST TRAUMA W MCC",84082.4306666667
"184","184 - MAJOR CHEST TRAUMA W CC",55478.4139130435
"185","185 - MAJOR CHEST TRAUMA W/O CC/MCC",44383.7
"186","186 - PLEURAL EFFUSION W MCC",42392.9818181818
"187","187 - PLEURAL EFFUSION W CC",39153.7214285714
"189","189 - PULMONARY EDEMA & RESPIRATORY FAILURE",50495.8302898551
"190","190 - CHRONIC OBSTRUCTIVE PULMONARY DISEASE W MCC",34952.6396808511
"191","191 - CHRONIC OBSTRUCTIVE PULMONARY DISEASE W CC",31881.3156756757
"192","192 - CHRONIC OBSTRUCTIVE PULMONARY DISEASE W/O CC/MCC",26871.690625
"193","193 - SIMPLE PNEUMONIA & PLEURISY W MCC",49750.4879545455
"194","194 - SIMPLE PNEUMONIA & PLEURISY W CC",41397.2647826087
"195","195 - SIMPLE PNEUMONIA & PLEURISY W/O CC/MCC",28487.365
"196","196 - INTERSTITIAL LUNG DISEASE W MCC",51292.6681818182
"197","197 - INTERSTITIAL LUNG DISEASE W CC",26453.675
"198","198 - INTERSTITIAL LUNG DISEASE W/O CC/MCC",31807.7833333333
"199","199 - PNEUMOTHORAX W MCC",65736.9475
"200","200 - PNEUMOTHORAX W CC",57324.0222222222
"201","201 - PNEUMOTHORAX W/O CC/MCC",21775.25
"202","202 - BRONCHITIS & ASTHMA W CC/MCC",37603.4221818182
"203","203 - BRONCHITIS & ASTHMA W/O CC/MCC",19665.0918867925
"204","204 - RESPIRATORY SIGNS & SYMPTOMS",25078.9753333333
"205","205 - OTHER RESPIRATORY SYSTEM DIAGNOSES W MCC",41532.76
"206","206 - OTHER RESPIRATORY SYSTEM DIAGNOSES W/O MCC",56926.3463157895
"207","207 - RESPIRATORY SYSTEM DIAGNOSIS W VENTILATOR SUPPORT >96 HOURS",238388.085714286
"207","207 - RESPIRATORY SYSTEM DIAGNOSIS W VENTILATOR SUPPORT >96 HOURS OR PE",227655.656428571
"208","208 - RESPIRATORY SYSTEM DIAGNOSIS W VENTILATOR SUPPORT <=96 HOURS",107770.854883721
"215","215 - OTHER HEART ASSIST SYSTEM IMPLANT",408366.147857143
"216","216 - CARDIAC VALVE & OTH MAJ CARDIOTHORACIC PROC W CARD CATH W MCC",489631.691538461
"217","217 - CARDIAC VALVE & OTH MAJ CARDIOTHORACIC PROC W CARD CATH W CC",227949.875
"219","219 - CARDIAC VALVE & OTH MAJ CARDIOTHORACIC PROC W/O CARD CATH W MCC",332374.156507937
"220","220 - CARDIAC VALVE & OTH MAJ CARDIOTHORACIC PROC W/O CARD CATH W CC",221403.507142857
"221","221 - CARDIAC VALVE & OTH MAJ CARDIOTHORACIC PROC W/O CARD CATH W/O CC/",198645.05
"222","222 - CARDIAC DEFIB IMPLANT W CARDIAC CATH W AMI/HF/SHOCK W MCC",430883.4125
"224","224 - CARDIAC DEFIB IMPLANT W CARDIAC CATH W/O AMI/HF/SHOCK W MCC",334319.026666667
"225","225 - CARDIAC DEFIB IMPLANT W CARDIAC CATH W/O AMI/HF/SHOCK W/O MCC",161283.15
"226","226 - CARDIAC DEFIBRILLATOR IMPLANT W/O CARDIAC CATH W MCC",163508.995
"227","227 - CARDIAC DEFIBRILLATOR IMPLANT W/O CARDIAC CATH W/O MCC",197534.74375
"228","228 - OTHER CARDIOTHORACIC PROCEDURES W MCC",277699.546666667
"229","229 - OTHER CARDIOTHORACIC PROCEDURES W/O MCC",159632.946428571
"231","231 - CORONARY BYPASS W PTCA W MCC",443831.7
"233","233 - CORONARY BYPASS W CARDIAC CATH W MCC",327994.72
"235","235 - CORONARY BYPASS W/O CARDIAC CATH W MCC",238654.839166667
"236","236 - CORONARY BYPASS W/O CARDIAC CATH W/O MCC",221908.53125
"239","239 - AMPUTATION FOR CIRC SYS DISORDERS EXC UPPER LIMB & TOE W MCC",199818.790625
"240","240 - AMPUTATION FOR CIRC SYS DISORDERS EXC UPPER LIMB & TOE W CC",113112.190625
"241","241 - AMPUTATION FOR CIRC SYS DISORDERS EXC UPPER LIMB & TOE W/O CC/MCC",80476.8
"242","242 - PERMANENT CARDIAC PACEMAKER IMPLANT W MCC",136901.08
"243","243 - PERMANENT CARDIAC PACEMAKER IMPLANT W CC",112970.053333333
"244","244 - PERMANENT CARDIAC PACEMAKER IMPLANT W/O CC/MCC",96933.2333333333
"245","245 - AICD GENERATOR PROCEDURES",208076.765454545
"246","246 - PERCUTANEOUS CARDIOVASCULAR PROCEDURES W DRUG-ELUTING STENT W MCC",146855.430235294
"247","247 - PERC CARDIOVASC PROC W DRUG-ELUTING STENT W/O MCC",101541.498369565
"248","248 - PERCUTANEOUS CARDIOVASCULAR PROCEDURES W NON-DRUG-ELUTING STENT W",112549.875
"249","249 - PERC CARDIOVASC PROC W NON-DRUG-ELUTING STENT W/O MCC",79844.5466666667
"250","250 - PERC CARDIOVASC PROC W/O CORONARY ARTERY STENT W MCC",105282.3
"251","251 - PERC CARDIOVASC PROC W/O CORONARY ARTERY STENT W/O MCC",98770.82
"252","252 - OTHER VASCULAR PROCEDURES W MCC",126785.114444444
"253","253 - OTHER VASCULAR PROCEDURES W CC",137420.015
"254","254 - OTHER VASCULAR PROCEDURES W/O CC/MCC",77420.4
"255","255 - UPPER LIMB & TOE AMPUTATION FOR CIRC SYSTEM DISORDERS W MCC",102985.3
"256","256 - UPPER LIMB & TOE AMPUTATION FOR CIRC SYSTEM DISORDERS W CC",76707.3
"258","258 - CARDIAC PACEMAKER DEVICE REPLACEMENT W MCC",130251.8
"259","259 - CARDIAC PACEMAKER DEVICE REPLACEMENT W/O MCC",54290.6
"260","260 - CARDIAC PACEMAKER REVISION EXCEPT DEVICE REPLACEMENT W MCC",193740.842857143
"261","261 - CARDIAC PACEMAKER REVISION EXCEPT DEVICE REPLACEMENT W CC",79292.35
"262","262 - CARDIAC PACEMAKER REVISION EXCEPT DEVICE REPLACEMENT W/O CC/MCC",91357.85
"264","264 - OTHER CIRCULATORY SYSTEM O.R. PROCEDURES",248382.751666667
"265","265 - AICD LEAD PROCEDURES",171457.0875
"266","266 - ENDOVASCULAR CARDIAC VALVE REPLACEMENT W MCC",194367.485
"267","267 - ENDOVASCULAR CARDIAC VALVE REPLACEMENT W/O MCC",155953.266470588
"268","268 - AORTIC AND HEART ASSIST PROCEDURES EXCEPT PULSATION BALLOON W MCC",196974.25
"269","269 - AORTIC AND HEART ASSIST PROCEDURES EXCEPT PULSATION BALLOON W/O M",153643.891538462
"270","270 - OTHER MAJOR CARDIOVASCULAR PROCEDURES W MCC",244553.719666667
"271","271 - OTHER MAJOR CARDIOVASCULAR PROCEDURES W CC",211808.168125
"272","272 - OTHER MAJOR CARDIOVASCULAR PROCEDURES W/O CC/MCC",71312.6
"273","273 - PERCUTANEOUS INTRACARDIAC PROCEDURES W MCC",153277.724545454
"274","274 - PERCUTANEOUS INTRACARDIAC PROCEDURES W/O MCC",112992.321395349
"280","280 - ACUTE MYOCARDIAL INFARCTION, DISCHARGED ALIVE W MCC",93169.4028828829
"281","281 - ACUTE MYOCARDIAL INFARCTION, DISCHARGED ALIVE W CC",51420.8995
"282","282 - ACUTE MYOCARDIAL INFARCTION, DISCHARGED ALIVE W/O CC/MCC",52925.2923076923
"283","283 - ACUTE MYOCARDIAL INFARCTION, EXPIRED W MCC",186689.828571429
"286","286 - CIRCULATORY DISORDERS EXCEPT AMI, W CARD CATH W MCC",112397.375945946
"287","287 - CIRCULATORY DISORDERS EXCEPT AMI, W CARD CATH W/O MCC",61156.7369918699
"288","288 - ACUTE & SUBACUTE ENDOCARDITIS W MCC",100737.15
"289","289 - ACUTE & SUBACUTE ENDOCARDITIS W CC",32804.55
"291","291 - HEART FAILURE & SHOCK W MCC",44842.0377304965
"291","291 - HEART FAILURE & SHOCK W MCC OR PERIPHERAL EXTRACORPOREAL MEMBRANE",52381.1035031847
"292","292 - HEART FAILURE & SHOCK W CC",37739.8178823529
"293","293 - HEART FAILURE & SHOCK W/O CC/MCC",22851.25625
"294","294 - DEEP VEIN THROMBOPHLEBITIS W CC/MCC",82759.15
"299","299 - PERIPHERAL VASCULAR DISORDERS W MCC",46152.022173913
"300","300 - PERIPHERAL VASCULAR DISORDERS W CC",47714.89125
"301","301 - PERIPHERAL VASCULAR DISORDERS W/O CC/MCC",34515.075
"302","302 - ATHEROSCLEROSIS W MCC",70874.89
"303","303 - ATHEROSCLEROSIS W/O MCC",29991.1214285714
"304","304 - HYPERTENSION W MCC",42795.221875
"305","305 - HYPERTENSION W/O MCC",25010.087
"306","306 - CARDIAC CONGENITAL & VALVULAR DISORDERS W MCC",48450.0833333333
"307","307 - CARDIAC CONGENITAL & VALVULAR DISORDERS W/O MCC",21853.03
"308","308 - CARDIAC ARRHYTHMIA & CONDUCTION DISORDERS W MCC",44888.0430357143
"309","309 - CARDIAC ARRHYTHMIA & CONDUCTION DISORDERS W CC",35075.6841975309
"310","310 - CARDIAC ARRHYTHMIA & CONDUCTION DISORDERS W/O CC/MCC",24978.3675510204
"311","311 - ANGINA PECTORIS",51589.15
"312","312 - SYNCOPE & COLLAPSE",37377.3484615385
"313","313 - CHEST PAIN",30813.7303030303
"314","314 - OTHER CIRCULATORY SYSTEM DIAGNOSES W MCC",115913.88171875
"315","315 - OTHER CIRCULATORY SYSTEM DIAGNOSES W CC",46402.0942857143
"316","316 - OTHER CIRCULATORY SYSTEM DIAGNOSES W/O CC/MCC",21684.4
"326","326 - STOMACH, ESOPHAGEAL & DUODENAL PROC W MCC",229682.641944444
"327","327 - STOMACH, ESOPHAGEAL & DUODENAL PROC W CC",97764.4035714286
"328","328 - STOMACH, ESOPHAGEAL & DUODENAL PROC W/O CC/MCC",74703.65625
"329","329 - MAJOR SMALL & LARGE BOWEL PROCEDURES W MCC",231044.947118644
"330","330 - MAJOR SMALL & LARGE BOWEL PROCEDURES W CC",103432.1931
"331","331 - MAJOR SMALL & LARGE BOWEL PROCEDURES W/O CC/MCC",79763.7244680851
"332","332 - RECTAL RESECTION W MCC",94986.4
"333","333 - RECTAL RESECTION W CC",103369.98
"335","335 - PERITONEAL ADHESIOLYSIS W MCC",181114.46875
"336","336 - PERITONEAL ADHESIOLYSIS W CC",113011.63
"337","337 - PERITONEAL ADHESIOLYSIS W/O CC/MCC",64737.215
"338","338 - APPENDECTOMY W COMPLICATED PRINCIPAL DIAG W MCC",66173.3333333333
"339","339 - APPENDECTOMY W COMPLICATED PRINCIPAL DIAG W CC",75231.3833333333
"340","340 - APPENDECTOMY W COMPLICATED PRINCIPAL DIAG W/O CC/MCC",51768.63
"341","341 - APPENDECTOMY W/O COMPLICATED PRINCIPAL DIAG W MCC",51277.8
"342","342 - APPENDECTOMY W/O COMPLICATED PRINCIPAL DIAG W CC",143893.945
"343","343 - APPENDECTOMY W/O COMPLICATED PRINCIPAL DIAG W/O CC/MCC",43690.19375
"345","345 - MINOR SMALL & LARGE BOWEL PROCEDURES W CC",38672.13
"346","346 - MINOR SMALL & LARGE BOWEL PROCEDURES W/O CC/MCC",27942.2333333333
"347","347 - ANAL & STOMAL PROCEDURES W MCC",166369.45
"348","348 - ANAL & STOMAL PROCEDURES W CC",54731.925
"349","349 - ANAL & STOMAL PROCEDURES W/O CC/MCC",29295.8233333333
"350","350 - INGUINAL & FEMORAL HERNIA PROCEDURES W MCC",71836.15
"351","351 - INGUINAL & FEMORAL HERNIA PROCEDURES W CC",105316.4775
"352","352 - INGUINAL & FEMORAL HERNIA PROCEDURES W/O CC/MCC",56824.8444444444
"353","353 - HERNIA PROCEDURES EXCEPT INGUINAL & FEMORAL W MCC",98185.3625
"354","354 - HERNIA PROCEDURES EXCEPT INGUINAL & FEMORAL W CC",75328.8590909091
"355","355 - HERNIA PROCEDURES EXCEPT INGUINAL & FEMORAL W/O CC/MCC",56140.6115384615
"356","356 - OTHER DIGESTIVE SYSTEM O.R. PROCEDURES W MCC",341077.7625
"357","357 - OTHER DIGESTIVE SYSTEM O.R. PROCEDURES W CC",65901.7885714286
"358","358 - OTHER DIGESTIVE SYSTEM O.R. PROCEDURES W/O CC/MCC",59837.4
"368","368 - MAJOR ESOPHAGEAL DISORDERS W MCC",60109.957
"369","369 - MAJOR ESOPHAGEAL DISORDERS W CC",31508.1666666667
"370","370 - MAJOR ESOPHAGEAL DISORDERS W/O CC/MCC",31791.6
"371","371 - MAJOR GASTROINTESTINAL DISORDERS & PERITONEAL INFECTIONS W MCC",84611.552
"372","372 - MAJOR GASTROINTESTINAL DISORDERS & PERITONEAL INFECTIONS W CC",43401.5541666667
"373","373 - MAJOR GASTROINTESTINAL DISORDERS & PERITONEAL INFECTIONS W/O CC/M",29193.8366666667
"374","374 - DIGESTIVE MALIGNANCY W MCC",58494.5352941176
"375","375 - DIGESTIVE MALIGNANCY W CC",44142.4882352941
"376","376 - DIGESTIVE MALIGNANCY W/O CC/MCC",37883.8
"377","377 - G.I. HEMORRHAGE W MCC",64490.1859183673
"378","378 - G.I. HEMORRHAGE W CC",38332.9531111111
"379","379 - G.I. HEMORRHAGE W/O CC/MCC",25294.9090909091
"380","380 - COMPLICATED PEPTIC ULCER W MCC",60527.795
"381","381 - COMPLICATED PEPTIC ULCER W CC",72814.7428571429
"382","382 - COMPLICATED PEPTIC ULCER W/O CC/MCC",31461.7
"384","384 - UNCOMPLICATED PEPTIC ULCER W/O MCC",34714.2922222222
"385","385 - INFLAMMATORY BOWEL DISEASE W MCC",57489.245625
"386","386 - INFLAMMATORY BOWEL DISEASE W CC",39104.2188888889
"387","387 - INFLAMMATORY BOWEL DISEASE W/O CC/MCC",29462.7333333333
"388","388 - G.I. OBSTRUCTION W MCC",74221.825
"389","389 - G.I. OBSTRUCTION W CC",38242.5489583333
"390","390 - G.I. OBSTRUCTION W/O CC/MCC",24387.4164516129
"391","391 - ESOPHAGITIS, GASTROENT & MISC DIGEST DISORDERS W MCC",48117.7501612903
"392","392 - ESOPHAGITIS, GASTROENT & MISC DIGEST DISORDERS W/O MCC",32501.0840740741
"393","393 - OTHER DIGESTIVE SYSTEM DIAGNOSES W MCC",59896.6014705882
"394","394 - OTHER DIGESTIVE SYSTEM DIAGNOSES W CC",37281.9666129032
"395","395 - OTHER DIGESTIVE SYSTEM DIAGNOSES W/O CC/MCC",22575.2533333333
"405","405 - PANCREAS, LIVER & SHUNT PROCEDURES W MCC",406427.359
"406","406 - PANCREAS, LIVER & SHUNT PROCEDURES W CC",198353.138571429
"407","407 - PANCREAS, LIVER & SHUNT PROCEDURES W/O CC/MCC",114215.88
"408","408 - BILIARY TRACT PROC EXCEPT ONLY CHOLECYST W OR W/O C.D.E. W MCC",165641.366666667
"409","409 - BILIARY TRACT PROC EXCEPT ONLY CHOLECYST W OR W/O C.D.E. W CC",120931.7
"414","414 - CHOLECYSTECTOMY EXCEPT BY LAPAROSCOPE W/O C.D.E. W MCC",185554.29
"415","415 - CHOLECYSTECTOMY EXCEPT BY LAPAROSCOPE W/O C.D.E. W CC",91425.875
"416","416 - CHOLECYSTECTOMY EXCEPT BY LAPAROSCOPE W/O C.D.E. W/O CC/MCC",65897.85
"417","417 - LAPAROSCOPIC CHOLECYSTECTOMY W/O C.D.E. W MCC",97831.7683333333
"418","418 - LAPAROSCOPIC CHOLECYSTECTOMY W/O C.D.E. W CC",77096.7554166667
"419","419 - LAPAROSCOPIC CHOLECYSTECTOMY W/O C.D.E. W/O CC/MCC",59834.7972
"420","420 - HEPATOBILIARY DIAGNOSTIC PROCEDURES W MCC",156426.125
"421","421 - HEPATOBILIARY DIAGNOSTIC PROCEDURES W CC",105778.3875
"422","422 - HEPATOBILIARY DIAGNOSTIC PROCEDURES W/O CC/MCC",72872.998
"423","423 - OTHER HEPATOBILIARY OR PANCREAS O.R. PROCEDURES W MCC",124460.375
"432","432 - CIRRHOSIS & ALCOHOLIC HEPATITIS W MCC",87602.3021428571
"433","433 - CIRRHOSIS & ALCOHOLIC HEPATITIS W CC",42436.2552459016
"434","434 - CIRRHOSIS & ALCOHOLIC HEPATITIS W/O CC/MCC",20906.9
"435","435 - MALIGNANCY OF HEPATOBILIARY SYSTEM OR PANCREAS W MCC",68655.7788571429
"436","436 - MALIGNANCY OF HEPATOBILIARY SYSTEM OR PANCREAS W CC",40884.9911111111
"437","437 - MALIGNANCY OF HEPATOBILIARY SYSTEM OR PANCREAS W/O CC/MCC",29945.755
"438","438 - DISORDERS OF PANCREAS EXCEPT MALIGNANCY W MCC",112648.319642857
"439","439 - DISORDERS OF PANCREAS EXCEPT MALIGNANCY W CC",33261.047
"440","440 - DISORDERS OF PANCREAS EXCEPT MALIGNANCY W/O CC/MCC",26947.8690625
"441","441 - DISORDERS OF LIVER EXCEPT MALIG,CIRR,ALC HEPA W MCC",77483.0622916667
"442","442 - DISORDERS OF LIVER EXCEPT MALIG,CIRR,ALC HEPA W CC",43980.9740983607
"443","443 - DISORDERS OF LIVER EXCEPT MALIG,CIRR,ALC HEPA W/O CC/MCC",22294.4076923077
"444","444 - DISORDERS OF THE BILIARY TRACT W MCC",81981.8346153846
"445","445 - DISORDERS OF THE BILIARY TRACT W CC",39428.9045454545
"446","446 - DISORDERS OF THE BILIARY TRACT W/O CC/MCC",34990.0147058824
"453","453 - COMBINED ANTERIOR/POSTERIOR SPINAL FUSION W MCC",336036.816
"454","454 - COMBINED ANTERIOR/POSTERIOR SPINAL FUSION W CC",156224.654285714
"455","455 - COMBINED ANTERIOR/POSTERIOR SPINAL FUSION W/O CC/MCC",153074.2875
"456","456 - SPINAL FUS EXC CERV W SPINAL CURV/MALIG/INFEC OR EXT FUS W MCC",362443.216666667
"457","457 - SPINAL FUS EXC CERV W SPINAL CURV/MALIG/INFEC OR EXT FUS W CC",196138.713333333
"458","458 - SPINAL FUS EXC CERV W SPINAL CURV/MALIG/INFEC OR EXT FUS W/O CC/M",176841.583333333
"459","459 - SPINAL FUSION EXCEPT CERVICAL W MCC",256566.891111111
"460","460 - SPINAL FUSION EXCEPT CERVICAL W/O MCC",142288.48375
"461","461 - BILATERAL OR MULTIPLE MAJOR JOINT PROCS OF LOWER EXTREMITY W MCC",453322
"462","462 - BILATERAL OR MULTIPLE MAJOR JOINT PROCS OF LOWER EXTREMITY W/O MC",89298.475
"463","463 - WND DEBRID & SKN GRFT EXC HAND, FOR MUSCULO-CONN TISS DIS W MCC",320177.825833333
"464","464 - WND DEBRID & SKN GRFT EXC HAND, FOR MUSCULO-CONN TISS DIS W CC",143858.202826087
"465","465 - WND DEBRID & SKN GRFT EXC HAND, FOR MUSCULO-CONN TISS DIS W/O CC/",82919.3166666667
"466","466 - REVISION OF HIP OR KNEE REPLACEMENT W MCC",180993.94375
"467","467 - REVISION OF HIP OR KNEE REPLACEMENT W CC",135414.136231884
"468","468 - REVISION OF HIP OR KNEE REPLACEMENT W/O CC/MCC",113672.014
"469","469 - MAJOR HIP AND KNEE JOINT REPLACEMENT OR REATTACHMENT OF LOWER EXT",137548.721666667
"470","470 - MAJOR HIP AND KNEE JOINT REPLACEMENT OR REATTACHMENT OF LOWER EXT",68540.8417275748
"471","471 - CERVICAL SPINAL FUSION W MCC",187561.949285714
"472","472 - CERVICAL SPINAL FUSION W CC",106056.835555556
"473","473 - CERVICAL SPINAL FUSION W/O CC/MCC",94580.4736111111
"474","474 - AMPUTATION FOR MUSCULOSKELETAL SYS & CONN TISSUE DIS W MCC",254207.147142857
"475","475 - AMPUTATION FOR MUSCULOSKELETAL SYS & CONN TISSUE DIS W CC",97118.9178571429
"476","476 - AMPUTATION FOR MUSCULOSKELETAL SYS & CONN TISSUE DIS W/O CC/MCC",64825.85
"477","477 - BIOPSIES OF MUSCULOSKELETAL SYSTEM & CONNECTIVE TISSUE W MCC",104793.59875
"478","478 - BIOPSIES OF MUSCULOSKELETAL SYSTEM & CONNECTIVE TISSUE W CC",68826.3486666667
"479","479 - BIOPSIES OF MUSCULOSKELETAL SYSTEM & CONNECTIVE TISSUE W/O CC/MCC",86518.395
"480","480 - HIP & FEMUR PROCEDURES EXCEPT MAJOR JOINT W MCC",154412.2275
"481","481 - HIP & FEMUR PROCEDURES EXCEPT MAJOR JOINT W CC",122959.151111111
"482","482 - HIP & FEMUR PROCEDURES EXCEPT MAJOR JOINT W/O CC/MCC",72124.9772222222
"483","483 - MAJOR JOINT/LIMB REATTACHMENT PROCEDURE OF UPPER EXTREMITIES",107548.348181818
"485","485 - KNEE PROCEDURES W PDX OF INFECTION W MCC",249548.425
"486","486 - KNEE PROCEDURES W PDX OF INFECTION W CC",81530.1666666667
"487","487 - KNEE PROCEDURES W PDX OF INFECTION W/O CC/MCC",78135.41
"488","488 - KNEE PROCEDURES W/O PDX OF INFECTION W CC/MCC",134333.133076923
"489","489 - KNEE PROCEDURES W/O PDX OF INFECTION W/O CC/MCC",76989.05
"492","492 - LOWER EXTREM & HUMER PROC EXCEPT HIP,FOOT,FEMUR W MCC",186284.2276
"493","493 - LOWER EXTREM & HUMER PROC EXCEPT HIP,FOOT,FEMUR W CC",118662.814852941
"494","494 - LOWER EXTREM & HUMER PROC EXCEPT HIP,FOOT,FEMUR W/O CC/MCC",76944.0443283582
"495","495 - LOCAL EXCISION & REMOVAL INT FIX DEVICES EXC HIP & FEMUR W MCC",128416.43
"496","496 - LOCAL EXCISION & REMOVAL INT FIX DEVICES EXC HIP & FEMUR W CC",66640.5375
"497","497 - LOCAL EXCISION & REMOVAL INT FIX DEVICES EXC HIP & FEMUR W/O CC/M",45611.225
"498","498 - LOCAL EXCISION & REMOVAL INT FIX DEVICES OF HIP & FEMUR W CC/MCC",70604.16375
"500","500 - SOFT TISSUE PROCEDURES W MCC",97640.88
"501","501 - SOFT TISSUE PROCEDURES W CC",87147.8209090909
"502","502 - SOFT TISSUE PROCEDURES W/O CC/MCC",71589.915
"503","503 - FOOT PROCEDURES W MCC",159906.8625
"504","504 - FOOT PROCEDURES W CC",123023.32
"505","505 - FOOT PROCEDURES W/O CC/MCC",72402.57
"506","506 - MAJOR THUMB OR JOINT PROCEDURES",91812.875
"508","508 - MAJOR SHOULDER OR ELBOW JOINT PROCEDURES W/O CC/MCC",50414.45
"510","510 - SHOULDER,ELBOW OR FOREARM PROC,EXC MAJOR JOINT PROC W MCC",112562.4375
"511","511 - SHOULDER,ELBOW OR FOREARM PROC,EXC MAJOR JOINT PROC W CC",117058.453571429
"512","512 - SHOULDER,ELBOW OR FOREARM PROC,EXC MAJOR JOINT PROC W/O CC/MCC",91731.582
"513","513 - HAND OR WRIST PROC, EXCEPT MAJOR THUMB OR JOINT PROC W CC/MCC",65118.354
"514","514 - HAND OR WRIST PROC, EXCEPT MAJOR THUMB OR JOINT PROC W/O CC/MCC",31967.815
"515","515 - OTHER MUSCULOSKELET SYS & CONN TISS O.R. PROC W MCC",130582.293
"516","516 - OTHER MUSCULOSKELET SYS & CONN TISS O.R. PROC W CC",108980.494666667
"517","517 - OTHER MUSCULOSKELET SYS & CONN TISS O.R. PROC W/O CC/MCC",84040.9720689655
"518","518 - BACK & NECK PROC EXC SPINAL FUSION W MCC OR DISC DEVICE/NEUROSTIM",118512.18
"519","519 - BACK & NECK PROC EXC SPINAL FUSION W CC",86063.5781818182
"520","520 - BACK & NECK PROC EXC SPINAL FUSION W/O CC/MCC",71539.7333333333
"534","534 - FRACTURES OF FEMUR W/O MCC",43820.5583333333
"535","535 - FRACTURES OF HIP & PELVIS W MCC",33505.6875
"536","536 - FRACTURES OF HIP & PELVIS W/O MCC",41134.6083333333
"539","539 - OSTEOMYELITIS W MCC",80274.5
"540","540 - OSTEOMYELITIS W CC",49402.727
"541","541 - OSTEOMYELITIS W/O CC/MCC",37618.18
"542","542 - PATHOLOGICAL FRACTURES & MUSCULOSKELET & CONN TISS MALIG W MCC",123839.192307692
"543","543 - PATHOLOGICAL FRACTURES & MUSCULOSKELET & CONN TISS MALIG W CC",72469.5686363636
"544","544 - PATHOLOGICAL FRACTURES & MUSCULOSKELET & CONN TISS MALIG W/O CC/M",45478.7166666667
"545","545 - CONNECTIVE TISSUE DISORDERS W MCC",213501.047692308
"546","546 - CONNECTIVE TISSUE DISORDERS W CC",75777.156
"547","547 - CONNECTIVE TISSUE DISORDERS W/O CC/MCC",61677
"549","549 - SEPTIC ARTHRITIS W CC",85862.5833333333
"550","550 - SEPTIC ARTHRITIS W/O CC/MCC",61079.85
"551","551 - MEDICAL BACK PROBLEMS W MCC",84794.959375
"552","552 - MEDICAL BACK PROBLEMS W/O MCC",47893.5842682927
"553","553 - BONE DISEASES & ARTHROPATHIES W MCC",44127.0625
"554","554 - BONE DISEASES & ARTHROPATHIES W/O MCC",28696.0214285714
"555","555 - SIGNS & SYMPTOMS OF MUSCULOSKELETAL SYSTEM & CONN TISSUE W MCC",46250.1
"556","556 - SIGNS & SYMPTOMS OF MUSCULOSKELETAL SYSTEM & CONN TISSUE W/O MCC",48702.7353846154
"557","557 - TENDONITIS, MYOSITIS & BURSITIS W MCC",57826.95
"558","558 - TENDONITIS, MYOSITIS & BURSITIS W/O MCC",27782.2666666667
"559","559 - AFTERCARE, MUSCULOSKELETAL SYSTEM & CONNECTIVE TISSUE W MCC",97981.3652
"560","560 - AFTERCARE, MUSCULOSKELETAL SYSTEM & CONNECTIVE TISSUE W CC",48132.1449206349
"561","561 - AFTERCARE, MUSCULOSKELETAL SYSTEM & CONNECTIVE TISSUE W/O CC/MCC",31578.8315789474
"562","562 - FX, SPRN, STRN & DISL EXCEPT FEMUR, HIP, PELVIS & THIGH W MCC",79331.5
"563","563 - FX, SPRN, STRN & DISL EXCEPT FEMUR, HIP, PELVIS & THIGH W/O MCC",40448.3408108108
"564","564 - OTHER MUSCULOSKELETAL SYS & CONNECTIVE TISSUE DIAGNOSES W MCC",84389.0642857143
"565","565 - OTHER MUSCULOSKELETAL SYS & CONNECTIVE TISSUE DIAGNOSES W CC",33408.4555555556
"566","566 - OTHER MUSCULOSKELETAL SYS & CONNECTIVE TISSUE DIAGNOSES W/O CC/MC",26684.83375
"570","570 - SKIN DEBRIDEMENT W MCC",100759.091428571
"571","571 - SKIN DEBRIDEMENT W CC",58171.75
"572","572 - SKIN DEBRIDEMENT W/O CC/MCC",80580.322
"574","574 - SKIN GRAFT FOR SKIN ULCER OR CELLULITIS W CC",165612.075
"575","575 - SKIN GRAFT FOR SKIN ULCER OR CELLULITIS W/O CC/MCC",87861.6
"576","576 - SKIN GRAFT EXC FOR SKIN ULCER OR CELLULITIS W MCC",393096.205
"577","577 - SKIN GRAFT EXC FOR SKIN ULCER OR CELLULITIS W CC",186439.077272727
"578","578 - SKIN GRAFT EXC FOR SKIN ULCER OR CELLULITIS W/O CC/MCC",101851.45
"579","579 - OTHER SKIN, SUBCUT TISS & BREAST PROC W MCC",102366.9
"580","580 - OTHER SKIN, SUBCUT TISS & BREAST PROC W CC",76857.6883870968
"581","581 - OTHER SKIN, SUBCUT TISS & BREAST PROC W/O CC/MCC",69823.2185714286
"582","582 - MASTECTOMY FOR MALIGNANCY W CC/MCC",111322.468
"583","583 - MASTECTOMY FOR MALIGNANCY W/O CC/MCC",159722.025
"584","584 - BREAST BIOPSY, LOCAL EXCISION & OTHER BREAST PROCEDURES W CC/MCC",156252.116666667
"585","585 - BREAST BIOPSY, LOCAL EXCISION & OTHER BREAST PROCEDURES W/O CC/MC",98490.223
"592","592 - SKIN ULCERS W MCC",37526.375
"593","593 - SKIN ULCERS W CC",28982.8
"594","594 - SKIN ULCERS W/O CC/MCC",31621.95
"595","595 - MAJOR SKIN DISORDERS W MCC",64830
"596","596 - MAJOR SKIN DISORDERS W/O MCC",38546.6925
"597","597 - MALIGNANT BREAST DISORDERS W MCC",133062.35
"598","598 - MALIGNANT BREAST DISORDERS W CC",34670.3733333333
"600","600 - NON-MALIGNANT BREAST DISORDERS W CC/MCC",30566.025
"601","601 - NON-MALIGNANT BREAST DISORDERS W/O CC/MCC",20119.7266666667
"602","602 - CELLULITIS W MCC",53045.2172727273
"603","603 - CELLULITIS W/O MCC",31051.0881512605
"604","604 - TRAUMA TO THE SKIN, SUBCUT TISS & BREAST W MCC",92056.6714285714
"605","605 - TRAUMA TO THE SKIN, SUBCUT TISS & BREAST W/O MCC",39831.66
"606","606 - MINOR SKIN DISORDERS W MCC",103016.322857143
"607","607 - MINOR SKIN DISORDERS W/O MCC",36685.4745454545
"614","614 - ADRENAL & PITUITARY PROCEDURES W CC/MCC",164767.945454545
"615","615 - ADRENAL & PITUITARY PROCEDURES W/O CC/MCC",95207.95
"616","616 - AMPUTAT OF LOWER LIMB FOR ENDOCRINE,NUTRIT,& METABOL DIS W MCC",212206.08
"617","617 - AMPUTAT OF LOWER LIMB FOR ENDOCRINE,NUTRIT,& METABOL DIS W CC",67903.3068421053
"619","619 - O.R. PROCEDURES FOR OBESITY W MCC",76349.82
"620","620 - O.R. PROCEDURES FOR OBESITY W CC",105942.2875
"621","621 - O.R. PROCEDURES FOR OBESITY W/O CC/MCC",77868.500952381
"622","622 - SKIN GRAFTS & WOUND DEBRID FOR ENDOC, NUTRIT & METAB DIS W MCC",96137.4
"623","623 - SKIN GRAFTS & WOUND DEBRID FOR ENDOC, NUTRIT & METAB DIS W CC",53143.15
"625","625 - THYROID, PARATHYROID & THYROGLOSSAL PROCEDURES W MCC",184387.133333333
"626","626 - THYROID, PARATHYROID & THYROGLOSSAL PROCEDURES W CC",127941.794444444
"627","627 - THYROID, PARATHYROID & THYROGLOSSAL PROCEDURES W/O CC/MCC",104079.483333333
"628","628 - OTHER ENDOCRINE, NUTRIT & METAB O.R. PROC W MCC",100454.45
"629","629 - OTHER ENDOCRINE, NUTRIT & METAB O.R. PROC W CC",116539.698571429
"637","637 - DIABETES W MCC",60281.7140816327
"638","638 - DIABETES W CC",31529.6635555556
"639","639 - DIABETES W/O CC/MCC",20739.0742857143
"640","640 - MISC DISORDERS OF NUTRITION,METABOLISM,FLUIDS/ELECTROLYTES W MCC",63766.0824
"641","641 - MISC DISORDERS OF NUTRITION,METABOLISM,FLUIDS/ELECTROLYTES W/O MC",32109.6397709924
"642","642 - INBORN AND OTHER DISORDERS OF METABOLISM",143656.67625
"643","643 - ENDOCRINE DISORDERS W MCC",52602.7
"644","644 - ENDOCRINE DISORDERS W CC",37837.4027777778
"645","645 - ENDOCRINE DISORDERS W/O CC/MCC",32124.0714285714
"652","652 - KIDNEY TRANSPLANT",256474.097717391
"653","653 - MAJOR BLADDER PROCEDURES W MCC",345289.1
"654","654 - MAJOR BLADDER PROCEDURES W CC",177945.60625
"655","655 - MAJOR BLADDER PROCEDURES W/O CC/MCC",201741.75
"656","656 - KIDNEY & URETER PROCEDURES FOR NEOPLASM W MCC",203583.885
"657","657 - KIDNEY & URETER PROCEDURES FOR NEOPLASM W CC",96378.8469230769
"658","658 - KIDNEY & URETER PROCEDURES FOR NEOPLASM W/O CC/MCC",81510.1807692308
"659","659 - KIDNEY & URETER PROCEDURES FOR NON-NEOPLASM W MCC",182444.2375
"660","660 - KIDNEY & URETER PROCEDURES FOR NON-NEOPLASM W CC",90934.5714285714
"661","661 - KIDNEY & URETER PROCEDURES FOR NON-NEOPLASM W/O CC/MCC",60127.092962963
"663","663 - MINOR BLADDER PROCEDURES W CC",77541.8
"665","665 - PROSTATECTOMY W MCC",83799.75
"666","666 - PROSTATECTOMY W CC",79866
"668","668 - TRANSURETHRAL PROCEDURES W MCC",140420.925
"669","669 - TRANSURETHRAL PROCEDURES W CC",101917.59
"670","670 - TRANSURETHRAL PROCEDURES W/O CC/MCC",67093.2833333333
"671","671 - URETHRAL PROCEDURES W CC/MCC",79372.745
"673","673 - OTHER KIDNEY & URINARY TRACT PROCEDURES W MCC",144886.039333333
"674","674 - OTHER KIDNEY & URINARY TRACT PROCEDURES W CC",99890.8025
"682","682 - RENAL FAILURE W MCC",65012.8082258065
"683","683 - RENAL FAILURE W CC",36159.2687654321
"684","684 - RENAL FAILURE W/O CC/MCC",17543.65
"686","686 - KIDNEY & URINARY TRACT NEOPLASMS W MCC",64152.4
"687","687 - KIDNEY & URINARY TRACT NEOPLASMS W CC",50239.184
"689","689 - KIDNEY & URINARY TRACT INFECTIONS W MCC",43648.4410416667
"690","690 - KIDNEY & URINARY TRACT INFECTIONS W/O MCC",34373.2952755906
"693","693 - URINARY STONES W/O ESW LITHOTRIPSY W MCC",93100.8666666667
"694","694 - URINARY STONES W/O ESW LITHOTRIPSY W/O MCC",34923.6376470588
"695","695 - KIDNEY & URINARY TRACT SIGNS & SYMPTOMS W MCC",295511.35
"696","696 - KIDNEY & URINARY TRACT SIGNS & SYMPTOMS W/O MCC",17805.21
"698","698 - OTHER KIDNEY & URINARY TRACT DIAGNOSES W MCC",54161.4886021505
"699","699 - OTHER KIDNEY & URINARY TRACT DIAGNOSES W CC",40334.9731730769
"700","700 - OTHER KIDNEY & URINARY TRACT DIAGNOSES W/O CC/MCC",20547.693125
"707","707 - MAJOR MALE PELVIC PROCEDURES W CC/MCC",146088.766666667
"708","708 - MAJOR MALE PELVIC PROCEDURES W/O CC/MCC",86199.7147058824
"711","711 - TESTES PROCEDURES W CC/MCC",54253.175
"712","712 - TESTES PROCEDURES W/O CC/MCC",31630.2625
"722","722 - MALIGNANCY, MALE REPRODUCTIVE SYSTEM W MCC",102056.725
"723","723 - MALIGNANCY, MALE REPRODUCTIVE SYSTEM W CC",35624.075
"726","726 - BENIGN PROSTATIC HYPERTROPHY W/O MCC",19853.7
"728","728 - INFLAMMATION OF THE MALE REPRODUCTIVE SYSTEM W/O MCC",22210.6833333333
"730","730 - OTHER MALE REPRODUCTIVE SYSTEM DIAGNOSES W/O CC/MCC",44660.925
"735","735 - PELVIC EVISCERATION, RAD HYSTERECTOMY & RAD VULVECTOMY W/O CC/MCC",84917.575
"736","736 - UTERINE & ADNEXA PROC FOR OVARIAN OR ADNEXAL MALIGNANCY W MCC",123298.875
"737","737 - UTERINE & ADNEXA PROC FOR OVARIAN OR ADNEXAL MALIGNANCY W CC",100787.279
"738","738 - UTERINE & ADNEXA PROC FOR OVARIAN OR ADNEXAL MALIGNANCY W/O CC/MC",57859.1
"740","740 - UTERINE,ADNEXA PROC FOR NON-OVARIAN/ADNEXAL MALIG W CC",92944.6525
"741","741 - UTERINE,ADNEXA PROC FOR NON-OVARIAN/ADNEXAL MALIG W/O CC/MCC",84151.8375
"742","742 - UTERINE & ADNEXA PROC FOR NON-MALIGNANCY W CC/MCC",72746.9266666667
"743","743 - UTERINE & ADNEXA PROC FOR NON-MALIGNANCY W/O CC/MCC",57149.725
"744","744 - D&C, CONIZATION, LAPAROSCOPY & TUBAL INTERRUPTION W CC/MCC",80784.446
"745","745 - D&C, CONIZATION, LAPAROSCOPY & TUBAL INTERRUPTION W/O CC/MCC",43160.875
"746","746 - VAGINA, CERVIX & VULVA PROCEDURES W CC/MCC",69758.2433333333
"747","747 - VAGINA, CERVIX & VULVA PROCEDURES W/O CC/MCC",34651.625
"749","749 - OTHER FEMALE REPRODUCTIVE SYSTEM O.R. PROCEDURES W CC/MCC",72035.94
"750","750 - OTHER FEMALE REPRODUCTIVE SYSTEM O.R. PROCEDURES W/O CC/MCC",24983.75
"754","754 - MALIGNANCY, FEMALE REPRODUCTIVE SYSTEM W MCC",42477.75
"755","755 - MALIGNANCY, FEMALE REPRODUCTIVE SYSTEM W CC",47162.5375
"756","756 - MALIGNANCY, FEMALE REPRODUCTIVE SYSTEM W/O CC/MCC",55417.725
"758","758 - INFECTIONS, FEMALE REPRODUCTIVE SYSTEM W CC",32285.8125
"759","759 - INFECTIONS, FEMALE REPRODUCTIVE SYSTEM W/O CC/MCC",20083.375
"760","760 - MENSTRUAL & OTHER FEMALE REPRODUCTIVE SYSTEM DISORDERS W CC/MCC",22604.2416666667
"761","761 - MENSTRUAL & OTHER FEMALE REPRODUCTIVE SYSTEM DISORDERS W/O CC/MCC",19530.67
"765","765 - CESAREAN SECTION W CC/MCC",49105.2063414634
"766","766 - CESAREAN SECTION W/O CC/MCC",33951.3829577465
"767","767 - VAGINAL DELIVERY W STERILIZATION &/OR D&C",30192.1436
"768","768 - VAGINAL DELIVERY W O.R. PROC EXCEPT STERIL &/OR D&C",21886.1115384615
"769","769 - POSTPARTUM & POST ABORTION DIAGNOSES W O.R. PROCEDURE",52643.14
"770","770 - ABORTION W D&C, ASPIRATION CURETTAGE OR HYSTEROTOMY",33682.8791666667
"774","774 - VAGINAL DELIVERY W COMPLICATING DIAGNOSES",23855.1417977528
"775","775 - VAGINAL DELIVERY W/O COMPLICATING DIAGNOSES",16515.43995086
"776","776 - POSTPARTUM & POST ABORTION DIAGNOSES W/O O.R. PROCEDURE",23573.9367647059
"777","777 - ECTOPIC PREGNANCY",41461.29
"778","778 - THREATENED ABORTION",9641.95416666667
"779","779 - ABORTION W/O D&C",38747.46
"780","780 - FALSE LABOR",6238.475
"781","781 - OTHER ANTEPARTUM DIAGNOSES W MEDICAL COMPLICATIONS",26594.5962745098
"782","782 - OTHER ANTEPARTUM DIAGNOSES W/O MEDICAL COMPLICATIONS",7096.1
"783","783 - CESAREAN SECTION W STERILIZATION W MCC",68061.8
"784","784 - CESAREAN SECTION W STERILIZATION W CC",44728.6663636364
"785","785 - CESAREAN SECTION W STERILIZATION W/O CC/MCC",32041.913
"786","786 - CESAREAN SECTION W/O STERILIZATION W MCC",89291.1404761905
"787","787 - CESAREAN SECTION W/O STERILIZATION W CC",40683.5546511628
"788","788 - CESAREAN SECTION W/O STERILIZATION W/O CC/MCC",36669.605
"789","789 - NEONATES, DIED OR TRANSFERRED TO ANOTHER ACUTE CARE FACILITY",202354.031578947
"790","790 - EXTREME IMMATURITY OR RESPIRATORY DISTRESS SYNDROME, NEONATE",494354.512678571
"791","791 - PREMATURITY W MAJOR PROBLEMS",152436.819714286
"792","792 - PREMATURITY W/O MAJOR PROBLEMS",27363.29453125
"793","793 - FULL TERM NEONATE W MAJOR PROBLEMS",52391.7074789916
"794","794 - NEONATE W OTHER SIGNIFICANT PROBLEMS",6663.95100732601
"795","795 - NORMAL NEWBORN",3886.67450592885
"796","796 - VAGINAL DELIVERY W STERILIZATION/D&C W MCC",31951.4
"797","797 - VAGINAL DELIVERY W STERILIZATION/D&C W CC",31748.3375
"798","798 - VAGINAL DELIVERY W STERILIZATION/D&C WO CC/MCC",28843.0944444444
"799","799 - SPLENECTOMY W MCC",182139.408333333
"800","800 - SPLENECTOMY W CC",111083.05
"801","801 - SPLENECTOMY W/O CC/MCC",75306.32
"802","802 - OTHER O.R. PROC OF THE BLOOD & BLOOD FORMING ORGANS W MCC",177429.15
"803","803 - OTHER O.R. PROC OF THE BLOOD & BLOOD FORMING ORGANS W CC",61391.7
"804","804 - OTHER O.R. PROC OF THE BLOOD & BLOOD FORMING ORGANS W/O CC/MCC",49912.3333333333
"805","805 - VAGINAL DELIVERY W/O STERILIZATION/D&C W MCC",29536.0678571429
"806","806 - VAGINAL DELIVERY W/O STERILIZATION/D&C W CC",18537.4117105263
"807","807 - VAGINAL DELIVERY W/O STERILIZATION/D&C W/O CC/MCC",16393.7114950166
"808","808 - MAJOR HEMATOL/IMMUN DIAG EXC SICKLE CELL CRISIS & COAGUL W MCC",121476.777857143
"809","809 - MAJOR HEMATOL/IMMUN DIAG EXC SICKLE CELL CRISIS & COAGUL W CC",58444.0801428571
"810","810 - MAJOR HEMATOL/IMMUN DIAG EXC SICKLE CELL CRISIS & COAGUL W/O CC/M",61880.5
"811","811 - RED BLOOD CELL DISORDERS W MCC",56372.249047619
"812","812 - RED BLOOD CELL DISORDERS W/O MCC",28378.2491986063
"813","813 - COAGULATION DISORDERS",114783.552727273
"814","814 - RETICULOENDOTHELIAL & IMMUNITY DISORDERS W MCC",88804.265
"815","815 - RETICULOENDOTHELIAL & IMMUNITY DISORDERS W CC",46554.7542857143
"816","816 - RETICULOENDOTHELIAL & IMMUNITY DISORDERS W/O CC/MCC",24694.2366666667
"817","817 - OTHER ANTEPARTUM DIAGNOSES W O.R. PROCEDURE W MCC",115652.746666667
"818","818 - OTHER ANTEPARTUM DIAGNOSES W O.R. PROCEDURE W CC",21476.85
"819","819 - OTHER ANTEPARTUM DIAGNOSES W O.R. PROCEDURE W/O CC/MCC",39267.05
"820","820 - LYMPHOMA & LEUKEMIA W MAJOR O.R. PROCEDURE W MCC",188605.55
"821","821 - LYMPHOMA & LEUKEMIA W MAJOR O.R. PROCEDURE W CC",220809.2
"822","822 - LYMPHOMA & LEUKEMIA W MAJOR O.R. PROCEDURE W/O CC/MCC",54958.05
"823","823 - LYMPHOMA & NON-ACUTE LEUKEMIA W OTHER PROC W MCC",330205.228571429
"824","824 - LYMPHOMA & NON-ACUTE LEUKEMIA W OTHER PROC W CC",81458.7333333333
"825","825 - LYMPHOMA & NON-ACUTE LEUKEMIA W OTHER PROC W/O CC/MCC",94960.5083333333
"826","826 - MYELOPROLIF DISORD OR POORLY DIFF NEOPL W MAJ O.R. PROC W MCC",337922.616666667
"827","827 - MYELOPROLIF DISORD OR POORLY DIFF NEOPL W MAJ O.R. PROC W CC",121668.15
"828","828 - MYELOPROLIF DISORD OR POORLY DIFF NEOPL W MAJ O.R. PROC W/O CC/MC",70670.842
"829","829 - MYELOPROLIFERATIVE DISORDERS OR POORLY DIFFERENTIATED NEOPLASMS W",216112.5375
"831","831 - OTHER ANTEPARTUM DIAGNOSES W/O O.R. PROCEDURE W MCC",15532.8363636364
"832","832 - OTHER ANTEPARTUM DIAGNOSES W/O O.R. PROCEDURE W CC",17930.6392857143
"833","833 - OTHER ANTEPARTUM DIAGNOSES W/O O.R. PROCEDURE W/O CC/MCC",9788.37894736842
"834","834 - ACUTE LEUKEMIA W/O MAJOR O.R. PROCEDURE W MCC",358409.461666667
"835","835 - ACUTE LEUKEMIA W/O MAJOR O.R. PROCEDURE W CC",142821.476666667
"836","836 - ACUTE LEUKEMIA W/O MAJOR O.R. PROCEDURE W/O CC/MCC",95233.19
"837","837 - CHEMO W ACUTE LEUKEMIA AS SDX OR W HIGH DOSE CHEMO AGENT W MCC",93913.71875
"838","838 - CHEMO W ACUTE LEUKEMIA AS SDX W CC OR HIGH DOSE CHEMO AGENT",90947.5164
"839","839 - CHEMO W ACUTE LEUKEMIA AS SDX W/O CC/MCC",36862.5538636364
"840","840 - LYMPHOMA & NON-ACUTE LEUKEMIA W MCC",270254.015
"841","841 - LYMPHOMA & NON-ACUTE LEUKEMIA W CC",138553.318181818
"842","842 - LYMPHOMA & NON-ACUTE LEUKEMIA W/O CC/MCC",54180.942
"843","843 - OTHER MYELOPROLIF DIS OR POORLY DIFF NEOPL DIAG W MCC",103005.333333333
"844","844 - OTHER MYELOPROLIF DIS OR POORLY DIFF NEOPL DIAG W CC",36462.3625
"845","845 - OTHER MYELOPROLIF DIS OR POORLY DIFF NEOPL DIAG W/O CC/MCC",23281.45
"846","846 - CHEMOTHERAPY W/O ACUTE LEUKEMIA AS SECONDARY DIAGNOSIS W MCC",39882.0152941176
"847","847 - CHEMOTHERAPY W/O ACUTE LEUKEMIA AS SECONDARY DIAGNOSIS W CC",56426.9194776119
"849","849 - RADIOTHERAPY",99617.9
"853","853 - INFECTIOUS & PARASITIC DISEASES W O.R. PROCEDURE W MCC",299702.028321168
"854","854 - INFECTIOUS & PARASITIC DISEASES W O.R. PROCEDURE W CC",113691.368518519
"856","856 - POSTOPERATIVE OR POST-TRAUMATIC INFECTIONS W O.R. PROC W MCC",194542.65625
"857","857 - POSTOPERATIVE OR POST-TRAUMATIC INFECTIONS W O.R. PROC W CC",101297.769166667
"858","858 - POSTOPERATIVE OR POST-TRAUMATIC INFECTIONS W O.R. PROC W/O CC/MCC",45931.95
"862","862 - POSTOPERATIVE & POST-TRAUMATIC INFECTIONS W MCC",68463.3909090909
"863","863 - POSTOPERATIVE & POST-TRAUMATIC INFECTIONS W/O MCC",33945.22
"864","864 - FEVER",29779.2233333333
"864","864 - FEVER AND INFLAMMATORY CONDITIONS",35463.53125
"865","865 - VIRAL ILLNESS W MCC",29561.51
"866","866 - VIRAL ILLNESS W/O MCC",58851.2167857143
"867","867 - OTHER INFECTIOUS & PARASITIC DISEASES DIAGNOSES W MCC",122702.20875
"868","868 - OTHER INFECTIOUS & PARASITIC DISEASES DIAGNOSES W CC",48631.4
"869","869 - OTHER INFECTIOUS & PARASITIC DISEASES DIAGNOSES W/O CC/MCC",14849.9
"870","870 - SEPTICEMIA OR SEVERE SEPSIS W MV >96 HOURS",251807.235416667
"870","870 - SEPTICEMIA OR SEVERE SEPSIS W MV >96 HOURS OR PERIPHERAL EXTRACOR",236128.635714286
"871","871 - SEPTICEMIA OR SEVERE SEPSIS W/O MV >96 HOURS W MCC",90429.2522560976
"872","872 - SEPTICEMIA OR SEVERE SEPSIS W/O MV >96 HOURS W/O MCC",42333.6881481481
"876","876 - O.R. PROCEDURE W PRINCIPAL DIAGNOSES OF MENTAL ILLNESS",142521.625
"880","880 - ACUTE ADJUSTMENT REACTION & PSYCHOSOCIAL DYSFUNCTION",26071.6536363636
"881","881 - DEPRESSIVE NEUROSES",20428.7475210084
"882","882 - NEUROSES EXCEPT DEPRESSIVE",19245.1757746479
"883","883 - DISORDERS OF PERSONALITY & IMPULSE CONTROL",20751.1886666667
"884","884 - ORGANIC DISTURBANCES & INTELLECTUAL DISABILITY",44818.1157692308
"885","885 - PSYCHOSES",28705.0065178571
"886","886 - BEHAVIORAL & DEVELOPMENTAL DISORDERS",25273.4673913043
"887","887 - OTHER MENTAL DISORDER DIAGNOSES",59496.75
"894","894 - ALCOHOL/DRUG ABUSE OR DEPENDENCE, LEFT AMA",23716.5777777778
"896","896 - ALCOHOL/DRUG ABUSE OR DEPENDENCE W/O REHABILITATION THERAPY W MCC",52656.0117647059
"897","897 - ALCOHOL/DRUG ABUSE OR DEPENDENCE W/O REHABILITATION THERAPY W/O M",28368.5951020408
"901","901 - WOUND DEBRIDEMENTS FOR INJURIES W MCC",487058.7
"902","902 - WOUND DEBRIDEMENTS FOR INJURIES W CC",252064.84
"903","903 - WOUND DEBRIDEMENTS FOR INJURIES W/O CC/MCC",31896.8
"904","904 - SKIN GRAFTS FOR INJURIES W CC/MCC",307187.785
"905","905 - SKIN GRAFTS FOR INJURIES W/O CC/MCC",35243.5
"906","906 - HAND PROCEDURES FOR INJURIES",70090.5315789474
"907","907 - OTHER O.R. PROCEDURES FOR INJURIES W MCC",337465.056071428
"908","908 - OTHER O.R. PROCEDURES FOR INJURIES W CC",79359.6633333333
"909","909 - OTHER O.R. PROCEDURES FOR INJURIES W/O CC/MCC",53906.8933333333
"913","913 - TRAUMATIC INJURY W MCC",54339.3
"914","914 - TRAUMATIC INJURY W/O MCC",40357.0553846154
"915","915 - ALLERGIC REACTIONS W MCC",91586.0625
"916","916 - ALLERGIC REACTIONS W/O MCC",34664.125
"917","917 - POISONING & TOXIC EFFECTS OF DRUGS W MCC",49884.5838554217
"918","918 - POISONING & TOXIC EFFECTS OF DRUGS W/O MCC",26661.4412941176
"919","919 - COMPLICATIONS OF TREATMENT W MCC",76049.24375
"920","920 - COMPLICATIONS OF TREATMENT W CC",30271.5196428571
"921","921 - COMPLICATIONS OF TREATMENT W/O CC/MCC",16108.2375
"922","922 - OTHER INJURY, POISONING & TOXIC EFFECT DIAG W MCC",76106.5192307692
"923","923 - OTHER INJURY, POISONING & TOXIC EFFECT DIAG W/O MCC",38016.0730769231
"927","927 - EXTENSIVE BURNS OR FULL THICKNESS BURNS W MV >96 HRS W SKIN GRAFT",671225.2
"928","928 - FULL THICKNESS BURN W SKIN GRAFT OR INHAL INJ W CC/MCC",231738.637666667
"929","929 - FULL THICKNESS BURN W SKIN GRAFT OR INHAL INJ W/O CC/MCC",115587.366666667
"933","933 - EXTENSIVE BURNS OR FULL THICKNESS BURNS W MV >96 HRS W/O SKIN GRA",56499.825
"934","934 - FULL THICKNESS BURN W/O SKIN GRAFT OR INHAL INJ",40308.1444444444
"934","934 - FULL THICKNESS BURN W/O SKIN GRFT OR INHAL INJ",58115.5728571429
"935","935 - NON-EXTENSIVE BURNS",33101.2804697987
"939","939 - O.R. PROC W DIAGNOSES OF OTHER CONTACT W HEALTH SERVICES W MCC",97562.425
"940","940 - O.R. PROC W DIAGNOSES OF OTHER CONTACT W HEALTH SERVICES W CC",116073.8
"941","941 - O.R. PROC W DIAGNOSES OF OTHER CONTACT W HEALTH SERVICES W/O CC/M",79954.365
"945","945 - REHABILITATION W CC/MCC",85465.2688333333
"946","946 - REHABILITATION W/O CC/MCC",41562.0344444444
"947","947 - SIGNS & SYMPTOMS W MCC",52103.9244827586
"948","948 - SIGNS & SYMPTOMS W/O MCC",30076.1443103448
"949","949 - AFTERCARE W CC/MCC",72345.167173913
"950","950 - AFTERCARE W/O CC/MCC",30595.75
"951","951 - OTHER FACTORS INFLUENCING HEALTH STATUS",21293.4333333333
"955","955 - CRANIOTOMY FOR MULTIPLE SIGNIFICANT TRAUMA",305068.5125
"956","956 - LIMB REATTACHMENT, HIP & FEMUR PROC FOR MULTIPLE SIGNIFICANT TRAU",405260.416956522
"957","957 - OTHER O.R. PROCEDURES FOR MULTIPLE SIGNIFICANT TRAUMA W MCC",360843.575166667
"958","958 - OTHER O.R. PROCEDURES FOR MULTIPLE SIGNIFICANT TRAUMA W CC",207896.99097561
"959","959 - OTHER O.R. PROCEDURES FOR MULTIPLE SIGNIFICANT TRAUMA W/O CC/MCC",123741.6
"963","963 - OTHER MULTIPLE SIGNIFICANT TRAUMA W MCC",143695.647368421
"964","964 - OTHER MULTIPLE SIGNIFICANT TRAUMA W CC",73439.7765
"965","965 - OTHER MULTIPLE SIGNIFICANT TRAUMA W/O CC/MCC",58995.6575
"969","969 - HIV W EXTENSIVE O.R. PROCEDURE W MCC",138640.125
"974","974 - HIV W MAJOR RELATED CONDITION W MCC",87342.2503125
"975","975 - HIV W MAJOR RELATED CONDITION W CC",46977.1872727273
"976","976 - HIV W MAJOR RELATED CONDITION W/O CC/MCC",27000.95
"977","977 - HIV W OR W/O OTHER RELATED CONDITION",53225.455
"981","981 - EXTENSIVE O.R. PROCEDURE UNRELATED TO PRINCIPAL DIAGNOSIS W MCC",261846.288219178
"982","982 - EXTENSIVE O.R. PROCEDURE UNRELATED TO PRINCIPAL DIAGNOSIS W CC",114780.5603125
"983","983 - EXTENSIVE O.R. PROCEDURE UNRELATED TO PRINCIPAL DIAGNOSIS W/O CC/",78078.8857142857
"987","987 - NON-EXTENSIVE O.R. PROC UNRELATED TO PRINCIPAL DIAGNOSIS W MCC",189967.364
"988","988 - NON-EXTENSIVE O.R. PROC UNRELATED TO PRINCIPAL DIAGNOSIS W CC",87629.204
"989","989 - NON-EXTENSIVE O.R. PROC UNRELATED TO PRINCIPAL DIAGNOSIS W/O CC/M",78168.05
