Location Type,Name,Address,Phone Number,URL
Hospital,Hampshire Memorial Hospital,"363 Sunrise Boulevard, Romney, WV 26757",304-822-4561,https://www.valleyhealthlink.com/Our-Locations/Hospitals/Hampshire-Memorial-Hospital.aspx
Hospital,Page Memorial Hospital,"200 Memorial Drive, Luray, VA 22835",540-743-4561,https://www.valleyhealthlink.com/Our-Locations/Hospitals/Page-Memorial-Hospital.aspx
Hospital,Shenandoah Memorial Hospital,"759 S. Main Street, Woodstock, VA 22664",540-459-1100,https://www.valleyhealthlink.com/Our-Locations/Hospitals/Shenandoah-Memorial-Hospital.aspx
Hospital,War Memorial Hospital,"1 Healthy Way, Berkeley Springs, WV 25411",304-258-1234,https://www.valleyhealthlink.com/Our-Locations/Hospitals/War-Memorial-Hospital.aspx
Hospital,Warren Memorial Hospital,"1000 N. Shenandoah Avenue, Front Royal, VA 22630",540-636-0300,https://www.valleyhealthlink.com/Our-Locations/Hospitals/Warren-Memorial-Hospital.aspx
Hospital,Winchester Medical Center,"1840 Amherst Street, Winchester, VA 22601",540-536-8000,https://www.valleyhealthlink.com/Our-Locations/Hospitals/Winchester-Medical-Center.aspx
Urgent Care & Quick Care,Valley Health Urgent Care (Ranson),"100 Oak Lee Drive, Ranson, WV 25414",304-930-0001,https://www.valleyhealthlink.com/Our-Locations/Urgent-Care-Quick-Care/Valley-Health-Urgent-Care-Ranson-.aspx
Urgent Care & Quick Care,Valley Health Quick Care - Strasburg,"33820 Old Valley Pike, Strasburg, VA 22657",540-459-1310,https://www.valleyhealthlink.com/Our-Locations/Urgent-Care-Quick-Care/Valley-Health-Quick-Care-Strasburg.aspx
Urgent Care & Quick Care,Valley Health Urgent Care (Winchester),"607 E. Jubal Early Drive, Winchester, VA 22601",540-536-2232,https://www.valleyhealthlink.com/Our-Locations/Urgent-Care-Quick-Care/Valley-Health-Urgent-Care-Winchester-.aspx
Urgent Care & Quick Care,Valley Health Urgent Care (Front Royal),"65 Riverton Commons Plaza, Front Royal, VA 22630",540-635-0700,https://www.valleyhealthlink.com/Our-Locations/Urgent-Care-Quick-Care/Valley-Health-Urgent-Care-Front-Royal-.aspx
Urgent Care & Quick Care,Valley Health Urgent Care (Martinsburg),"97 Administrative Drive, Martinsburg, WV 25401",304-350-3200,https://www.valleyhealthlink.com/Our-Locations/Urgent-Care-Quick-Care/Valley-Health-Urgent-Care-Martinsburg-.aspx
Urgent Care & Quick Care,Valley Health Quick Care - Spring Mills,"1179 TJ Jackson Drive, Suite BFalling Waters, WV 25419",681-242-3713,https://www.valleyhealthlink.com/Our-Locations/Urgent-Care-Quick-Care/Valley-Health-Quick-Care-Spring-Mills.aspx
Urgent Care & Quick Care,Valley Health Urgent Care (Rutherford Crossing),"160 Merchant Street, Suite 200Winchester, VA 22603",540-536-5950,https://www.valleyhealthlink.com/Our-Locations/Urgent-Care-Quick-Care/Valley-Health-Urgent-Care-Rutherford-Crossing-.aspx
Urgent Care & Quick Care,Valley Health Quick Care - Front Royal,"415A South Street, Front Royal, VA 22630",540-636-0495,https://www.valleyhealthlink.com/Our-Locations/Urgent-Care-Quick-Care/Valley-Health-Quick-Care-Front-Royal.aspx
Support Services,12Wound Care and Ostomy Clinic,"1830 Amherst Street, Winchester, VA 22601",540-536-6547,https://www.valleyhealthlink.com/Our-Locations/Support-Services/Wound-Care-and-Ostomy-Clinic.aspx
Support Services,"13Valley Hospitalists, PC","1840 Amherst St., Winchester, VA 22601",540-536-2270,https://www.valleyhealthlink.com/Our-Locations/Support-Services/Valley-Hospitalists-PC.aspx
Support Services,Winchester Medical Center Conference Center,"1888 Amherst Street, Winchester, VA 22601",,https://www.valleyhealthlink.com/Our-Locations/Support-Services/Winchester-Medical-Center-Conference-Center.aspx
Support Services,Hurst Hospitality House,"1830 Amherst Street, Winchester, VA 22601",540-536-4470,https://www.valleyhealthlink.com/Our-Locations/Support-Services/Hurst-Hospitality-House.aspx
Support Services,Wellspring,"525 Amherst Street, Winchester, VA 22601",540-536-4981,https://www.valleyhealthlink.com/Our-Locations/Support-Services/Wellspring.aspx
Support Services,System Support Building,"220 Campus Boulevard, Winchester, VA 22601",,https://www.valleyhealthlink.com/Our-Locations/Support-Services/System-Support-Building.aspx
Inpatient & Outpatient Rehabilitation,13Valley Health Winchester Outpatient Behavioral Health,"172 Linden Drive, Suite 111Winchester, VA 22601",540-536-4881,https://www.valleyhealthlink.com/Our-Locations/Inpatient-Outpatient-Rehabilitation/Valley-Health-Winchester-Outpatient-Behavioral-H.aspx
Inpatient & Outpatient Rehabilitation,Winchester Medical Center Outpatient Rehabilitation Services - Wellness Center,"401 Campus Boulevard, Winchester, VA 22601",540-536-3011,https://www.valleyhealthlink.com/Our-Locations/Inpatient-Outpatient-Rehabilitation/Winchester-Medical-Center-Outpatient-Rehabilitat.aspx
Inpatient & Outpatient Rehabilitation,Winchester Medical Center Outpatient Rehabilitation Services - Cork Street,"333 W. Cork Street, Suite 230Winchester, VA 22601",540-536-5113,https://www.valleyhealthlink.com/Our-Locations/Inpatient-Outpatient-Rehabilitation/Winchester-Medical-Center-Outpatient-Rehabilitat2.aspx
Inpatient & Outpatient Rehabilitation,Valley Health Shenandoah Memorial Hospital Behavioral Health,"759 S. Main Street, Woodstock, VA 22664",540-459-1262,https://www.valleyhealthlink.com/Our-Locations/Inpatient-Outpatient-Rehabilitation/Valley-Health-Shenandoah-Memorial-Hospital-Behav.aspx
Inpatient & Outpatient Rehabilitation,Shenandoah Memorial Hospital Outpatient Rehabilitation Services,"759 S. Main Street, Woodstock, VA 22664",540-459-1164,https://www.valleyhealthlink.com/Our-Locations/Inpatient-Outpatient-Rehabilitation/Shenandoah-Memorial-Hospital-Outpatient-Rehabili3.aspx
Inpatient & Outpatient Rehabilitation,Winchester Rehabilitation Center (Inpatient),"333 W. Cork Street, Winchester, VA 22601",540-536-5114,https://www.valleyhealthlink.com/Our-Locations/Inpatient-Outpatient-Rehabilitation/Winchester-Rehabilitation-Center-Inpatient-.aspx
Inpatient & Outpatient Rehabilitation,War Memorial Hospital Outpatient Rehabilitation Services,"261 Berkmore Place, Suite 2ABerkeley Springs, WV 25411",304-258-8377,https://www.valleyhealthlink.com/Our-Locations/Inpatient-Outpatient-Rehabilitation/War-Memorial-Hospital-Outpatient-Rehabilitation-.aspx
Inpatient & Outpatient Rehabilitation,Warren Memorial Hospital Outpatient Rehabilitation Services,"120 N. Commerce Avenue, Front Royal, VA 22630",540-635-0730,https://www.valleyhealthlink.com/Our-Locations/Inpatient-Outpatient-Rehabilitation/Warren-Memorial-Hospital-Outpatient-Rehabilitati.aspx
Inpatient & Outpatient Rehabilitation,Page Memorial Hospital Outpatient Rehabilitation Services,"198 Memorial Drive, Luray, VA 22835",540-743-8240,https://www.valleyhealthlink.com/Our-Locations/Inpatient-Outpatient-Rehabilitation/Page-Memorial-Hospital-Outpatient-Rehabilitation.aspx
Inpatient & Outpatient Rehabilitation,Shenandoah Memorial Hospital Outpatient Rehabilitation Services - Strasburg Clinic,"33820 Old Valley Pike, Suite 2Strasburg, VA 22657",540-459-1300,https://www.valleyhealthlink.com/Our-Locations/Inpatient-Outpatient-Rehabilitation/Shenandoah-Memorial-Hospital-Outpatient-Rehabili2.aspx
Inpatient & Outpatient Rehabilitation,Shenandoah Memorial Hospital Outpatient Rehabilitation Services - Mt. Jackson Clinic,"5173 Main Street, Mt. Jackson, VA 22842",540-459-1352,https://www.valleyhealthlink.com/Our-Locations/Inpatient-Outpatient-Rehabilitation/Shenandoah-Memorial-Hospital-Outpatient-Rehabili.aspx
Inpatient & Outpatient Rehabilitation,Hampshire Memorial Hospital Outpatient Rehabilitation Services,"68 Heritage Circle, Romney, WV 26757",304-822-7273,https://www.valleyhealthlink.com/Our-Locations/Inpatient-Outpatient-Rehabilitation/Hampshire-Memorial-Hospital-Outpatient-Rehabilit.aspx
Long Term Care,Hampshire Memorial Hospital Long Term Care,"363 Sunrise Boulevard, Romney, WV 26757",304-822-4934,https://www.valleyhealthlink.com/Our-Locations/Long-Term-Care/Hampshire-Memorial-Hospital-Long-Term-Care.aspx
Long Term Care,War Memorial Hospital Long Term Care,"1 Healthy Way, Berkeley Springs, WV 25411",304-258-6512,https://www.valleyhealthlink.com/Our-Locations/Long-Term-Care/War-Memorial-Hospital-Long-Term-Care.aspx
Long Term Care,Lynn Care Center,"1000 N. Shenandoah Avenue, Front Royal, VA 22630",540-636-0242,https://www.valleyhealthlink.com/Our-Locations/Long-Term-Care/Lynn-Care-Center.aspx
Pharmacy,Valley Pharmacy,"190 Campus Boulevard, Winchester, VA 22601",540-536-8899,https://www.valleyhealthlink.com/Our-Locations/Pharmacy/Valley-Pharmacy.aspx
Wellness & Fitness,Hampshire Wellness & Fitness Center | Romney,"68 Heritage Circle, Romney, WV 26757",304-822-7255,https://www.valleyhealthlink.com/Our-Locations/Wellness-Fitness/Hampshire-Wellness-Fitness-Center-Romney.aspx
Wellness & Fitness,Page Memorial Hospital Fitness Services | Luray,"12 East Luray Shopping Center, Luray, VA 22835",540-743-8110,https://www.valleyhealthlink.com/Our-Locations/Wellness-Fitness/Page-Memorial-Hospital-Fitness-Services-Luray.aspx
Wellness & Fitness,War Memorial Hospital Fitness Services | Berkeley Springs,"261 Berkmore Place, Suite 2ABerkeley Springs, WV 25411",304-258-8377,https://www.valleyhealthlink.com/Our-Locations/Wellness-Fitness/War-Memorial-Hospital-Fitness-Services-Berkeley-.aspx
Wellness & Fitness,Valley Health Wellness & Fitness | Woodstock,"1195 Hisey Avenue, Woodstock, VA 22664",540-459-1387,https://www.valleyhealthlink.com/Our-Locations/Wellness-Fitness/Valley-Health-Wellness-Fitness-Woodstock.aspx
Wellness & Fitness,Valley Health Wellness & Fitness Center | Winchester,"401 Campus Boulevard, Winchester, VA 22601",540-536-3000,https://www.valleyhealthlink.com/Our-Locations/Wellness-Fitness/Valley-Health-Wellness-Fitness-Center-Winchester.aspx
Wellness & Fitness,Warren Memorial Hospital Fitness Services | Front Royal,"120 N. Commerce Avenue, Front Royal, VA 22630",540-635-0730,https://www.valleyhealthlink.com/Our-Locations/Wellness-Fitness/Warren-Memorial-Hospital-Fitness-Services-Front-.aspx
Physician Practices,Valley Health War Memorial Hospital Internal Medicine,"226 Gayle Drive, Berkeley Springs, WV 25411",304-258-9433,https://www.valleyhealthlink.com/Our-Locations/Physician-Practices/Valley-Health-War-Memorial-Hospital-Internal-Med.aspx
Physician Practices,Valley Health Hampshire Memorial Hospital Multispecialty Clinic,"329 Sunrise Boulevard, Romney, WV 26757",304-822-4932,https://www.valleyhealthlink.com/Our-Locations/Physician-Practices/Valley-Health-Hampshire-Memorial-Hospital-Multis.aspx
Physician Practices,Valley Health War Memorial Hospital Family Medicine | Hancock,"351 N. Pennsylvania Ave, Hancock, MD 21750",301-678-6292,https://www.valleyhealthlink.com/Our-Locations/Physician-Practices/Valley-Health-War-Memorial-Hospital-Family-Medic.aspx
Physician Practices,Valley Health Page Memorial Hospital Family Medicine | Luray,"250 Memorial Drive, Suite DLuray, VA 22835",540-843-4624,https://www.valleyhealthlink.com/Our-Locations/Physician-Practices/Valley-Health-Page-Memorial-Hospital-Family-Medi4.aspx
Physician Practices,Valley Health Shenandoah Memorial Hospital Multispecialty Clinic | New Market,"9166 N. Congress Street, New Market, VA 22844",540-459-1340,https://www.valleyhealthlink.com/Our-Locations/Physician-Practices/Valley-Health-Shenandoah-Memorial-Hospital-Multi.aspx
Physician Practices,Valley Health Page Memorial Hospital Family Medicine | Washington,"12699 Lee Highway, Washington, VA 22747",540-987-5068,https://www.valleyhealthlink.com/Our-Locations/Physician-Practices/Valley-Health-Page-Memorial-Hospital-Family-Medi.aspx
Physician Practices,Valley Health Page Memorial Hospital Multispecialty Clinic,"125 Memorial Drive, Luray, VA 22835",540-743-2282,https://www.valleyhealthlink.com/Our-Locations/Physician-Practices/Valley-Health-Page-Memorial-Hospital-Multispecia.aspx
Physician Practices,Valley Health Shenandoah Memorial Hospital Multispecialty Clinic,"759 S. Main Street, located on the second floor)Woodstock, VA 22664",540-459-1383,https://www.valleyhealthlink.com/Our-Locations/Physician-Practices/Valley-Health-Shenandoah-Memorial-Hospital-Multi2.aspx
Physician Practices,Valley Health Shenandoah Memorial Hospital Pediatrics,"759 S. Main Street, Woodstock, VA 22664",540-459-1325,https://www.valleyhealthlink.com/Our-Locations/Physician-Practices/Valley-Health-Shenandoah-Memorial-Hospital-Pedia.aspx
Physician Practices,Valley Health Metabolic & Bariatric Program,"1870 Amherst St., Suite FWinchester, VA 22601",540-536-0010,https://www.valleyhealthlink.com/Our-Locations/Physician-Practices/Valley-Health-Metabolic-Bariatric-Program.aspx
Physician Practices,Valley Health War Memorial Hospital Multispecialty Clinic,"1 Healthy Way, Berkeley Springs, WV 25411",304-258-6981,https://www.valleyhealthlink.com/Our-Locations/Physician-Practices/Valley-Health-War-Memorial-Hospital-Multispecial.aspx
Physician Practices,Valley Health Winchester Family Practice | Rutherford Crossing,"160 Merchant Street, Suite 100Winchester, VA 22603",540-536-5560,https://www.valleyhealthlink.com/Our-Locations/Physician-Practices/Valley-Health-Winchester-Family-Practice-Rutherf.aspx
Physician Practices,Valley Health Page Memorial Hospital Family and Internal Medicine,"135 Memorial Drive, Luray, VA 22835",540-743-2887,https://www.valleyhealthlink.com/Our-Locations/Physician-Practices/Valley-Health-Page-Memorial-Hospital-Family-and-.aspx
Physician Practices,Valley Health Family Medicine | Tavern Road,"1000 Tavern Road, Suite 100Martinsburg, WV 25401",681-247-1080,https://www.valleyhealthlink.com/Our-Locations/Physician-Practices/Valley-Health-Family-Medicine-Tavern-Road.aspx
Physician Practices,Valley Health Orthopaedics | Luray,"125 Memorial Drive, Luray, VA 22835",540-743-2282,https://www.valleyhealthlink.com/Our-Locations/Physician-Practices/Valley-Health-Orthopaedics-Luray.aspx
Physician Practices,Valley Health Cardiothoracic Surgeons,"1870 Amherst Street, Suite 2BWinchester, VA 22601",540-536-6721,https://www.valleyhealthlink.com/Our-Locations/Physician-Practices/Valley-Health-Cardiothoracic-Surgeons.aspx
Physician Practices,Valley Health Surgical Oncology,"400 Campus Boulevard, Winchester, VA 22601",540-536-3470,https://www.valleyhealthlink.com/Our-Locations/Physician-Practices/Valley-Health-Surgical-Oncology.aspx
Physician Practices,Valley Health Physical Medicine & Rehabilitation,"333 W. Cork Street, Suite 290Winchester, VA 22601",540-536-5121,https://www.valleyhealthlink.com/Our-Locations/Physician-Practices/Valley-Health-Physical-Medicine-Rehabilitation.aspx
Physician Practices,Valley Health General Surgery | Front Royal,"1077 N. Shenandoah Avenue, Suite AFront Royal, VA 22630",540-635-0780,https://www.valleyhealthlink.com/Our-Locations/Physician-Practices/Valley-Health-General-Surgery-Front-Royal.aspx
Physician Practices,Valley Health Shenandoah Memorial Hospital Family Medicine | Mt. Jackson,"5173 N. Main Street, Mt. Jackson, VA 22842",540-459-1350,https://www.valleyhealthlink.com/Our-Locations/Physician-Practices/Valley-Health-Shenandoah-Memorial-Hospital-Famil2.aspx
Physician Practices,Valley Health Transitional Care,"333 W. Cork Street, Suite 290Winchester, VA 22601",540-536-5123,https://www.valleyhealthlink.com/Our-Locations/Physician-Practices/Valley-Health-Transitional-Care.aspx
Physician Practices,Valley Health Orthopaedics | Front Royal,"120 N. Commerce Avenue, Suite 103Front Royal, VA 22630",540-635-0820,https://www.valleyhealthlink.com/Our-Locations/Physician-Practices/Valley-Health-Orthopaedics-Front-Royal.aspx
Physician Practices,Valley Health Breast Center,"400 Campus Boulevard, Suite 220Winchester, VA 22601",540-536-5466,https://www.valleyhealthlink.com/Our-Locations/Physician-Practices/Valley-Health-Breast-Center.aspx
Physician Practices,Valley Health Interventional Spine,"333 W. Cork Street, Suite 290Winchester, VA 22601",540-536-5121,https://www.valleyhealthlink.com/Our-Locations/Physician-Practices/Valley-Health-Interventional-Spine.aspx
Physician Practices,Valley Health Family Medicine | Front Royal,"67 Riverton Commons Plaza, Front Royal, VA 22630",540-635-0848,https://www.valleyhealthlink.com/Our-Locations/Physician-Practices/Valley-Health-Family-Medicine-Front-Royal.aspx
Physician Practices,Valley Health Warren Memorial Hospital Pediatrics,"315 W. 10th Street, Front Royal, VA 22630",540-631-7337,https://www.valleyhealthlink.com/Our-Locations/Physician-Practices/Valley-Health-Warren-Memorial-Hospital-Pediatric.aspx
Physician Practices,Valley Health Obstetrics & Gynecology | Luray,"125 Memorial Drive, Luray, VA 22835",540-743-2282,https://www.valleyhealthlink.com/Our-Locations/Physician-Practices/Valley-Health-Obstetrics-Gynecology-Luray.aspx
Physician Practices,Valley Health Page Memorial Hospital Family Medicine | Shenandoah,"505 Williams Avenue, Shenandoah, VA 22849",540-652-9100,https://www.valleyhealthlink.com/Our-Locations/Physician-Practices/Valley-Health-Page-Memorial-Hospital-Family-Medi3.aspx
Physician Practices,13Valley Health Eye Specialists,"302 S. Cameron Street, Winchester, VA 22601",540-667-7463,https://www.valleyhealthlink.com/Our-Locations/Physician-Practices/Valley-Health-Eye-Specialists.aspx
Physician Practices,Shenandoah Valley Maternal Fetal Medicine,"1840 Amherst Street, North TowerWinchester, VA 22601",540-536-3228,https://www.valleyhealthlink.com/Our-Locations/Physician-Practices/Shenandoah-Valley-Maternal-Fetal-Medicine.aspx
Physician Practices,Valley Health Winchester Family Practice,"1440 Amherst Street, Winchester, VA 22601",540-536-5400,https://www.valleyhealthlink.com/Our-Locations/Physician-Practices/Valley-Health-Winchester-Family-Practice.aspx
Physician Practices,Valley Health Page Memorial Hospital Family Medicine | Stanley,"235 Medical Drive, Stanley, VA 22851",540-778-4259,https://www.valleyhealthlink.com/Our-Locations/Physician-Practices/Valley-Health-Page-Memorial-Hospital-Family-Medi2.aspx
Physician Practices,Valley Health Vascular Surgeons,"1870 Amherst Street, Suite 2BWinchester, VA 22601",540-536-6721,https://www.valleyhealthlink.com/Our-Locations/Physician-Practices/Valley-Health-Vascular-Surgeons.aspx
Physician Practices,Valley Health Orthopaedic Trauma,"1870 Amherst St, Medical Office Building 1, Suite CWinchester, VA 22601",540-536-0153,https://www.valleyhealthlink.com/Our-Locations/Physician-Practices/Valley-Health-Orthopaedic-Trauma.aspx
Physician Practices,Valley Health Warren Memorial Hospital Multispecialty Clinic,"1077 N. Shenandoah Avenue, Suite BFront Royal, VA 22630",540-636-0627,https://www.valleyhealthlink.com/Our-Locations/Physician-Practices/Valley-Health-Warren-Memorial-Hospital-Multispec2.aspx
Physician Practices,Valley Health Winchester Surgical Clinic,"20 S. Stewart Street, Winchester, VA 22601",540-536-0130,https://www.valleyhealthlink.com/Our-Locations/Physician-Practices/Valley-Health-Winchester-Surgical-Clinic.aspx
Physician Practices,13Valley Health Family Medicine | Martinsburg,"97 Administrative Drive, Suite 200Martinsburg, WV 25404",304-350-3230,https://www.valleyhealthlink.com/Our-Locations/Physician-Practices/Valley-Health-Family-Medicine-Martinsburg.aspx
Physician Practices,13Valley Health Bensenhaver Medical Practice,"100 Hospital Drive, Suite 1Petersburg, WV 26847",304-257-1944,https://www.valleyhealthlink.com/Our-Locations/Physician-Practices/Valley-Health-Bensenhaver-Medical-Practice.aspx
Physician Practices,13Valley Health Berkeley Family Medicine,"101 Marcley Dr., Martinsburg, WV 25401",304-263-8911,https://www.valleyhealthlink.com/Our-Locations/Physician-Practices/Valley-Health-Berkeley-Family-Medicine.aspx
Physician Practices,Valley Health Winchester Family Practice | Jubal Early,"611 E. Jubal Early Dr., Winchester, VA 22601",540-536-5500,https://www.valleyhealthlink.com/Our-Locations/Physician-Practices/Valley-Health-Winchester-Family-Practice-Jubal-E.aspx
Physician Practices,12Valley Health Pulmonary Specialists,"190 Campus Blvd., Suite 410Winchester, VA 22601",540-536-5980,https://www.valleyhealthlink.com/Our-Locations/Physician-Practices/Valley-Health-Pulmonary-Specialists.aspx
Physician Practices,Valley Health Family Medicine | Briarwood,"1004 Sushruta Drive, Suite DMartinsburg, WV 25401",304-262-2538,https://www.valleyhealthlink.com/Our-Locations/Physician-Practices/Valley-Health-Family-Medicine-Briarwood.aspx
Physician Practices,12Valley Health Shenandoah Memorial Hospital Family Medicine | Strasburg,"33674 Old Valley Pike, Strasburg, VA 22657",540-459-1410,https://www.valleyhealthlink.com/Our-Locations/Physician-Practices/Valley-Health-Shenandoah-Memorial-Hospital-Famil.aspx
Physician Practices,"13Valley Health Ear, Nose and Throat","120 North Commerce Avenue, Suite 245Front Royal, VA 22630",540-635-0795,https://www.valleyhealthlink.com/Our-Locations/Physician-Practices/Valley-Health-Ear-Nose-and-Throat.aspx
Physician Practices,12Valley Health Multispecialty Clinic | Charles Town,"710 Somerset Blvd., Suite 100Charles Town, WV 25414",304-930-0031,https://www.valleyhealthlink.com/Our-Locations/Physician-Practices/Valley-Health-Multispecialty-Clinic-Charles-Town.aspx
Physician Practices,Valley Health Internal Medicine | Ranson,"116 East Third Avenue, Ranson, WV 25438",304-724-7200,https://www.valleyhealthlink.com/Our-Locations/Physician-Practices/Valley-Health-Internal-Medicine-Ranson.aspx
Physician Practices,12Valley Health Family Medical Associates,"1008 Tavern Rd., Suite 201Martinsburg, WV 25401",681-247-1075,https://www.valleyhealthlink.com/Our-Locations/Physician-Practices/Valley-Health-Family-Medical-Associates.aspx
Physician Practices,12Valley Health Warren Memorial Hospital Multispecialty Clinic | Commerce Avenue,"120 N. Commerce Avenue, Suite 230Front Royal, VA 22630",540-635-0760,https://www.valleyhealthlink.com/Our-Locations/Physician-Practices/Valley-Health-Warren-Memorial-Hospital-Multispec.aspx
Lab & Imaging Services,12Valley Health Lab Services - Strasburg,"33674 Old Valley Pike, Strasburg, VA 22657",540-465-3751,https://www.valleyhealthlink.com/Our-Locations/Lab-Imaging-Services/Valley-Health-Lab-Services-Strasburg.aspx
Lab & Imaging Services,13Valley Health Lab Services – Ranson,"116 E. 3rd Ave., Ranson, WV 25438",304-724-7200,https://www.valleyhealthlink.com/Our-Locations/Lab-Imaging-Services/Valley-Health-Lab-Services-Ranson.aspx
Lab & Imaging Services,Valley Health Lab Services - Winchester,"607 E. Jubal Early Drive, Winchester, VA 22601",540-536-2229,https://www.valleyhealthlink.com/Our-Locations/Lab-Imaging-Services/Valley-Health-Lab-Services-Winchester.aspx
Lab & Imaging Services,Valley Health Lab Services - Luray,"125 Memorial Drive, Luray, VA 22835",540-743-2290,https://www.valleyhealthlink.com/Our-Locations/Lab-Imaging-Services/Valley-Health-Lab-Services-Luray.aspx
Lab & Imaging Services,Valley Health Lab Services - New Market,"9166 N. Congress Street, New Market, VA 22844",540-459-1516,https://www.valleyhealthlink.com/Our-Locations/Lab-Imaging-Services/Valley-Health-Lab-Services-New-Market.aspx
Lab & Imaging Services,13Valley Health Lab Services – Moorefield,"712 N. Main Street, Suite 20Moorefield, WV 26836",304-530-5980,https://www.valleyhealthlink.com/Our-Locations/Lab-Imaging-Services/Valley-Health-Lab-Services-Moorefield.aspx
Lab & Imaging Services,Winchester Medical Center Diagnostic Center,"300 Campus Boulevard, Winchester, VA 22601",540-536-3120,https://www.valleyhealthlink.com/Our-Locations/Lab-Imaging-Services/Winchester-Medical-Center-Diagnostic-Center.aspx
Lab & Imaging Services,Valley Health Lab Services - MOB II,"190 Campus Boulevard, Suite 210Winchester, VA 22601",540-536-5264,https://www.valleyhealthlink.com/Our-Locations/Lab-Imaging-Services/Valley-Health-Lab-Services-MOB-II.aspx
Lab & Imaging Services,Valley Health Lab Services - Martinsburg,"1804 W. King Street, Martinsburg, WV 25401",304-901-5160,https://www.valleyhealthlink.com/Our-Locations/Lab-Imaging-Services/Valley-Health-Lab-Services-Martinsburg.aspx
Lab & Imaging Services,Valley Health Lab Services - Woodstock,"759 S. Main Street, Suite 210Woodstock, VA 22664",540-459-1499,https://www.valleyhealthlink.com/Our-Locations/Lab-Imaging-Services/Valley-Health-Lab-Services-Woodstock.aspx
Lab & Imaging Services,Valley Health Lab Services - Front Royal (Commerce Ave.),"120 N. Commerce Avenue, Suite 102Front Royal, VA 22630",540-635-0713,https://www.valleyhealthlink.com/Our-Locations/Lab-Imaging-Services/Valley-Health-Lab-Services-Front-Royal-Commerce-.aspx
Valley Health Cancer Center,Valley Health Cancer Center,"400 Campus Boulevard, Winchester, VA 22601",855-984-4673,https://www.valleyhealthlink.com/Our-Locations/Valley-Health-Cancer-Center/Valley-Health-Cancer-Center.aspx
Heart & Vascular,14 Valley Health Heart & Vascular Center,"1880 Amherst Street, Winchester, VA 22601",540-536-8000,https://www.valleyhealthlink.com/Our-Locations/Valley-Health-Heart-Vascular-Center/Valley-Health-Heart-Vascular-Center.aspx