"SVCCD","Description","PRICE1","As of Date"
"1010014","NI-EKG, 12 LEADS    ",417.75,"12/20/2018"
"1010015","NI-STRESS TEST      ",2345.75,"12/20/2018"
"1010017","NI-EKG, 1-3 LEADS   ",1481.25,"12/20/2018"
"1010023","NI-EVENT REC HKP    ",1111.50,"12/20/2018"
"1010024","NI-EVENT REC W-ANALY",898.00,"12/20/2018"
"1010045","NI-HOLTER RECRD TO48",2288.50,"12/20/2018"
"1010046","NI-HOLTER W-SCAN 48 ",3959.75,"12/20/2018"
"1020032","EEG AWAKE DROWSY    ",3886.50,"12/20/2018"
"1040021","NI-CARDI REHAB W- MO",539.00,"12/20/2018"
"1050025","US-CAROTID DPLX SCAN",1985.25,"12/20/2018"
"1050029","NI-EXT ARTERIAL LTD ",1467.50,"12/20/2018"
"1050030","NI-NON INV ARTER EXT",2653.50,"12/20/2018"
"1050032","NI-LW EXT DPX ART BI",3144.75,"12/20/2018"
"1050035","NI-UP EXT DPX ART UN",2361.00,"12/20/2018"
"1050037","NI-EXT VEINS DPLX WC",4059.50,"12/20/2018"
"1050038","US-EXT VEINS DPX LTD",2206.75,"12/20/2018"
"1050059","NI-LW EXT DPX ART UN",2075.00,"12/20/2018"
"1050086","NI-TTE STRESS WO    ",3908.50,"12/20/2018"
"1050089","NI-TEE COMP WO      ",4088.25,"12/20/2018"
"1050090","NI-TTE 2D MM LTD WO ",1627.00,"12/20/2018"
"1050092","NI-TTE 2D W DOPP WO ",3845.50,"12/20/2018"
"1050115","NI-TTE 2D W DOPP WWO",4370.50,"12/20/2018"
"1061480","NI-CARDIOVERSION    ",3249.75,"12/20/2018"
"1110801","OR LEV 1 INI 15 MIN ",5959.25,"12/20/2018"
"1110802","OR LEV 2 INI 15 MIN ",7942.00,"12/20/2018"
"1110803","OR LEV 3 INI 15 MIN ",9929.50,"12/20/2018"
"1110804","OR LEV 4 INI 15 MIN ",11912.50,"12/20/2018"
"1110811","OR LEV 1 EA ADD MIN ",162.00,"12/20/2018"
"1110812","OR LEV 2 EA ADD MIN ",214.75,"12/20/2018"
"1110813","OR LEV 3 EA ADD MIN ",269.50,"12/20/2018"
"1110814","OR LEV 4 EA ADD MIN ",325.25,"12/20/2018"
"1120001","PACU LEV 1 INI 15 MN",635.50,"12/20/2018"
"1120002","PACU LEV 2 INI 15 MN",954.25,"12/20/2018"
"1120011","PACU LEV 1 EA ADD MN",15.00,"12/20/2018"
"1120012","PACU LEV 2 EA ADD MN",23.25,"12/20/2018"
"1131111","ANES LV 1 INI 15 MIN",1286.50,"12/20/2018"
"1131112","ANES LV 2 INI 15 MIN",1935.00,"12/20/2018"
"1131113","ANES LV 3 INI 15 MIN",2579.00,"12/20/2018"
"1131114","ANES LV 4 INI 15 MIN",3223.75,"12/20/2018"
"1131121","ANES LV 1 EA ADD MIN",38.50,"12/20/2018"
"1131122","ANES LV 2 EA ADD MIN",52.50,"12/20/2018"
"1131123","ANES LV 3 EA ADD MIN",73.50,"12/20/2018"
"1131124","ANES LV 4 EA ADD MIN",88.50,"12/20/2018"
"1160111","GI LAB LEV 1 1ST 15 ",1535.00,"12/20/2018"
"1160112","GI LAB LEV 2 1ST 15 ",2384.00,"12/20/2018"
"1160113","GI LAB LEV 3 1ST 15 ",2891.50,"12/20/2018"
"1160114","GI LAB LEV 4 1ST 15 ",3831.50,"12/20/2018"
"1160121","GI LEV 1 EA ADD MIN ",45.25,"12/20/2018"
"1160122","GI LEV 2 EA ADD MIN ",65.25,"12/20/2018"
"1160123","GI LEV 3 EA ADD MIN ",86.50,"12/20/2018"
"1160124","GI LEV 4 EA ADD MIN ",109.50,"12/20/2018"
"1160131","AD PROCEDURE GI LV 1",434.00,"12/20/2018"
"1160132","AD PROCEDURE GI LV 2",651.00,"12/20/2018"
"1210013","ZOLEDRONIC ACID 1MG ",291.50,"12/20/2018"
"1210027","ALTEPLASE RECOM 1MG ",585.00,"12/20/2018"
"1210031","NICARDIP 25/10ML INJ",361.50,"12/20/2018"
"1210060","MICONAZ 2%VAG CR 45G",7.50,"12/20/2018"
"1210090","LEVETIRACET 10MG INJ",5.00,"12/20/2018"
"1210095","FLU VAC NOPRSV ANTIG",210.00,"12/20/2018"
"1210140","CLOPIDOGREL 300MG TB",58.25,"12/20/2018"
"1210145","CEFEPIME 500MG INJ  ",98.00,"12/20/2018"
"1210148","ALTEPLASE RECOM 1MG ",585.00,"12/20/2018"
"1210149","CEFOXITIN 1GM IJ    ",161.00,"12/20/2018"
"1210153","LUPR 7.5 MALES>18YRS",2736.50,"12/20/2018"
"1210154","LUPR 7.5 MALES>18YRS",2736.50,"12/20/2018"
"1210160","OCTREOTIDE DEP 1MG  ",1366.00,"12/20/2018"
"1210165","OCTREOTIDE ND 25MCG ",57.25,"12/20/2018"
"1210169","CARBOPLATIN 50MG INJ",234.25,"12/20/2018"
"1210181","ENOXAPARIN 10MG INJ ",97.00,"12/20/2018"
"1210182","ENOXAPARIN 10MG INJ ",97.00,"12/20/2018"
"1210183","ENOXAPARIN 10MG INJ ",97.00,"12/20/2018"
"1210185","ENOXAPARIN 10MG INJ ",97.00,"12/20/2018"
"1210186","ENOXAPARIN 10MG INJ ",97.00,"12/20/2018"
"1210187","ENOXAPARIN 10MG INJ ",97.00,"12/20/2018"
"1210192","LEUCOVORIN 50MG INJ ",39.75,"12/20/2018"
"1210194","CEFAZOLIN 500MG INJ ",84.00,"12/20/2018"
"1210195","CEFTRIAXONE 250MGINJ",124.00,"12/20/2018"
"1210196","CEFTRIAXONE 250MGINJ",124.00,"12/20/2018"
"1210205","DEXAMETH NA 1MG INJ ",19.00,"12/20/2018"
"1210206","PHENYTOIN NA 50MGINJ",38.50,"12/20/2018"
"1210210","MEROPENEM 100MG INJ ",26.75,"12/20/2018"
"1210218","PANITUMUMAB 10MG IJ ",580.00,"12/20/2018"
"1210219","PANITUMUMAB 10MG IJ ",580.00,"12/20/2018"
"1210225","LEVOFLOXAC 250MG INJ",175.00,"12/20/2018"
"1210229","IVIG (OCTAGAM) 500MG",320.00,"12/20/2018"
"1210232","IVIG (GAMMAGD) 500MG",320.00,"12/20/2018"
"1210233","KETOROLAC 15MG INJ  ",96.50,"12/20/2018"
"1210234","ONDANSETRON 1MG INJ ",60.00,"12/20/2018"
"1210262","FUROSEMIDE 20MG INJ ",55.00,"12/20/2018"
"1210263","FUROSEMIDE 20MG INJ ",55.00,"12/20/2018"
"1210266","MEGESTROL 400MG/10ML",23.25,"12/20/2018"
"1210268","MEPERID HCL 100MGINJ",171.50,"12/20/2018"
"1210281","AMOX 250MG/5ML 80ML ",18.75,"12/20/2018"
"1210293","LACTOBA-ACIDO-PEC TB",1.00,"12/20/2018"
"1210331","ALUMINUM HYD 320/5ML",1.00,"12/20/2018"
"1210342","AMIODARONE 30MG INJ ",32.75,"12/20/2018"
"1210358","AMOX400-CLAV57 50ML ",23.25,"12/20/2018"
"1210371","CARBID25-LEVO100MGTB",17.50,"12/20/2018"
"1210399","HYDROXYZINE PAM 25MG",18.75,"12/20/2018"
"1210408","DOBUTAMINE 250MG INJ",247.25,"12/20/2018"
"1210473","BENZOIN CMP TINC SWB",3.50,"12/20/2018"
"1210474","PANTOPRAZ 40MG PKT  ",25.75,"12/20/2018"
"1210487","VANCOMYCIN 500MG INJ",186.00,"12/20/2018"
"1210507","DEXAMETH 0.25MG ORAL",1.40,"12/20/2018"
"1210537","MIDAZOL  HCL 1MG INJ",50.00,"12/20/2018"
"1210538","MIDAZOL  HCL 1MG INJ",50.00,"12/20/2018"
"1210539","HEPARIN 1000U INJ   ",27.00,"12/20/2018"
"1210552","PHYTONADIONE 1MG INJ",15.00,"12/20/2018"
"1210554","IPRA-ALBU.5-2.5MG/3M",29.00,"12/20/2018"
"1210557","CEFAZOLIN 500MG INJ ",84.00,"12/20/2018"
"1210558","VANCOMYCIN 500MG INJ",186.00,"12/20/2018"
"1210595","RALTEGRAVIR 400MG TB",52.50,"12/20/2018"
"1210606","LET SOLN 3ML        ",64.25,"12/20/2018"
"1210736","MAGNES SULF 500MGINJ",42.00,"12/20/2018"
"1210739","POTASSI CHL 2MEQ INJ",35.00,"12/20/2018"
"1210740","MORPHINE UP TO 10MG ",155.00,"12/20/2018"
"1210746","MULTIVITAM INJ 10ML ",161.00,"12/20/2018"
"1210752","VIT D3 1000UNT TAB  ",1.00,"12/20/2018"
"1210796","CEFEPIME 500MG INJ  ",98.00,"12/20/2018"
"1210798","DOPAMIN HCL 40MG INJ",47.75,"12/20/2018"
"1210901","HEPARIN 1000U INJ   ",27.00,"12/20/2018"
"1210903","MAGNES SULF 500MGINJ",42.00,"12/20/2018"
"1210967","DEXAMETH NA 1MG INJ ",19.00,"12/20/2018"
"1210999","ROPINIROLE 3MG TAB  ",32.25,"12/20/2018"
"1211039","GENTAMICIN UPTO 80MG",66.50,"12/20/2018"
"1211043","PEMETREXED 10MG INJ ",442.00,"12/20/2018"
"1211051","EPO NESRD 1000 U INJ",186.50,"12/20/2018"
"1211091","HYDROCORTIS 100MGINJ",161.00,"12/20/2018"
"1211117","HEPARIN NA 10U FLUSH",3.00,"12/20/2018"
"1211130","DEXAMETH 0.25MG ORAL",1.40,"12/20/2018"
"1211154","VANCOMYCIN 500MG INJ",186.00,"12/20/2018"
"1211157","SOD CHLOR .9% 10ML  ",17.50,"12/20/2018"
"1211159","MAGNES SULF 500MGINJ",42.00,"12/20/2018"
"1211162","HEPARIN 1000U INJ   ",27.00,"12/20/2018"
"1211187","MAGNES SULF 500MGINJ",42.00,"12/20/2018"
"1211190","TUBERCU 5U/.1ML .1ML",161.00,"12/20/2018"
"1211199","DEXTROSE 50% 50ML   ",161.00,"12/20/2018"
"1211202","MULTIVIT-MIN LIQ 5ML",1.00,"12/20/2018"
"1211205","MULTIVITAMIN W/MINER",1.00,"12/20/2018"
"1211206","APAP/COD 120-12/5ML ",18.75,"12/20/2018"
"1211208","K & NA PHOS PWD PKT ",1.00,"12/20/2018"
"1211212","MORPH PO 10MG/5ML 5M",23.25,"12/20/2018"
"1211226","MORPHINE UP TO 10MG ",155.00,"12/20/2018"
"1211347","MILRINONE 5MG INJ   ",23.25,"12/20/2018"
"1211396","DAKINS.125%SOL 480ML",26.00,"12/20/2018"
"1211455","IVIG (GAMMAGD) 500MG",320.00,"12/20/2018"
"1211500","FEBUXOSTAT 40MG TAB ",21.50,"12/20/2018"
"1211503","RABIES IG HEAT TX   ",1852.25,"12/20/2018"
"1211521","PRASUGREL 5MG TAB   ",29.25,"12/20/2018"
"1211524","LACOSAMIDE 50MG TAB ",24.50,"12/20/2018"
"1211531","NEOSTIGMINE .5MG INJ",39.75,"12/20/2018"
"1211542","CEFTRIAXONE 250MGINJ",124.00,"12/20/2018"
"1211555","LORATADINE 5MG/5ML  ",1.00,"12/20/2018"
"1211571","CARBOPLATIN 50MG INJ",234.25,"12/20/2018"
"1211614","OSELTAMIVIR 30MG CAP",40.75,"12/20/2018"
"1211630","PALIPERIDONE 1MG INJ",46.75,"12/20/2018"
"1211639","GLYCERIN 2GM SUPP   ",1.00,"12/20/2018"
"1211643","ATROPINE 0.01MG INJ ",1.50,"12/20/2018"
"1211702","FLUCONAZOL 200MG INJ",294.00,"12/20/2018"
"1211707","SEVELAMER 2.4GM PWD ",29.25,"12/20/2018"
"1211767","NOREPI 8MG D5W 250ML",320.75,"12/20/2018"
"1211786","PN VIT/FE/FA 27-.8TB",1.00,"12/20/2018"
"1211886","RIFAXIMIN 550MG TAB ",90.00,"12/20/2018"
"1211949","HALOPER DEC 50MGINJ ",164.50,"12/20/2018"
"1211984","KETAMINE 100MG/10ML ",110.75,"12/20/2018"
"1211996","LIP42-PRO14.2AMY24.6",13.00,"12/20/2018"
"1212061","TETRAHYDROZ.05% 15ML",8.50,"12/20/2018"
"1212109","DABIGATRAN 150MG TAB",30.25,"12/20/2018"
"1212118","ADRENL/EPINEP 0.1MG ",19.50,"12/20/2018"
"1212137","PEN G BENZ INJ 100K ",45.25,"12/20/2018"
"1212140","VIT D3 5000UNT CAP  ",1.00,"12/20/2018"
"1212148","ERIBULIN 0.1MG INJ  ",660.25,"12/20/2018"
"1212217","INSULIN 1 UNT INJ   ",1.80,"12/20/2018"
"1212221","INSULIN 1 UNT INJ   ",1.00,"12/20/2018"
"1212223","INSULIN 1 UNT INJ   ",1.80,"12/20/2018"
"1212224","INSULIN 1 UNT INJ   ",1.50,"12/20/2018"
"1212227","INSULIN 1 UNT INJ   ",1.50,"12/20/2018"
"1212257","CHLORHEXIN .12% 15ML",17.50,"12/20/2018"
"1212283","RIVAROXABAN 10MG TAB",31.50,"12/20/2018"
"1212286","ROFLUMILAS 500MCG TB",26.75,"12/20/2018"
"1212287","OSELTAMIV 6MG/ML 5ML",48.75,"12/20/2018"
"1212294","TICAGRELOR 90MG TAB ",18.75,"12/20/2018"
"1212296","MOME/FORM 200/5 13GM",30.25,"12/20/2018"
"1212332","RIVAROXABAN 15MG TAB",29.25,"12/20/2018"
"1212342","BRENTUXIMAB 1MG INJ ",743.50,"12/20/2018"
"1212377","LEVETIRACET 10MG INJ",5.00,"12/20/2018"
"1212406","CYCLOPHOSPHAMI 100MG",528.50,"12/20/2018"
"1212409","BENZ 20%DENT .5ML UD",25.75,"12/20/2018"
"1212435","MOME/FORM 100/5 13GM",30.25,"12/20/2018"
"1212498","ADRENL/EPINEP 0.1MG ",18.75,"12/20/2018"
"1212528","CARFILZOMIB 1MG INJ ",233.00,"12/20/2018"
"1212542","HALOPER DEC 50MGINJ ",168.00,"12/20/2018"
"1212585","ATROPINE 0.01MG INJ ",1.50,"12/20/2018"
"1212645","VANCOM 50MG/MLOR 5ML",27.00,"12/20/2018"
"1212647","FOSAPREPITANT 1MG IJ",13.00,"12/20/2018"
"1212651","PHENYLEPH 1% SPR 30M",6.00,"12/20/2018"
"1212657","POTASSI CHL 2MEQ INJ",29.25,"12/20/2018"
"1212689","FOLIC AC/B COMX W/C ",1.00,"12/20/2018"
"1212695","TIMOLOL MAL.5%OS 5ML",88.50,"12/20/2018"
"1212769","GUAIF-DM 100-10MG/5M",18.75,"12/20/2018"
"1212798","ONDANSETRON 1MG PO  ",6.20,"12/20/2018"
"1212800","ONDANSETRON 1MG PO  ",7.00,"12/20/2018"
"1212806","CELECOXIB 50MG CAP  ",13.00,"12/20/2018"
"1212854","DOCETAXEL 1MG INJ   ",116.75,"12/20/2018"
"1212856","DOCETAXEL 1MG INJ   ",116.75,"12/20/2018"
"1212857","DOCETAXEL 1MG INJ   ",116.75,"12/20/2018"
"1212863","BACITR ZN 1GM UD PKT",2.00,"12/20/2018"
"1212882","MICONAZOLE 2%PWD 45G",9.50,"12/20/2018"
"1212886","NALOXONE HCL 1MG INJ",191.25,"12/20/2018"
"1212931","AL200-MG200-SIM20/5M",1.00,"12/20/2018"
"1212963","IRINOTECAN  20MG INJ",350.00,"12/20/2018"
"1212965","CARBOXYME .5%OS 30ML",18.75,"12/20/2018"
"1213012","GEMCITABIN 200MG INJ",109.50,"12/20/2018"
"1213013","GEMCITABIN 200MG INJ",109.50,"12/20/2018"
"1213038","APIXABAN 2.5MG TAB  ",32.50,"12/20/2018"
"1213039","APIXABAN 5MG TAB    ",32.50,"12/20/2018"
"1213041","LINACLOTID 145MCG CP",30.25,"12/20/2018"
"1213187","ZOLEDRONIC ACID 1MG ",291.50,"12/20/2018"
"1213189","THIAMIN MONO 100MGTB",1.00,"12/20/2018"
"1213232","DIPHE1-ZNACE.1%CR28G",7.50,"12/20/2018"
"1213324","DOXYCYC MON 100MG CP",0.20,"12/20/2018"
"1213357","CALC GLUC NS 1G/50ML",105.00,"12/20/2018"
"1213381","CALC CARB 1250MG/5ML",1.00,"12/20/2018"
"1213394","DIAZEPAM 5MG INJ    ",81.00,"12/20/2018"
"1213398","TRACE 4 MINERALS 10M",75.75,"12/20/2018"
"1213403","PSYLLIUM 58.12%PWDPK",1.00,"12/20/2018"
"1213440","MELATONIN 5MG TAB   ",1.00,"12/20/2018"
"1213544","FLU VAC QUAD 3YR-ADU",124.75,"12/20/2018"
"1213605","PHYTONADI 1MG/ML 1ML",64.25,"12/20/2018"
"1213713","CHLORPROMAZIN 5MG PO",3.70,"12/20/2018"
"1213835","OBINUTUZUM 10MG INJ ",275.50,"12/20/2018"
"1214002","FLU VAC QUAD 6-35MO ",55.00,"12/20/2018"
"1214003","ADENOSINE 1MG INJ   ",23.25,"12/20/2018"
"1214004","ADENOSINE 1MG INJ   ",23.25,"12/20/2018"
"1214009","PROPOFOL 10MG INJ   ",5.80,"12/20/2018"
"1214010","PROPOFOL 10MG INJ   ",5.80,"12/20/2018"
"1214014","PACLITAXEL 1MG INJ  ",12.25,"12/20/2018"
"1214029","IVIG (OCTAGAM) 500MG",320.00,"12/20/2018"
"1214099","NIVOLUMAB 1MG INJ   ",146.75,"12/20/2018"
"1214121","NIVOLUMAB 1MG INJ   ",146.75,"12/20/2018"
"1214146","PEMBROLIZUM 1MG INJ ",268.00,"12/20/2018"
"1214154","SACUT24-VALSA26MG TB",27.00,"12/20/2018"
"1214162","RIFAPENTINE 150MG TB",16.00,"12/20/2018"
"1214177","DOCETAXEL 1MG INJ   ",108.00,"12/20/2018"
"1214244","ABA600-DOL50-LAM300T",225.00,"12/20/2018"
"1214281","TBO-FILGRASTIM 1MCG ",5.75,"12/20/2018"
"1214282","TBO-FILGRASTIM 1MCG ",5.75,"12/20/2018"
"1214284","PREDNISONE 1MG ORAL ",2.70,"12/20/2018"
"1214286","PREDNISONE 1MG ORAL ",2.70,"12/20/2018"
"1214287","PREDNISONE 1MG ORAL ",2.70,"12/20/2018"
"1214292","DARATUMUMAB 10MG INJ",285.50,"12/20/2018"
"1214294","DARATUMUMAB 10MG INJ",285.50,"12/20/2018"
"1214359","CARFILZOMIB 1MG INJ ",233.00,"12/20/2018"
"1214375","METHYLENE BLUE.5%10M",270.00,"12/20/2018"
"1214472","KBIC-CIT AC20MEQEFTB",13.00,"12/20/2018"
"1214545","EDAVARONE 1MG INJ   ",105.00,"12/20/2018"
"1216944","ACETAMINOPHEN 325MGS",1.00,"12/20/2018"
"1216945","ACETAMINOPH 500MG TB",1.00,"12/20/2018"
"1216946","ACETAMINOPHEN 120MGS",1.00,"12/20/2018"
"1216947","ACETAMINOPHEN 325MG ",1.00,"12/20/2018"
"1216948","ACETAMINOPHEN 650MGS",1.00,"12/20/2018"
"1216954","ACETYLCYS 20%INH 4ML",77.00,"12/20/2018"
"1216958","ACYCLOVIR 200MG CAP ",17.50,"12/20/2018"
"1216966","ALLOPURINOL 100MG TB",17.50,"12/20/2018"
"1216967","ALLOPURINOL 300MG TB",17.50,"12/20/2018"
"1216969","ALPRAZOLAM 0.25MG TB",17.50,"12/20/2018"
"1216971","ALPRAZOLAM 0.5MG TAB",19.75,"12/20/2018"
"1216980","AMITRIPTYLINE 25MGTB",17.50,"12/20/2018"
"1216981","AMITRIPTYLINE 10MG T",17.50,"12/20/2018"
"1216983","AMLODIPINE 5MG TAB  ",22.25,"12/20/2018"
"1216984","AMMONIA AROMATIC INH",4.50,"12/20/2018"
"1216990","AMOX500-KCLAV125MGTB",25.75,"12/20/2018"
"1216991","AMOX875-CLAV125MG TB",45.25,"12/20/2018"
"1216993","AMOXICILLIN 250MG CP",17.50,"12/20/2018"
"1216997","ANASTROZOLE 1MG TAB ",115.50,"12/20/2018"
"1217006","ASCORBIC AC 500MG TB",1.00,"12/20/2018"
"1217007","ASPIRIN 325MG DR TAB",1.00,"12/20/2018"
"1217008","ASPIRIN 300MG SUPP  ",3.50,"12/20/2018"
"1217009","ASPIRIN 325MG TAB   ",1.00,"12/20/2018"
"1217010","ASPIRIN 81MG CHEW   ",1.00,"12/20/2018"
"1217011","ASPIRIN 81MG DR TAB ",1.00,"12/20/2018"
"1217012","ASPI25-DIPYR200 SRCP",30.25,"12/20/2018"
"1217013","ATENOLOL 25MG TAB   ",22.25,"12/20/2018"
"1217016","ATORVASTATIN 10MG TB",18.75,"12/20/2018"
"1217017","ATOVAQU 750MG/5ML 5M",75.00,"12/20/2018"
"1217020","ATROPINE SUL1%OS 5ML",109.50,"12/20/2018"
"1217026","AZITHROMYCIN 250MGTB",26.75,"12/20/2018"
"1217028","AZTREONAM 1GM SOLR  ",348.75,"12/20/2018"
"1217032","BACITRACIN 50000U IM",175.00,"12/20/2018"
"1217034","BACLOFEN 10MG TAB   ",17.50,"12/20/2018"
"1217046","BENZONATATE 100MG CP",19.75,"12/20/2018"
"1217048","BENZTROPINE ME 1MGTB",22.25,"12/20/2018"
"1217049","BENZTROPIN ME .5MGTB",16.25,"12/20/2018"
"1217057","BETHANECHOL 25MG TAB",14.00,"12/20/2018"
"1217059","BISACODYL 5MG DR TAB",1.00,"12/20/2018"
"1217060","BISACODYL 10MG SUPP ",1.00,"12/20/2018"
"1217077","BUPIVAC-MPF .5% 10ML",152.75,"12/20/2018"
"1217087","BUPROPION 75MG TAB  ",17.50,"12/20/2018"
"1217088","BUSPIRONE 5MG TAB   ",17.50,"12/20/2018"
"1217089","BUSPIRONE 10MG TAB  ",17.50,"12/20/2018"
"1217095","CALCITRIOL .25MCG CP",17.50,"12/20/2018"
"1217096","CALCIUM ACE 667MG CP",17.50,"12/20/2018"
"1217097","CALC CARB 600MG TAB ",1.00,"12/20/2018"
"1217100","TAMSULOSIN 0.4MG CAP",29.25,"12/20/2018"
"1217103","TEMAZEPAM 15MG CAP  ",22.25,"12/20/2018"
"1217105","TERAZOSIN 1MG CAP   ",17.50,"12/20/2018"
"1217106","TERBINAFIN 1% CR12GM",24.00,"12/20/2018"
"1217141","TOPIRAMATE 25MG TAB ",26.75,"12/20/2018"
"1217143","TRAMADOL 50MG TAB   ",17.50,"12/20/2018"
"1217147","TRAZODONE 50MG TAB  ",22.25,"12/20/2018"
"1217161","TRIHEXYPHENIDY 2MGTB",12.00,"12/20/2018"
"1217166","TROPICAMID 1%OS 3ML ",112.00,"12/20/2018"
"1217171","VALACYCLOVI 500MG TB",33.75,"12/20/2018"
"1217174","VALPROATE 100MG/ML  ",164.50,"12/20/2018"
"1217180","VECURONIUM 10MG INJ ",154.00,"12/20/2018"
"1217182","VENLAFAXI 75MG SR CP",23.25,"12/20/2018"
"1217184","VENLAFAXI 150MG SRCP",30.25,"12/20/2018"
"1217185","VENLAFAXI 37.5M SRCP",39.75,"12/20/2018"
"1217189","VERAPAMIL 240MG CRTB",17.50,"12/20/2018"
"1217192","FLUOXETINE 10MG CAP ",33.75,"12/20/2018"
"1217193","VERAPAMIL 180MG CRTB",17.50,"12/20/2018"
"1217197","WARFARIN 10MG TAB   ",22.25,"12/20/2018"
"1217198","WARFARIN 1MG TAB    ",22.25,"12/20/2018"
"1217199","WARFARIN 2.5MG TAB  ",22.25,"12/20/2018"
"1217200","WARFARIN 5MG TAB    ",22.25,"12/20/2018"
"1217201","WARFARIN 7.5MG TAB  ",22.25,"12/20/2018"
"1217208","ZINC SULF 220MG CAP ",19.75,"12/20/2018"
"1217211","ZIPRASIDONE 20MG CAP",66.50,"12/20/2018"
"1217212","ZOLPIDEM 5MG TAB    ",23.25,"12/20/2018"
"1217213","FUROSEMIDE 20MG TAB ",19.75,"12/20/2018"
"1217214","FUROSEMIDE 40MG TAB ",19.75,"12/20/2018"
"1217215","GABAPENTIN 300MG CAP",23.25,"12/20/2018"
"1217216","GABAPENTIN 100MG CAP",17.50,"12/20/2018"
"1217217","GABAPENTIN 400MG CAP",17.50,"12/20/2018"
"1217223","GEMFIBROZIL 600MG TB",17.50,"12/20/2018"
"1217224","GENTAMCYI.3%OIN 3.5G",95.50,"12/20/2018"
"1217229","GLIMEPIRIDE 2MG TAB ",22.25,"12/20/2018"
"1217231","GLIPIZIDE 2.5MG SRTB",17.50,"12/20/2018"
"1217232","GLIPIZIDE 5MG TAB   ",22.25,"12/20/2018"
"1217239","GLYCOPYR 0.2MG/ML 1M",123.75,"12/20/2018"
"1217245","HALOPERIDOL 1MG TAB ",22.25,"12/20/2018"
"1217246","HALOPERIDOL 5MG TAB ",22.25,"12/20/2018"
"1217256","CALC CARB 500MG CHW ",1.00,"12/20/2018"
"1217260","CALCIUM CL 10% 10ML ",145.75,"12/20/2018"
"1217261","FLUOXETINE 20MG CAP ",38.50,"12/20/2018"
"1217270","CARBAMAZEPINE 200MGT",17.50,"12/20/2018"
"1217294","CEFUROXIME 250MG TAB",36.25,"12/20/2018"
"1217304","CHLORDIAZEPOXIDE 25M",17.50,"12/20/2018"
"1217305","CHLORDIAZEPOX 10MGCP",22.25,"12/20/2018"
"1217314","CHLORTHALIDONE 25MGT",19.75,"12/20/2018"
"1217328","CITALOPRAM 20MG TAB ",38.50,"12/20/2018"
"1217335","CLINDAMYCIN 150MG CP",26.75,"12/20/2018"
"1217338","CLINDAMYCIN600MG/4ML",97.25,"12/20/2018"
"1217339","CLONAZEPAM 0.5MG TAB",17.50,"12/20/2018"
"1217341","CLONIDINE-TTS-2 .2MG",175.00,"12/20/2018"
"1217342","CLONIDINE-TTS-3 .3MG",196.00,"12/20/2018"
"1217343","CLONIDINE 0.1MG TAB ",19.75,"12/20/2018"
"1217346","CLOPIDOGREL 75MG TAB",58.25,"12/20/2018"
"1217348","CLOTRIMAZ 1%CRM 30GM",7.50,"12/20/2018"
"1217352","COCAINE 4% 4ML SOLN ",365.00,"12/20/2018"
"1217354","ACET/CODEI 300/30 TB",22.25,"12/20/2018"
"1217361","PROMET6.25-COD10/5ML",17.50,"12/20/2018"
"1217362","COLCHICINE 0.6MG TAB",26.75,"12/20/2018"
"1217370","CYCLOBENZAPRINE 10MG",17.50,"12/20/2018"
"1217372","CYPROHEPTADINE 4MGTB",17.50,"12/20/2018"
"1217386","DEXTROSE25%-H2O 10ML",141.25,"12/20/2018"
"1217389","DIAZEPAM 2MG TAB    ",19.75,"12/20/2018"
"1217390","DIAZEPAM 5MG TAB    ",17.50,"12/20/2018"
"1217400","DIGOXIN 0.125MG TAB ",17.50,"12/20/2018"
"1217404","DILTIAZEM 30MG TAB  ",17.50,"12/20/2018"
"1217406","DILTIAZE 180MG SR CP",18.75,"12/20/2018"
"1217407","DILTIAZEM 240MG SRCP",18.75,"12/20/2018"
"1217412","HYDRALAZINE 25MG TAB",17.50,"12/20/2018"
"1217413","HYDRALAZINE 10MG TAB",22.25,"12/20/2018"
"1217423","HYDROCORT 1%OIN 30GM",7.50,"12/20/2018"
"1217427","HYDROCORT 1%CR 30GM ",7.50,"12/20/2018"
"1217432","HYDROXYZINE 25MG TAB",17.50,"12/20/2018"
"1217433","HYDROXYZINE 10MG TAB",19.75,"12/20/2018"
"1217444","IBUPROFEN 100MG/5ML ",1.00,"12/20/2018"
"1217445","IBUPROFEN 200MG TAB ",1.00,"12/20/2018"
"1217446","IBUPROFEN 400MG TAB ",19.75,"12/20/2018"
"1217447","IBUPROFEN 600MG TAB ",22.25,"12/20/2018"
"1217449","IMIPRAMINE 25MG TAB ",17.50,"12/20/2018"
"1217453","INDOMETHACIN 25MG CP",17.50,"12/20/2018"
"1217466","ISONIAZID 300MG TAB ",19.75,"12/20/2018"
"1217468","ISOSORBIDE DI 10MGTB",22.25,"12/20/2018"
"1217469","ISOSORBIDE DI 20MGTB",17.50,"12/20/2018"
"1217471","ISOSORBI MON 20MG TB",19.75,"12/20/2018"
"1217473","ISOSORB MON 30MGSRTB",22.25,"12/20/2018"
"1217480","KETAMINE 500MG/10ML ",145.75,"12/20/2018"
"1217482","KETOCONAZ 2%CRM 15GM",95.50,"12/20/2018"
"1217486","KETOROLAC 10MG TAB  ",17.50,"12/20/2018"
"1217487","LABETALOL 100MG/20ML",14.00,"12/20/2018"
"1217488","LABETALOL 100MG TAB ",22.25,"12/20/2018"
"1217489","LACTULOSE 20GM/30ML ",21.00,"12/20/2018"
"1217493","LAMOTRIGINE 100MG TB",36.25,"12/20/2018"
"1217498","LATANOPR.005%OS 2.5M",81.50,"12/20/2018"
"1217504","LEVOFLOXACIN 250MGTB",45.25,"12/20/2018"
"1217507","LEVOTHYROX 125MCG TB",17.50,"12/20/2018"
"1217509","LEVOTHYROXI 50MCG TB",19.75,"12/20/2018"
"1217511","LEVOTHYROX 200MCG IV",434.00,"12/20/2018"
"1217513","LEVOTHYROXIN 75MCGTB",19.75,"12/20/2018"
"1217514","LEVOTHYROXI 88MCG TB",17.50,"12/20/2018"
"1217515","LIDOCAINE 5% PATCH  ",70.00,"12/20/2018"
"1217516","LIDOCAINE 2% GEL 5ML",19.75,"12/20/2018"
"1217520","LIDOCAINE 1% 20ML   ",171.50,"12/20/2018"
"1217521","LIDOCAINE 2% INJ 20M",171.50,"12/20/2018"
"1217523","LIDOCAINE VI 2% 20ML",17.50,"12/20/2018"
"1217530","LISINOPRIL 5MG TAB  ",19.75,"12/20/2018"
"1217534","LIDOCAIN 1%/EPI 30ML",154.00,"12/20/2018"
"1217543","LINEZOLID 600MG TAB ",332.25,"12/20/2018"
"1217547","LISINOPRIL 10MG TAB ",22.25,"12/20/2018"
"1217549","LITHIUM CARB 150MGCP",17.50,"12/20/2018"
"1217550","LOPERAMIDE 2MG CAP  ",17.50,"12/20/2018"
"1217552","LORATADINE 10MG TAB ",1.00,"12/20/2018"
"1217553","LORAZEPAM 0.5MG TAB ",19.75,"12/20/2018"
"1217554","LORAZEPAM 1MG TAB   ",22.25,"12/20/2018"
"1217561","MAGNESIUM CITR 300ML",3.50,"12/20/2018"
"1217564","MAGNESIUM OX 400MGTB",19.75,"12/20/2018"
"1217572","DIPHENH 12.5/5ML 10M",1.00,"12/20/2018"
"1217573","DIPHENHYDRAMI25MG CP",1.00,"12/20/2018"
"1217575","DIPHENO2.5-ATR.025TB",19.75,"12/20/2018"
"1217581","DIVALPROEX 250MGDRTB",22.25,"12/20/2018"
"1217583","DIVALPROEX 500MGDRTB",33.75,"12/20/2018"
"1217588","DOCUSATE NA 100MG CP",1.00,"12/20/2018"
"1217589","DONEPEZIL 5MG TAB   ",70.00,"12/20/2018"
"1217596","DOXEPIN 25MG CAP    ",17.50,"12/20/2018"
"1217600","DOXYCYCLINE 100MG IV",198.25,"12/20/2018"
"1217609","ENALAPRIL 5MG TAB   ",17.50,"12/20/2018"
"1217610","ENALAPRILAT1.25MG/ML",154.00,"12/20/2018"
"1217618","RACEPINEPH 2.25% .5M",23.25,"12/20/2018"
"1217619","ERGOCALCI 50000UN CP",18.75,"12/20/2018"
"1217623","ERYTHR OP5MG/GM 3.5G",117.75,"12/20/2018"
"1217632","ESMOLOL 10MG/ML 10ML",152.75,"12/20/2018"
"1217634","ESTRADIOL 1MG TAB   ",17.50,"12/20/2018"
"1217651","FAMOTIDINE 20MG/2ML ",171.50,"12/20/2018"
"1217652","FAMOTIDINE 20MG TAB ",1.00,"12/20/2018"
"1217659","FLUPHENAZINE 1MG TAB",19.75,"12/20/2018"
"1217660","FLUPHENAZINE 2.5MGTB",19.75,"12/20/2018"
"1217664","FLUTICASO 110MCG 12G",30.25,"12/20/2018"
"1217672","FOLIC ACID 1MG TAB  ",1.00,"12/20/2018"
"1217673","FOLIC ACID 50MG/10ML",35.00,"12/20/2018"
"1217684","FENTANYL 25MCG/HR PT",223.75,"12/20/2018"
"1217685","FENTANYL 50MCG/HR PT",234.25,"12/20/2018"
"1217689","FERR SULF 300MG/5 UD",3.50,"12/20/2018"
"1217691","FERR SULF 325MG TAB ",1.00,"12/20/2018"
"1217696","FLUCONAZOLE 100MG TB",92.00,"12/20/2018"
"1217697","FLUDROCORTIS .1MG TB",17.50,"12/20/2018"
"1217710","MECLIZINE 12.5MG TAB",17.50,"12/20/2018"
"1217712","MEDROXYPROGE 2.5MGTB",19.75,"12/20/2018"
"1217714","MEGESTROL ACE 40MGTB",22.25,"12/20/2018"
"1217716","MELOXICAM 7.5MG TAB ",17.50,"12/20/2018"
"1217717","MENTHOL 2MG LOZ     ",1.00,"12/20/2018"
"1217733","ACYCLOVIR 800MG TAB ",29.25,"12/20/2018"
"1217736","AMLODIPINE 2.5MG TAB",17.50,"12/20/2018"
"1217741","HYDROCORT 25MG SUPP ",17.50,"12/20/2018"
"1217742","BUT50-APAP325-CF40TB",18.75,"12/20/2018"
"1217743","ARTIFIC TEARS OS15ML",70.00,"12/20/2018"
"1217769","CARBID10-LEVO100MGTB",17.50,"12/20/2018"
"1217771","CARVEDILO 3.125MG TB",26.75,"12/20/2018"
"1217788","EPHEDRINE 50MG INJ  ",154.00,"12/20/2018"
"1217796","SOD PHOS ENEMA 135ML",2.40,"12/20/2018"
"1217797","SOD PHOS ENEMA 66ML ",3.50,"12/20/2018"
"1217798","MINERAL OIL EN 135ML",4.25,"12/20/2018"
"1217802","GOLYTELY 4L         ",188.00,"12/20/2018"
"1217803","HALOPERIDOL 0.5MG TB",17.50,"12/20/2018"
"1217810","HYDROMORPHONE 2MG TA",17.50,"12/20/2018"
"1217811","HYDROXYCHLOR 200MGTB",17.50,"12/20/2018"
"1217816","LAMOTRIGINE 25MG TAB",48.75,"12/20/2018"
"1217818","LISINOPRIL 20MG TAB ",22.25,"12/20/2018"
"1217825","METFORMIN 500MG TAB ",19.75,"12/20/2018"
"1217827","METHYLPHENIDT 5MG TB",23.25,"12/20/2018"
"1217830","METOPROLOL 50MG SRTB",23.25,"12/20/2018"
"1217837","MORPHINE 30MG SR TAB",23.25,"12/20/2018"
"1217839","MUPIROCIN 2%OIN 22GM",253.00,"12/20/2018"
"1217840","NABUMETONE 500MG TAB",22.25,"12/20/2018"
"1217847","NITROGLY. 50MG/250ML",247.25,"12/20/2018"
"1217849","OLANZAPINE 10MG TAB ",117.75,"12/20/2018"
"1217873","PIOGLITAZONE 15MG TB",48.75,"12/20/2018"
"1217876","POTASS CL 10MEQ CRCP",17.50,"12/20/2018"
"1217897","ROPINIROLE 1MG TAB  ",29.25,"12/20/2018"
"1217899","SEVELAMER 800MG TAB ",23.25,"12/20/2018"
"1217904","SULFASALAZIN 500MGTB",19.75,"12/20/2018"
"1217905","SUMATRIPTAN 25MG TAB",88.50,"12/20/2018"
"1217909","TERAZOSIN 5MG CAP   ",22.25,"12/20/2018"
"1217918","TOBRAMYCIN UPTO 80MG",123.75,"12/20/2018"
"1217919","TOBRAMYCI .3% OS 5ML",85.00,"12/20/2018"
"1217939","VITAMIN E 400IU CAP ",1.00,"12/20/2018"
"1217940","WARFARIN 2MG TAB    ",22.25,"12/20/2018"
"1217952","LEVOFLOXIN 500MG TAB",47.75,"12/20/2018"
"1217957","EZETIMIBE 10MG TAB  ",22.25,"12/20/2018"
"1217961","CILOSTAZOL 50MG TAB ",19.75,"12/20/2018"
"1217975","METHADONE 10MG TAB  ",22.25,"12/20/2018"
"1217987","METOCLOPRAMIDE 5MGTB",19.75,"12/20/2018"
"1217988","METOLAZONE 2.5MG TAB",17.50,"12/20/2018"
"1217990","METOPROLOL 50MG TAB ",19.75,"12/20/2018"
"1217991","METOPROLO 1MG/ML 5ML",154.00,"12/20/2018"
"1217992","METRONIDAZOL 250MGTB",17.50,"12/20/2018"
"1218005","MINOXIDIL 2.5MG TAB ",17.50,"12/20/2018"
"1218006","MINOXIDIL 10MG TAB  ",17.50,"12/20/2018"
"1218007","MIRTAZAPINE 15MG TAB",26.75,"12/20/2018"
"1218021","PRAVASTATIN 10MG TAB",15.00,"12/20/2018"
"1218033","MONTELUKAST 10MG TAB",43.25,"12/20/2018"
"1218035","MORPHINE 15MG SR TAB",19.75,"12/20/2018"
"1218037","MORPHINE 15MG TAB   ",19.75,"12/20/2018"
"1218060","NAPROXEN 250MG TAB  ",17.50,"12/20/2018"
"1218061","NAPROXEN 375MG TAB  ",17.50,"12/20/2018"
"1218073","NEO-POLY-HC OTIC10ML",122.50,"12/20/2018"
"1218081","NIACIN 500MG TAB CR ",1.00,"12/20/2018"
"1218082","NICOTINE 7MG/24HR PT",3.50,"12/20/2018"
"1218083","NICOTINE 14MG/24HR P",3.50,"12/20/2018"
"1218084","NICOTINE 21MG/24HR P",3.50,"12/20/2018"
"1218087","NIFEDIP OSM 30MGSRTB",23.25,"12/20/2018"
"1218089","NIFEDIPINE 10MG CAP ",17.50,"12/20/2018"
"1218091","NITROFURANTOIN50MGCP",17.50,"12/20/2018"
"1218098","NITROGLYC .2MG/HR PT",29.25,"12/20/2018"
"1218102","NITROGLYCE .4MG SLTB",19.75,"12/20/2018"
"1218107","NOREPINEPH 4MG/4ML  ",154.00,"12/20/2018"
"1218108","NORTRIPTYLINE 10MGCP",17.50,"12/20/2018"
"1218109","NORTRIPTYLIN 25MG CP",17.50,"12/20/2018"
"1218112","NYSTATIN 500000U/5ML",23.25,"12/20/2018"
"1218113","NYSTAT 100KU/G CR15G",92.00,"12/20/2018"
"1218118","OFLOXACIN .3%OS 5ML ",137.75,"12/20/2018"
"1218120","OLANZAPINE 2.5MG TAB",75.75,"12/20/2018"
"1218126","ORPHENADR UP TO 60MG",171.50,"12/20/2018"
"1218127","OSELTAMIVIR 75MG CAP",63.00,"12/20/2018"
"1218130","OXCARBAZEPI 150MG TB",23.25,"12/20/2018"
"1218131","OXYBUTYNIN 5MG TAB  ",17.50,"12/20/2018"
"1218133","OXYCODONE 5MG TAB   ",17.50,"12/20/2018"
"1218134","OXYCODONE 10MG TAB  ",23.25,"12/20/2018"
"1218135","OXYCODONE 40MG SR TB",53.75,"12/20/2018"
"1218143","CEFDINIR 300MG CAP  ",43.25,"12/20/2018"
"1218147","PANTOPRAZO 40MG ECTB",17.50,"12/20/2018"
"1218151","PAROXETINE 20MG TAB ",33.75,"12/20/2018"
"1218156","POT CL20MEQ MIC CRTB",19.75,"12/20/2018"
"1218165","PHENAZOPYRID 100MGTB",17.50,"12/20/2018"
"1218168","PHENYLEPH 2.5%OS 2ML",114.25,"12/20/2018"
"1218184","POLYETH GLY 3350 PKT",3.50,"12/20/2018"
"1218204","PRAVASTATIN 20MG TAB",16.25,"12/20/2018"
"1218208","PREDNIS ACE 1%OS 5ML",80.00,"12/20/2018"
"1218211","PRIMIDONE 50MG TAB  ",17.50,"12/20/2018"
"1218216","PROMETHAZINE 25MG SP",23.25,"12/20/2018"
"1218218","PROMETHAZINE 6.25/5M",18.75,"12/20/2018"
"1218226","PROPRANOLOL 10MG TAB",17.50,"12/20/2018"
"1218227","PROPRANOLOL 40MG TAB",14.00,"12/20/2018"
"1218234","PYRIDOXINE 50MG TAB ",1.00,"12/20/2018"
"1218235","QUETIAPINE 100MG TAB",24.00,"12/20/2018"
"1218236","QUETIAPINE 25MG TAB ",16.00,"12/20/2018"
"1218244","RALOXIFENE 60MG TAB ",43.25,"12/20/2018"
"1218256","RISPERIDONE 1MG TAB ",58.25,"12/20/2018"
"1218259","ROCURON 10MG/ML 5ML ",40.75,"12/20/2018"
"1218267","SCOPOLAMINE 1.5MG PT",70.00,"12/20/2018"
"1218270","SENNA/DOCUS 8.6-50TB",1.00,"12/20/2018"
"1218272","SERTRALINE 50MG TAB ",38.50,"12/20/2018"
"1218275","SILVER NITRATE APPLI",17.50,"12/20/2018"
"1218278","SILV SULF 1%CRM 50GM",161.00,"12/20/2018"
"1218279","SIMETHICONE 80MG CHW",1.00,"12/20/2018"
"1218290","SOD BICARB 8.4% 50ML",171.50,"12/20/2018"
"1218304","SOD PHOS 45MMOL/15ML",144.75,"12/20/2018"
"1218309","SOTALOL 80MG TAB    ",29.25,"12/20/2018"
"1218310","SPIRONOLACTON 25MGTB",19.75,"12/20/2018"
"1218313","SUCRALFATE 1GM TAB  ",19.75,"12/20/2018"
"1218319","SULFA-TMP 800-160 TB",17.50,"12/20/2018"
"1218321","SULFAME-TMP 200-40/5",23.25,"12/20/2018"
"1218334","METOCLOP 1MG/ML 10ML",17.50,"12/20/2018"
"1218337","OPTHAL IRR INTR 15ML",38.00,"12/20/2018"
"1218386","ENALAPRIL 10MG TAB  ",17.50,"12/20/2018"
"1218388","TOPIRAMATE 100MG TAB",66.50,"12/20/2018"
"1218392","ATORVASTATIN 20MG TB",22.25,"12/20/2018"
"1218398","LOSARTAN 25MG TAB   ",17.50,"12/20/2018"
"1218403","IBUPROFEN 800MG TAB ",17.50,"12/20/2018"
"1218408","METHIMAZOLE 5MG TAB ",17.50,"12/20/2018"
"1218416","BUEDSON .5MG/2ML INH",48.75,"12/20/2018"
"1218419","CLONAZEPAM 1MG TAB  ",17.50,"12/20/2018"
"1218423","ZIPRASIDONE 40MG CAP",70.00,"12/20/2018"
"1218454","SOD CHLORIDE 1GM TAB",1.00,"12/20/2018"
"1218465","PRAVASTATIN 40MG TAB",16.25,"12/20/2018"
"1218479","ACETAZOLAMIDE 125MG ",12.50,"12/20/2018"
"1218501","CARVEDILOL 12.5MG TB",23.25,"12/20/2018"
"1218503","ROPINIROLE 0.25MG TB",22.25,"12/20/2018"
"1218576","POV-IODIN 10%OIN 30G",37.75,"12/20/2018"
"1218588","LEVOTHYROX 175MCG TB",19.75,"12/20/2018"
"1218617","WARFARIN 3MG TAB    ",22.25,"12/20/2018"
"1218636","AMLODIPINE 10MG TAB ",25.75,"12/20/2018"
"1218639","AZITHROM 40MG/ML 30M",24.50,"12/20/2018"
"1218643","ATORVASTATIN 40MG TB",26.75,"12/20/2018"
"1218677","CLOZAPINE 25MG TAB  ",22.25,"12/20/2018"
"1218678","CLOZAPINE 100MG TAB ",29.25,"12/20/2018"
"1218680","LETROZOLE 2.5MG TAB ",50.25,"12/20/2018"
"1218708","TRAZODONE 150MG TAB ",17.50,"12/20/2018"
"1218752","NEO/BAC/POLY UD PKT ",2.00,"12/20/2018"
"1218753","NEO/BAC/POLY OIN 30G",7.50,"12/20/2018"
"1218768","MICONAZOLE 2% CR 30G",7.50,"12/20/2018"
"1218777","BUPROPION 100MG TAB ",18.75,"12/20/2018"
"1218800","CYANOCOBAL 500MCG TB",1.00,"12/20/2018"
"1218820","LIDOCAINE 1% 10ML   ",144.75,"12/20/2018"
"1218824","LIDOCAINE 2% GEL30ML",42.00,"12/20/2018"
"1218866","TRIHEXYPHENIDY 5MGTB",14.00,"12/20/2018"
"1218875","HCTZ 12.5MG CAP     ",17.50,"12/20/2018"
"1218919","LIDOCAINE 10MG IV   ",16.25,"12/20/2018"
"1218946","FLUPHENAZINE 10MG TB",21.00,"12/20/2018"
"1218978","FAMOTIDINE 10MG TAB ",1.00,"12/20/2018"
"1218993","BACITR 500U/GM 30GM ",7.50,"12/20/2018"
"1218994","ZINC OX 40% OIN 120G",7.50,"12/20/2018"
"1219017","FLUPHENAZINE 5MG TAB",17.50,"12/20/2018"
"1219025","CEPHALEXIN 250MG CAP",17.50,"12/20/2018"
"1219040","LISINOPRIL 40MG TAB ",17.50,"12/20/2018"
"1219052","H-CODO 10/APAP 325 T",22.25,"12/20/2018"
"1219061","MIDODRINE 5MG TAB   ",18.75,"12/20/2018"
"1219132","PERMETHRIN 5%CRM 60G",239.25,"12/20/2018"
"1219174","APAP 650MG/20.3ML   ",1.00,"12/20/2018"
"1219177","ARIPIPRAZOLE 10MG TB",52.00,"12/20/2018"
"1219212","CHOLESTYR LT POW 4GM",26.75,"12/20/2018"
"1219218","CIPROFLOXA .3% 5ML  ",193.50,"12/20/2018"
"1219225","CLINDAMYCIN 300/2 VL",154.00,"12/20/2018"
"1219226","CLINDAMYCI 900MG/6ML",198.25,"12/20/2018"
"1219266","DILTIAZEM 125MG/25ML",154.00,"12/20/2018"
"1219353","GENTAMICIN UPTO 80MG",65.25,"12/20/2018"
"1219369","GUAIFEN 200MG/10ML  ",17.50,"12/20/2018"
"1219370","GUAIF-COD 200-20/10M",7.50,"12/20/2018"
"1219401","HYDROXYUREA 500MG CP",17.50,"12/20/2018"
"1219416","LABETALOL 20MG/4ML  ",14.00,"12/20/2018"
"1219419","LEVOTHYROX 112MCG TB",17.50,"12/20/2018"
"1219454","METRONID 500MG/100ML",198.25,"12/20/2018"
"1219520","POLY10K-TRIM.1%OS10M",83.00,"12/20/2018"
"1219522","POLYVINYL 1.4%OS 15M",4.50,"12/20/2018"
"1219591","TETRACAINE.5%OS 2ML ",99.00,"12/20/2018"
"1219638","ETOMIDATE 2MG/ML 20M",28.00,"12/20/2018"
"1219649","OXYMETAZLN HCL.05%30",3.50,"12/20/2018"
"1219666","SALINE.65%NAS SP 45M",4.50,"12/20/2018"
"1219691","DILTIAZE 120MG SR CP",18.75,"12/20/2018"
"1219693","LEVETIRACET 250MG TB",15.00,"12/20/2018"
"1219720","TIMOLOL .25% OS 10ML",84.00,"12/20/2018"
"1219721","GENTAMYC 0.3%OS 5ML ",114.25,"12/20/2018"
"1219749","AMOXICILLIN 875MGTAB",22.25,"12/20/2018"
"1219754","DICYCLOMINE 10MG CAP",19.75,"12/20/2018"
"1219779","LEVOFLOXACN 750MG TB",51.25,"12/20/2018"
"1219820","PRAMIPEXOLE .25MG TB",26.75,"12/20/2018"
"1219824","QUETIAPINE 300MG TAB",32.00,"12/20/2018"
"1219829","SENNOSIDES 8.6MG TAB",1.00,"12/20/2018"
"1219841","TRIAMCNOLO.5%CRM15GM",53.75,"12/20/2018"
"1219867","MAG HYD400MG/5ML 30M",3.50,"12/20/2018"
"1219898","DILTIAZEM 25MG/5ML V",136.25,"12/20/2018"
"1219918","PHENYTOIN 100MG/4ML ",24.50,"12/20/2018"
"1219926","SOD BICARB 50MEQ/50M",154.00,"12/20/2018"
"1219927","SPS 15GM/60ML SUSP  ",110.75,"12/20/2018"
"1219953","TRIAMCINOLN.1%CR15GM",68.75,"12/20/2018"
"1219960","NITROGLYCRN 2%OINTPK",22.25,"12/20/2018"
"1219996","LIDOCAIN 2%/EPI 30ML",161.00,"12/20/2018"
"1221000","D5LR UP TO 1000ML   ",341.75,"12/20/2018"
"1221003","D5W/KCL 20MEQ 1000ML",341.75,"12/20/2018"
"1221004","D10W 1000ML         ",269.50,"12/20/2018"
"1221007","D5W/0.45%NACL 500ML ",247.25,"12/20/2018"
"1221008","D5.45NS/KCL20 1000ML",341.75,"12/20/2018"
"1221009","D5.45NS/KCL40 1000ML",341.75,"12/20/2018"
"1221014","RINGER LAC UP TO 1L ",240.25,"12/20/2018"
"1221029","STERILE WATER 20ML  ",42.00,"12/20/2018"
"1221044","SOD CHLOR .45%1000ML",269.50,"12/20/2018"
"1221046","SOD CHLOR .45% 500ML",269.50,"12/20/2018"
"1221072","AA425D25LYTES 1000ML",320.75,"12/20/2018"
"1221085","SOD CHLOR .9% 100ML ",176.00,"12/20/2018"
"1221086","NS W/ KCL 20MEQ/1000",332.25,"12/20/2018"
"1221087","NS W/ KCL 40MEQ/1000",240.25,"12/20/2018"
"1221088","KCL 20MEQ/.45%NS1000",240.25,"12/20/2018"
"1221091","D5W/0.9%NSS+40MEQ 1L",240.25,"12/20/2018"
"1221104","SOD CHLOR 3% 500ML  ",247.25,"12/20/2018"
"1221109","D5W/0.45%NACL 1000ML",269.50,"12/20/2018"
"1221140","D10W 500ML          ",240.25,"12/20/2018"
"1221149","SOD CHLOR .9% 50ML  ",175.00,"12/20/2018"
"1221150","SOD CHLOR .9% 100ML ",93.50,"12/20/2018"
"1221180","DEXTROSE 50% 500ML  ",151.25,"12/20/2018"
"1221181","FAT EMULSION 20% 250",299.75,"12/20/2018"
"1221286","PDS 396MOSM/L 2000ML",298.50,"12/20/2018"
"1221300","SOD CHLOR .9% 50ML  ",93.50,"12/20/2018"
"1314000","PHLEBOTOMY THERAPEUT",704.50,"12/20/2018"
"1314016","CATECHOL FRACTNTD   ",851.50,"12/20/2018"
"1314026","CARBAMAZEPINE TOTAL ",885.25,"12/20/2018"
"1314039","LITHIUM             ",579.75,"12/20/2018"
"1314041","PHENOBARBITAL       ",898.00,"12/20/2018"
"1314042","PHENYTOIN TOTAL     ",338.25,"12/20/2018"
"1314043","PHENYTOIN FREE      ",1316.75,"12/20/2018"
"1314049","TACROLIMUS          ",951.75,"12/20/2018"
"1314051","TOBRAMYCIN          ",885.25,"12/20/2018"
"1314054","DRUG UNSPEC QUANT   ",1154.75,"12/20/2018"
"1314082","SPEC CHAIN CUSTODY  ",27.00,"12/20/2018"
"1314083","BLOOD TYPING ABO    ",236.75,"12/20/2018"
"1314084","BLOOD TYPING RH D   ",347.50,"12/20/2018"
"1314091","COMPATIB TEST IS    ",519.00,"12/20/2018"
"1314092","COMPATIB TEST INCUB ",666.00,"12/20/2018"
"1314093","COMPATIB TEST AHG   ",451.50,"12/20/2018"
"1314098","ACETON-KETON SERM QL",204.00,"12/20/2018"
"1314103","ADRENOCORT ACTH     ",2542.75,"12/20/2018"
"1314105","ALBUMIN SERUM       ",367.50,"12/20/2018"
"1314110","COMP METAB PANEL    ",714.00,"12/20/2018"
"1314112","LIPID PANEL         ",736.00,"12/20/2018"
"1314113","RENAL FUNCTION PANEL",565.75,"12/20/2018"
"1314115","HEPATIC FUNCTION PAN",624.00,"12/20/2018"
"1314116","MICROALB QNT        ",479.50,"12/20/2018"
"1314120","ALDOLASE            ",371.00,"12/20/2018"
"1314121","ALDOSTERONE         ",3082.75,"12/20/2018"
"1314125","AFP SERUM           ",207.75,"12/20/2018"
"1314135","AMMONIA             ",737.00,"12/20/2018"
"1314138","AMYLASE             ",704.50,"12/20/2018"
"1314143","ANGIOTENSIN CONV ENZ",2081.00,"12/20/2018"
"1314152","BILIRUBIN TOTAL     ",367.50,"12/20/2018"
"1314153","BILIRUBIN DIRECT    ",367.50,"12/20/2018"
"1314156","BLD OCCULT FECES 1-3",207.75,"12/20/2018"
"1314157","BLD OCCULT OTHER SRC",207.75,"12/20/2018"
"1314161","VITAMIN D 25OH      ",962.25,"12/20/2018"
"1314164","CALCIUM TOTAL       ",241.50,"12/20/2018"
"1314173","CARBON DIOXIDE CO2  ",367.50,"12/20/2018"
"1314176","CARCINOEMBRYONIC AG ",1508.25,"12/20/2018"
"1314184","CHEMILUM ASSAY NOS  ",777.75,"12/20/2018"
"1314186","CHLORIDE BLOOD      ",367.50,"12/20/2018"
"1314190","CHOLESTEROL TOTAL   ",367.50,"12/20/2018"
"1314200","CHROMIUM            ",194.75,"12/20/2018"
"1314207","CORTISOL TOTAL      ",1086.00,"12/20/2018"
"1314213","CPK TOTAL           ",284.50,"12/20/2018"
"1314215","CPK MB FRACTION     ",612.25,"12/20/2018"
"1314217","CREATININE BLOOD    ",241.50,"12/20/2018"
"1314218","CREATININE UR-OTHER ",367.50,"12/20/2018"
"1314219","CREATININE CLEARANCE",304.50,"12/20/2018"
"1314223","VITAMIN B-12        ",1691.25,"12/20/2018"
"1314227","DHEA-S              ",744.00,"12/20/2018"
"1314240","ERYTHROPOIETIN      ",988.00,"12/20/2018"
"1314241","ESTRADIOL           ",988.00,"12/20/2018"
"1314244","ESTRIOL             ",1380.00,"12/20/2018"
"1314254","FERRITIN            ",1046.25,"12/20/2018"
"1314258","FOLIC ACID SERUM    ",659.00,"12/20/2018"
"1314265","GAMMAGLOB M-G-A-D   ",1211.75,"12/20/2018"
"1314266","GAMMAGLOBULIN IGE   ",817.50,"12/20/2018"
"1314278","GLUCOSE, BODY FLUID ",479.50,"12/20/2018"
"1314280","GLUCOSE, QUANT      ",190.00,"12/20/2018"
"1314282","GLUCOSE, POST DOSE  ",290.50,"12/20/2018"
"1314283","GLUCOSE TOL, 3 SPECS",439.75,"12/20/2018"
"1314283","GTT 3 SPEC          ",439.75,"12/20/2018"
"1314284","GLUCOSE TOL, ADD SP ",744.00,"12/20/2018"
"1314284","GTT ADD SP          ",744.00,"12/20/2018"
"1314292","GGT                 ",479.50,"12/20/2018"
"1314297","FOLLICLE STIM HORM  ",1832.50,"12/20/2018"
"1314298","LEUTEINIZING HORMONE",1211.75,"12/20/2018"
"1314301","HAPTOGLOBIN, QUANT  ",1089.50,"12/20/2018"
"1314306","HEAVY METALS, QUANT ",287.00,"12/20/2018"
"1314308","HEMOGLOBIN, CHROMA  ",501.75,"12/20/2018"
"1314325","HOMOCYSTEINE        ",1577.00,"12/20/2018"
"1314328","5-HIAA              ",1154.75,"12/20/2018"
"1314333","IMMUNOASSAY, OTHER  ",95.50,"12/20/2018"
"1314335","IMMUNOASSAY, RIA    ",680.25,"12/20/2018"
"1314337","INSULIN, TOTAL      ",860.75,"12/20/2018"
"1314340","IRON                ",680.25,"12/20/2018"
"1314341","IRON BINDING CAPACIT",320.75,"12/20/2018"
"1314346","LACTIC ACID         ",939.00,"12/20/2018"
"1314347","LACTATE DEHYDROLDH  ",479.50,"12/20/2018"
"1314352","LEAD                ",939.00,"12/20/2018"
"1314358","LIPASE              ",704.50,"12/20/2018"
"1314361","LIPOPROTEIN, HDL    ",569.25,"12/20/2018"
"1314365","MAGNESIUM           ",248.50,"12/20/2018"
"1314371","MERCURY             ",646.00,"12/20/2018"
"1314372","METANEPHRINES       ",1473.00,"12/20/2018"
"1314380","MYOGLOBIN           ",439.75,"12/20/2018"
"1314381","NEPHELOMETRY, NOS   ",635.50,"12/20/2018"
"1314403","ORGAN ACID,SIN,QUAN ",1832.50,"12/20/2018"
"1314405","OSMOLALITY, BLOOD   ",472.50,"12/20/2018"
"1314406","OSMOLALITY,URINE    ",472.50,"12/20/2018"
"1314410","PARATHORMONE PTH    ",2220.75,"12/20/2018"
"1314419","PHOSPHATASE,ALKALINE",367.50,"12/20/2018"
"1314425","PHOSPHORUS, BLOOD   ",367.50,"12/20/2018"
"1314433","POTASSIUM SER PL WB ",368.50,"12/20/2018"
"1314434","POTASSIUM, URINE    ",367.50,"12/20/2018"
"1314435","PREALBUMIN          ",626.50,"12/20/2018"
"1314440","PROGESTERONE        ",1243.25,"12/20/2018"
"1314441","PROLACTIN           ",1118.50,"12/20/2018"
"1314444","PSA, TOTAL          ",736.00,"12/20/2018"
"1314445","PSA, FREE           ",250.75,"12/20/2018"
"1314446","PROTEIN TOT SER PLWB",368.50,"12/20/2018"
"1314448","PROTEINELECTR FR-QNT",576.25,"12/20/2018"
"1314462","RENIN               ",2508.75,"12/20/2018"
"1314464","SELENIUM            ",91.00,"12/20/2018"
"1314469","SODIUM,SER PL OR WB ",367.50,"12/20/2018"
"1314470","SODIUM, URINE RANDOM",320.75,"12/20/2018"
"1314474","SPECIFIC GRAVITY    ",166.75,"12/20/2018"
"1314481","TESTOSTERONE, FREE  ",851.50,"12/20/2018"
"1314482","TESTOSTERONE, TOTAL ",2981.25,"12/20/2018"
"1314483","VITAMIN B-1         ",1336.75,"12/20/2018"
"1314486","THYROXINE T4,TOTAL  ",612.25,"12/20/2018"
"1314488","THYROXINE T4, FREE  ",612.25,"12/20/2018"
"1314490","THYROID STIM TSH    ",894.50,"12/20/2018"
"1314494","TRANSFERASE AST     ",367.50,"12/20/2018"
"1314495","TRANSFERASE ALT     ",367.50,"12/20/2018"
"1314496","TRANSFERRIN         ",724.50,"12/20/2018"
"1314497","TRIGLYCERIDES       ",367.50,"12/20/2018"
"1314498","T3-T4 UPTAKE        ",612.25,"12/20/2018"
"1314499","T3,TOTAL            ",379.00,"12/20/2018"
"1314500","T3,FREE             ",585.75,"12/20/2018"
"1314501","T3,REVERSE          ",94.50,"12/20/2018"
"1314502","TROPONIN,QNT        ",211.25,"12/20/2018"
"1314508","UREA NITROGEN,QUAN  ",367.50,"12/20/2018"
"1314510","UREA NITROGEN,URINE ",17.50,"12/20/2018"
"1314512","URIC ACID, BLOOD    ",367.50,"12/20/2018"
"1314513","URIC ACID,URINE RAND",207.75,"12/20/2018"
"1314518","VMA, URINE          ",789.75,"12/20/2018"
"1314526","ZINC                ",737.00,"12/20/2018"
"1314527","C-PEPTIDE           ",704.50,"12/20/2018"
"1314529","HCG, QUAL           ",893.50,"12/20/2018"
"1314532","ANTIBODY SCREEN, RBC",404.75,"12/20/2018"
"1314534","ANTIBODY ID,EA PANEL",263.50,"12/20/2018"
"1314535","DIRECT COOMBS TEST  ",535.50,"12/20/2018"
"1314562","ALLERGEN IGE QUANT  ",680.25,"12/20/2018"
"1314564","WBC AB IDENT        ",1420.75,"12/20/2018"
"1314565","PLATELET AB         ",1007.75,"12/20/2018"
"1314567","ANA                 ",659.00,"12/20/2018"
"1314568","ANA,TITER           ",67.75,"12/20/2018"
"1314569","ASO,TITER           ",438.50,"12/20/2018"
"1314571","C-REACTIVE PROTEIN  ",327.75,"12/20/2018"
"1314572","CRP,HIGHLY SENS     ",327.75,"12/20/2018"
"1314579","COMPLEMENT AG, EA   ",893.50,"12/20/2018"
"1314580","LACTOFERRIN,FEC QAL ",204.75,"12/20/2018"
"1314581","COMPLEMENT-FUNC ACT ",53.50,"12/20/2018"
"1314583","COMP, TOTAL CH50    ",1454.50,"12/20/2018"
"1314584","PROT E-PHOR-URIN-CSF",110.75,"12/20/2018"
"1314589","DEOXYRIBONUCLEASE AB",144.75,"12/20/2018"
"1314591","DNA AB,NATIVE-DOUBL ",438.50,"12/20/2018"
"1314595","ANTI-ENA            ",704.50,"12/20/2018"
"1314599","FLUORESCENT AB,SCREE",1607.25,"12/20/2018"
"1314600","PANCREA ELASTAS,FEC ",344.00,"12/20/2018"
"1314607","TUMOR AG  CA 19-9   ",569.25,"12/20/2018"
"1314608","TUMOR AG  CA 125    ",1146.75,"12/20/2018"
"1314609","HETEROPHILE AB SCREE",404.75,"12/20/2018"
"1314613","INF AGENT IMMUNO QUA",1413.75,"12/20/2018"
"1314621","IMMUNOFIXATION ELECT",241.50,"12/20/2018"
"1314622","INHIBIN A           ",321.75,"12/20/2018"
"1314625","ISLET CELL AB       ",736.00,"12/20/2018"
"1314626","LEUK HISTAMINE RELEA",512.00,"12/20/2018"
"1314631","T CELL, ABSO CD4    ",482.75,"12/20/2018"
"1314632","MICROSOMAL AB       ",438.50,"12/20/2018"
"1314639","RHEUMATOID FACT QUAN",404.75,"12/20/2018"
"1314646","SYPHILIS TEST, QUAL ",404.75,"12/20/2018"
"1314647","SYPHILIS TEST, QUANT",10.25,"12/20/2018"
"1314656","LYME DISEASE AB     ",1970.00,"12/20/2018"
"1314659","CAMPYLOBACTER AB    ",402.25,"12/20/2018"
"1314666","CMV AB              ",143.25,"12/20/2018"
"1314667","CMV AB, IGM         ",988.00,"12/20/2018"
"1314674","EPSTEIN-BARR AB, EA ",529.50,"12/20/2018"
"1314675","EPSTEIN-BARR, EBNA  ",529.50,"12/20/2018"
"1314676","EPSTEIN-BARR, VCA   ",704.50,"12/20/2018"
"1314677","EHRLICHIA AB        ",1286.50,"12/20/2018"
"1314689","HERPES SIMP TYPE 1  ",451.50,"12/20/2018"
"1314690","HERPES SIMP TYPE 2  ",220.25,"12/20/2018"
"1314693","HIV-1 AB ELISA      ",311.25,"12/20/2018"
"1314693","HIV1 AG HIV1 HIV2 AB",311.25,"12/20/2018"
"1314693","HIV-2 AB ELISA      ",311.25,"12/20/2018"
"1314695","HEP B CORE TOT      ",347.50,"12/20/2018"
"1314696","HEP B CORE AB, IGM  ",74.50,"12/20/2018"
"1314697","HEP B SURF AB       ",248.50,"12/20/2018"
"1314698","HEP BE AB           ",75.75,"12/20/2018"
"1314699","HEP A AB, TOTAL     ",1413.75,"12/20/2018"
"1314700","HEP A AB, IGM       ",301.00,"12/20/2018"
"1314709","MUMPS AB            ",338.25,"12/20/2018"
"1314713","PARVOVIRUS AB       ",817.50,"12/20/2018"
"1314715","PROTOZOA AB, NOS    ",64.00,"12/20/2018"
"1314716","RSV AB              ",850.25,"12/20/2018"
"1314717","RICKETTSIA AB       ",535.50,"12/20/2018"
"1314719","RUBELLA AB          ",150.50,"12/20/2018"
"1314720","RUBEOLA AB          ",445.50,"12/20/2018"
"1314726","TREP. PALLIDUM,CONFI",369.75,"12/20/2018"
"1314728","VARICELLA-ZOSTER AB ",565.75,"12/20/2018"
"1314731","THYROGLOBULIN AB    ",535.50,"12/20/2018"
"1314732","HEPATITIS C AB TEST ",803.50,"12/20/2018"
"1314738","HLA  A,B,OR C,SING  ",2284.00,"12/20/2018"
"1314747","WBC DIFF, MAN       ",284.50,"12/20/2018"
"1314751","HEMATOCRIT, OTHER   ",190.00,"12/20/2018"
"1314752","HEMOGLOBIN          ",190.00,"12/20/2018"
"1314753","CBC W-PLT AUTO COMPD",624.00,"12/20/2018"
"1314754","CBC W-PLT           ",459.50,"12/20/2018"
"1314757","RETIC COUNT, FLOW   ",207.75,"12/20/2018"
"1314797","D-DIMER, QUANT      ",673.00,"12/20/2018"
"1314798","FIBRINOGEN ACTIVITY ",637.00,"12/20/2018"
"1314817","MURAMIDASE          ",624.00,"12/20/2018"
"1314822","PROTHROMBIN TIME    ",157.50,"12/20/2018"
"1314828","SED RATE, AUTOMATED ",220.25,"12/20/2018"
"1314829","SICKLE CELL TEST RED",418.75,"12/20/2018"
"1314833","THROMBOPLAST TIMEPTT",157.50,"12/20/2018"
"1314836","HEME-COAG PROC, NOS ",375.50,"12/20/2018"
"1314842","SPECIMEN CONCENTRATI",572.75,"12/20/2018"
"1314843","CULTURE BLOOD BACTER",489.75,"12/20/2018"
"1314845","CULT STL BACT EA ADD",241.50,"12/20/2018"
"1314846","CULTURE BACTERIA OTH",359.25,"12/20/2018"
"1314849","CULT BACT ANA ANY SO",489.75,"12/20/2018"
"1314850","CULT ANAERO IDENT EA",736.00,"12/20/2018"
"1314851","CULT AEROBIC IDENTIF",197.00,"12/20/2018"
"1314852","CULTURE SCREEN ONLY ",174.00,"12/20/2018"
"1314854","CULT URINE-COLONY CT",178.50,"12/20/2018"
"1314859","FUNGI IDENTIF YEAST ",250.75,"12/20/2018"
"1314863","CULT MYCOBACTERIA   ",572.75,"12/20/2018"
"1314865","CULT TYPE IMMUNOFLUO",207.75,"12/20/2018"
"1314877","OVA-PARASITES SMEARS",404.75,"12/20/2018"
"1314878","MICROB SUSCEP DIFFUS",248.50,"12/20/2018"
"1314881","MICROBE SUSCEPT MIC ",302.25,"12/20/2018"
"1314888","SMEAR,GRAM STAIN    ",190.00,"12/20/2018"
"1314889","SMEAR FLUORES-ACI ST",190.00,"12/20/2018"
"1314891","SMEARWET MOUNT SAL-I",284.50,"12/20/2018"
"1314918","CLOSTRIDIUM DIF TOXN",539.00,"12/20/2018"
"1314925","HPYLORI,STOOL,EIA   ",35.00,"12/20/2018"
"1314927","HBSAG               ",1048.75,"12/20/2018"
"1314938","STREP A AG,EIA      ",501.75,"12/20/2018"
"1314939","AG DETEC NOS,EIA MUL",130.75,"12/20/2018"
"1314955","CHLMYD TRACH DNA AMP",534.75,"12/20/2018"
"1314959","CYTOMEG DNA QUANT   ",331.25,"12/20/2018"
"1314968","HEPATITIS C,RNA,QUAN",1792.75,"12/20/2018"
"1314974","HSV, DNA, QUANT     ",482.75,"12/20/2018"
"1315000","N.GONORRHO,DNA,AMPPR",145.75,"12/20/2018"
"1315010","DETECT AGNT NOS,DNAQ",387.25,"12/20/2018"
"1315015","INFLU B ASSAY W-OP  ",345.25,"12/20/2018"
"1315015","INFLUENZA ASSAY W-OP",345.25,"12/20/2018"
"1315019","AGENT NOS ASSAY W-OP",124.75,"12/20/2018"
"1315022","UA, AUTO W-SCOPE    ",397.75,"12/20/2018"
"1315029","URINE PREG TEST QL  ",479.50,"12/20/2018"
"1315034","GENOTYPE,DNA,HEPAT C",841.00,"12/20/2018"
"1315038","CELL CTW-DIF BODYFLU",646.00,"12/20/2018"
"1315076","NATRIURETIC PEPTIDE ",680.25,"12/20/2018"
"1315079","CBC-PLT AUTORP CDM  ",207.75,"12/20/2018"
"1315081","VIRUS ISOLATION GEN ",213.50,"12/20/2018"
"1315091","PROT TOTL RANDOM URI",482.75,"12/20/2018"
"1315092","PROTEIN TOT OTHR SRC",367.50,"12/20/2018"
"1315097","INFAGT DT QLSQT GIAR",37.25,"12/20/2018"
"1315133","CCP ANTIBODY        ",112.00,"12/20/2018"
"1315134","TB TEST CELL IM MEAS",156.25,"12/20/2018"
"1315137","SMEAR COMPLEX STN   ",26.75,"12/20/2018"
"1315157","VENIPUNCTURE,ROUTINE",63.00,"12/20/2018"
"1315822","GENTAMICIN          ",764.00,"12/20/2018"
"1315826","VANCOMYCIN          ",871.25,"12/20/2018"
"1315834","CHLORIDE URINE RAN  ",367.50,"12/20/2018"
"1315845","PH FLUID,NOS        ",51.25,"12/20/2018"
"1315878","ARSENIC             ",659.00,"12/20/2018"
"1315881","COPPER SERUM        ",207.75,"12/20/2018"
"1315893","HEMOGLOBIN A1C      ",486.25,"12/20/2018"
"1316342","BASIC METABO CA TOTA",606.50,"12/20/2018"
"1316361","HCG QUANT           ",777.75,"12/20/2018"
"1316362","GLU,HOME USE DIAGNOS",123.75,"12/20/2018"
"1316364","CRYSTAL ID,TISSUE,FL",250.75,"12/20/2018"
"1316382","PROCALCITONIN PCT   ",300.00,"12/20/2018"
"1316411","HUMAN EPI PROTEIN 4 ",1297.00,"12/20/2018"
"1316449","VALPROIC ACID TOTAL ",500.25,"12/20/2018"
"1316450","BLD TYPE DONOR EA AG",565.75,"12/20/2018"
"1316452","DIGOXIN TOTAL       ",572.75,"12/20/2018"
"1316533","CLOZAPINE QT        ",19.80,"12/20/2018"
"1316536","LAMOTRIGINE QT      ",1154.75,"12/20/2018"
"1316537","LEVETIRACETAM QT    ",1154.75,"12/20/2018"
"1316541","ZONISAMIDE QT       ",178.35,"12/20/2018"
"1316600","PRS DRG IA ANAZ     ",291.50,"12/20/2018"
"1316611","ALCOHOLS MS         ",374.50,"12/20/2018"
"1316655","OXYCODONE MS        ",514.00,"12/20/2018"
"1317002","BCR-ABL1 MAJOR QL-QN",477.00,"12/20/2018"
"1317003","BCR-ABL1 MINOR QL-QN",477.00,"12/20/2018"
"1317033","HFE GENE ANALY CV   ",426.75,"12/20/2018"
"1317044","JAK2 GEN ANALY V617F",1209.50,"12/20/2018"
"1317094","MOLEC PATH LEV 4    ",651.00,"12/20/2018"
"1321075","SURG PATH GROSS LVL1",157.50,"12/20/2018"
"1321076","SURG PATH GROSS LVL2",367.50,"12/20/2018"
"1321077","SURG PATH GROSS LVL3",451.50,"12/20/2018"
"1321078","SURG PATH GROSS LVL4",472.50,"12/20/2018"
"1321079","SURG PATH GROSS LVL5",880.75,"12/20/2018"
"1321081","DECALCIFY TISSUE    ",157.50,"12/20/2018"
"1321082","SPECIAL STAINS GRP 1",186.50,"12/20/2018"
"1321118","FLOWCYTOMET-TC,1 MRK",627.50,"12/20/2018"
"1321119","FLOWCYTOMETRY-TC,ADD",505.25,"12/20/2018"
"1331038","S-H RBC LEUKO REDU  ",1417.25,"12/20/2018"
"1331038","UNIT RBC LEUKO REDU ",1417.25,"12/20/2018"
"1331039","S-H 1 DONOR FFP     ",764.00,"12/20/2018"
"1331042","S-H RED BLD-UNIT    ",866.75,"12/20/2018"
"1331048","S-H PLAT PHER       ",4897.75,"12/20/2018"
"1331048","UNIT PLAT PHER      ",4897.75,"12/20/2018"
"1331054","S-H RBC L-R IRRAD   ",1712.25,"12/20/2018"
"1410001","OTH STER SUPP LVL 1 ",98.00,"12/20/2018"
"1410002","OTH STER SUPP LVL 2 ",252.00,"12/20/2018"
"1410003","OTH STER SUPP LVL 3 ",367.50,"12/20/2018"
"1410004","OTH STER SUPP LVL 4 ",513.25,"12/20/2018"
"1410005","OTH STER SUPP LVL 5 ",659.00,"12/20/2018"
"1410006","OTH STER SUPP LVL 6 ",804.75,"12/20/2018"
"1410008","OTH STER SUPP LVL 8 ",901.50,"12/20/2018"
"1410009","OTH STER SUPP LVL 9 ",1199.00,"12/20/2018"
"1410010","OTH STER SUPP LVL 10",1677.25,"12/20/2018"
"1410011","OTH STER SUPP LVL 11",2156.75,"12/20/2018"
"1410012","OTH STER SUPP LVL 12",3171.50,"12/20/2018"
"1410021","TUBE DRAIN CATH 1   ",23.25,"12/20/2018"
"1410022","TUBE DRAIN CATH 2   ",93.50,"12/20/2018"
"1410023","TUBE DRAIN CATH 3   ",222.75,"12/20/2018"
"1410024","TUBE DRAIN CATH 4   ",350.00,"12/20/2018"
"1410025","TUBE DRAIN CATH 5   ",488.75,"12/20/2018"
"1414001","ANCHOR/SCRW LEVEL 1 ",229.75,"12/20/2018"
"1414002","ANCHOR/SCRW LEVEL 2 ",361.50,"12/20/2018"
"1414004","ANCHOR/SCRW LEVEL 4 ",907.50,"12/20/2018"
"1414005","ANCHOR/SCRW LEVEL 5 ",755.75,"12/20/2018"
"1414352","CATH-DRAINAG LEVEL 3",838.50,"12/20/2018"
"1414353","CATH-DRAINAG LEVEL 4",1557.00,"12/20/2018"
"1414358","CATH-DRAINAG LEVEL 9",7048.50,"12/20/2018"
"1414629","GUIDEWIRE LEVEL 5   ",1677.25,"12/20/2018"
"1414725","LENS INTRAOCULR NT 1",510.00,"12/20/2018"
"1414751","MESH IMPLANTABLE 2  ",2436.50,"12/20/2018"
"1414827","PORT 3              ",3044.25,"12/20/2018"
"1417001","SUTURE LEVEL 2      ",106.00,"12/20/2018"
"1417002","SUTURE LEVEL 3      ",222.75,"12/20/2018"
"1417004","SUTURE LEVEL 5      ",1693.75,"12/20/2018"
"1417086","STAPLER/RELOAD 2    ",312.75,"12/20/2018"
"1417087","STAPLER/RELOAD 3    ",1192.00,"12/20/2018"
"1417089","STAPLER/RELOAD 5    ",2014.50,"12/20/2018"
"1417090","STAPLER/RELOAD 6    ",3221.75,"12/20/2018"
"1522021","PROCEDURE MINOR     ",147.00,"12/20/2018"
"1522024","PROCEDURE COMPLEX   ",1122.00,"12/20/2018"
"1522030","BLOOD TRANSF 0 2 HRS",676.50,"12/20/2018"
"1522031","BLOOD TRANSF 2 4 HRS",824.50,"12/20/2018"
"1522032","BLOOD TRANSF 4 6 HRS",2486.75,"12/20/2018"
"1522033","BLOOD TRANSF 6 8 HRS",3101.50,"12/20/2018"
"1522034","BLOOD TRANSF 8 10 HR",3711.50,"12/20/2018"
"1522101","IV HYDRATION 1 HR   ",668.25,"12/20/2018"
"1522102","IV HYDRAT EA ADD HR ",233.25,"12/20/2018"
"1522111","IV THERAPY DX 1 HR  ",771.00,"12/20/2018"
"1522112","IV THERAPY EA AD HR ",453.50,"12/20/2018"
"1522113","IV THER AD SEQ 1 HR ",453.50,"12/20/2018"
"1522115","THERAPEUTIC IV PUSH ",1246.75,"12/20/2018"
"1522116","THERA EA AD IV PUSH ",834.00,"12/20/2018"
"1522117","THERAPEUTIC DX SQ IM",777.75,"12/20/2018"
"1522121","REFIL MAIN IMPL PUMP",941.25,"12/20/2018"
"1522131","IR-IRR PORT DRUG DEL",606.50,"12/20/2018"
"1522135","PHLEBOTOMY THERAPEUT",704.50,"12/20/2018"
"1522140","IMM ADM FLU VACCINE ",478.25,"12/20/2018"
"1523111","CHEMO IV INFU 1ST HR",1059.25,"12/20/2018"
"1523112","CHEMO IV IN EA AD HR",1039.25,"12/20/2018"
"1523113","CHEMO IV EA SEQ INF ",449.00,"12/20/2018"
"1523114","CHEMO IV PUSH       ",824.50,"12/20/2018"
"1523115","CHEMO EA AD IV PUSH ",343.00,"12/20/2018"
"1523119","CHEMO NON HORM IM SC",397.75,"12/20/2018"
"1523120","CHEMO HORMONAL IM SC",397.75,"12/20/2018"
"1523130","THER AD IVP SAME MED",842.25,"12/20/2018"
"1610001","HE-EYE FOREIGNBDY DR",666.00,"12/20/2018"
"1610003","HE-MANDIBLE 4VPLS DR",1413.75,"12/20/2018"
"1610007","HE-FACIAL BNS LTD DR",1440.50,"12/20/2018"
"1610008","HE-FACIAL BNES 3V DR",2727.00,"12/20/2018"
"1610009","HE-NASAL BONES DR   ",1413.75,"12/20/2018"
"1610014","HE-SINUSES 3VPLUS DR",1819.50,"12/20/2018"
"1610016","HE-SKULL LIMITED DR ",633.50,"12/20/2018"
"1610017","HE-SKULL 4V PLUS DR ",1819.50,"12/20/2018"
"1610026","SP-NECK SOFT TISS DR",1487.25,"12/20/2018"
"1610027","CH-RIBS UNILAT DR   ",977.50,"12/20/2018"
"1610028","CH-RIB UNI PA CXR DR",2136.75,"12/20/2018"
"1610029","CH-RIBS BILATERAL DR",2136.75,"12/20/2018"
"1610031","CH-STERNUM DR       ",1413.75,"12/20/2018"
"1610034","SP-CERV SP 2TO3VW DR",1413.75,"12/20/2018"
"1610035","SP-CERV SP 4TO5VW DR",1910.50,"12/20/2018"
"1610036","SP-CRV SPNE 6VPLS DR",1819.50,"12/20/2018"
"1610037","SP-T SPINE 2 VIEW DR",1413.75,"12/20/2018"
"1610040","SP-THORACOLMBR 2V DR",1413.75,"12/20/2018"
"1610045","SP-LS SPN 2 TO 3V DR",1413.75,"12/20/2018"
"1610046","SP-LS SPNE 4VPLUS DR",2225.50,"12/20/2018"
"1610047","SP-LS SPINE W BND DR",2590.75,"12/20/2018"
"1610048","SP-LS SPINE BND DR  ",1048.75,"12/20/2018"
"1610049","LE-PELVIS DR        ",1050.75,"12/20/2018"
"1610053","SP-SCRM COCCYX 2V DR",1413.75,"12/20/2018"
"1610056","UE-CLAVICLE DR      ",1916.50,"12/20/2018"
"1610058","UE-SCAPULA DR       ",1361.00,"12/20/2018"
"1610059","UE-SHOULDER 1V DR   ",970.50,"12/20/2018"
"1610060","UE-SHLDR 2VW PLUS DR",1411.25,"12/20/2018"
"1610064","UE-HUMERUS DR       ",1916.50,"12/20/2018"
"1610065","UE-ELBOW 2V DR      ",1007.75,"12/20/2018"
"1610066","UE-ELBOW 3V DR      ",1581.75,"12/20/2018"
"1610067","UE-FOREARM 2V DR    ",970.50,"12/20/2018"
"1610070","UE-WRIST 3V PLUS DR ",1294.75,"12/20/2018"
"1610071","UE-HAND 2V DR       ",597.25,"12/20/2018"
"1610072","UE-HAND 3V DR       ",1361.00,"12/20/2018"
"1610073","UE-FINGER S 2VPLS DR",1050.75,"12/20/2018"
"1610074","LE-HIP UNILAT 1V DR ",1066.00,"12/20/2018"
"1610075","LE-HIP PV UN2OR3V DR",1465.00,"12/20/2018"
"1610077","LE-HIP PLV BI 2V DR ",1602.75,"12/20/2018"
"1610078","LE-HIP PV BI3OR4V DR",1602.75,"12/20/2018"
"1610082","LE-FEMUR 2V DR      ",1413.75,"12/20/2018"
"1610083","LE-KNEE 1 TO 2V DR  ",1068.50,"12/20/2018"
"1610085","LE-KNEE 4V PLUS DR  ",2376.00,"12/20/2018"
"1610086","LE-KNEE BI AP STD DR",970.50,"12/20/2018"
"1610087","LE-TIB FIB 2V DR    ",970.50,"12/20/2018"
"1610088","LE-LWR EXT INFANT DR",827.00,"12/20/2018"
"1610089","LE-ANKLE 2V DR      ",400.25,"12/20/2018"
"1610090","LE-ANKLE 3VPLUS DR  ",1361.00,"12/20/2018"
"1610091","LE-FOOT 2V DR       ",465.50,"12/20/2018"
"1610092","LE-FOOT 3V PLUS DR  ",1361.00,"12/20/2018"
"1610093","LE-CALCANEUS 2PLS DR",1245.75,"12/20/2018"
"1610094","LE-TOE S 2VPLUS DR  ",1050.75,"12/20/2018"
"1610095","CH-ABD SER PA CXR DR",1272.50,"12/20/2018"
"1610115","CH-BABYGRAM FB DR   ",744.00,"12/20/2018"
"1610125","BNE SRVY CMP METS DR",3448.00,"12/20/2018"
"1610163","CH-CHEST 1V DR      ",1088.25,"12/20/2018"
"1610164","CH-CHEST 2V DR      ",1088.25,"12/20/2018"
"1610165","CH-CHEST 3V DR      ",1373.00,"12/20/2018"
"1610167","CH-ABDOMEN 1 VIEW DR",970.50,"12/20/2018"
"1610168","CH-ABDOMEN 2 VWS DR ",1413.75,"12/20/2018"
"1610169","CH-ABDOMEN 3VWS DR  ",1413.75,"12/20/2018"
"1612118","HE-SKULL 4V PLUS CR ",1819.50,"12/20/2018"
"1612126","SP-NECK SOFT TISS CR",1487.25,"12/20/2018"
"1612134","CH-RIBS UNILAT CR   ",977.50,"12/20/2018"
"1612135","CH-RIB UNI PA CXR CR",2136.75,"12/20/2018"
"1612142","SP-CERV SP 2TO3VW CR",1413.75,"12/20/2018"
"1612146","SP-T SPINE 2 VIEW CR",1413.75,"12/20/2018"
"1612151","SP-LS SPN 2 TO 3V CR",1413.75,"12/20/2018"
"1612152","SP-LS SPNE 4VPLUS CR",2225.50,"12/20/2018"
"1612164","UE-CLAVICLE CR      ",1916.50,"12/20/2018"
"1612166","UE-SHOULDER 1V CR   ",970.50,"12/20/2018"
"1612167","UE-SHLDR 2VW PLUS CR",1411.25,"12/20/2018"
"1612169","UE-HUMERUS CR       ",1916.50,"12/20/2018"
"1612170","UE-ELBOW 2V CR      ",1007.75,"12/20/2018"
"1612171","UE-ELBOW 3V CR      ",1581.75,"12/20/2018"
"1612172","UE-FOREARM 2V CR    ",970.50,"12/20/2018"
"1612175","UE-WRIST 3V PLUS CR ",1294.75,"12/20/2018"
"1612176","UE-HAND 2V CR       ",597.25,"12/20/2018"
"1612177","UE-HAND 3V CR       ",1361.00,"12/20/2018"
"1612178","UE-FINGER S 2VPLS CR",1050.75,"12/20/2018"
"1612179","LE-HIP UNILAT 1V CR ",1066.00,"12/20/2018"
"1612184","LE-FEMUR 2V CR      ",1413.75,"12/20/2018"
"1612185","LE-KNEE 1 TO 2V CR  ",1068.50,"12/20/2018"
"1612187","LE-KNEE 4V PLUS CR  ",2376.00,"12/20/2018"
"1612189","LE-TIB FIB 2V CR    ",970.50,"12/20/2018"
"1612191","LE-ANKLE 2V CR      ",400.25,"12/20/2018"
"1612192","LE-ANKLE 3VPLUS CR  ",1361.00,"12/20/2018"
"1612193","LE-FOOT 2V CR       ",465.50,"12/20/2018"
"1612194","LE-FOOT 3V PLUS CR  ",1361.00,"12/20/2018"
"1612196","LE-TOE S 2VPLUS CR  ",1050.75,"12/20/2018"
"1612197","CH-ABDOMEN 1 VIEW CR",970.50,"12/20/2018"
"1612198","CH-ABDOMEN 2 VWS CR ",1413.75,"12/20/2018"
"1612199","CH-ABDOMEN 3VWS CR  ",1413.75,"12/20/2018"
"1612200","CH-ABD SER PA CXR CR",1272.50,"12/20/2018"
"1612255","CH-BABYGRAM FB CR   ",744.00,"12/20/2018"
"1612286","CH-CHEST 1V CR      ",1088.25,"12/20/2018"
"1612288","CH-CHEST 2V CR      ",1088.25,"12/20/2018"
"1612333","BR-DIG MAMMO SCRN BI",821.00,"12/20/2018"
"1612334","BR-DIG MAMMO BILAT  ",1209.50,"12/20/2018"
"1612335","BR-DIG MAMMO UNILAT ",908.50,"12/20/2018"
"1612342","FL-FLUORO CVAD ANY  ",1141.75,"12/20/2018"
"1612348","LE-PELVIS CR        ",1050.75,"12/20/2018"
"1612397","SP-CERV SP 4TO5VW CR",1910.50,"12/20/2018"
"1612398","SP-CRV SPNE 6VPLS CR",1819.50,"12/20/2018"
"1612416","BR-PLC LOC DVCE 1ST ",1360.00,"12/20/2018"
"1612456","LE-HIP PV UN2OR3V CR",1465.00,"12/20/2018"
"1612458","LE-HIP PLV BI 2V CR ",1602.75,"12/20/2018"
"1612459","LE-HIP PV BI3OR4V CR",1602.75,"12/20/2018"
"1621510","US-HEAD NECK SFT TIS",2023.75,"12/20/2018"
"1621511","US-CHEST MEDIASTINUM",1718.00,"12/20/2018"
"1621513","US-ABDOMEN COMP WO  ",3289.25,"12/20/2018"
"1621514","US-ABDOMEN LTD WO   ",3072.25,"12/20/2018"
"1621515","US-ABDOMEN RETROPER ",3072.25,"12/20/2018"
"1621519","US-PELVIS PREG      ",3072.25,"12/20/2018"
"1621521","US-PELVIS PREG LTD  ",3072.25,"12/20/2018"
"1621529","US-TRANSVAGINAL     ",2041.25,"12/20/2018"
"1621531","US-PELVIS NON OB    ",3072.25,"12/20/2018"
"1621532","US-PELVIS NON OB FU ",2040.00,"12/20/2018"
"1621533","US-SCROTUM          ",3072.25,"12/20/2018"
"1621543","US-GUIDE NEEDLE PLAC",1450.00,"12/20/2018"
"1621555","US-EXT VEINS DPLX WC",4384.50,"12/20/2018"
"1621560","US-EXT VEINS DPX LTD",2206.75,"12/20/2018"
"1621567","US-DPLX SCAN ART CMP",1213.00,"12/20/2018"
"1621575","US-PELV PREG 14 WKS ",3072.25,"12/20/2018"
"1621579","US-PLV PRG TRNSV    ",2041.25,"12/20/2018"
"1621596","US-ABDOMN AAA SCREEN",1727.75,"12/20/2018"
"1621618","US-EXT LTD JNT UNI  ",858.50,"12/20/2018"
"1621638","US-BREAST COMPLETE  ",1443.00,"12/20/2018"
"1621639","US-BREAST LIMITED   ",1443.00,"12/20/2018"
"1630001","CT-ABSC DRN CATH PLA",7725.00,"12/20/2018"
"1630007","CT-ABD PELVIS WO    ",11440.25,"12/20/2018"
"1630008","CT-ABD PELVIS W     ",14622.00,"12/20/2018"
"1630009","CT-ABD PELVIS WWO   ",15927.25,"12/20/2018"
"1630014","CTA-ABDOMEN PELVIS  ",20438.75,"12/20/2018"
"1631501","CT-PELVIS WO        ",5381.75,"12/20/2018"
"1631502","CT-PELVIS W         ",6270.50,"12/20/2018"
"1631517","CT-HEAD WO          ",5604.75,"12/20/2018"
"1631518","CT-HEAD W           ",9417.50,"12/20/2018"
"1631519","CT-HEAD WWO         ",8295.50,"12/20/2018"
"1631520","CT-ORBIT EAR WO     ",3645.00,"12/20/2018"
"1631521","CT-ORBIT EAR W      ",7276.00,"12/20/2018"
"1631522","CT-ORBIT EAR WWO    ",10219.00,"12/20/2018"
"1631523","CT-MAXILLOFACIAL WO ",4315.75,"12/20/2018"
"1631524","CT-MAXILLOFACIAL W  ",8486.75,"12/20/2018"
"1631526","CT-NECK SOFT TIS WO ",6236.75,"12/20/2018"
"1631527","CT-NECK SOFT TIS W  ",8369.00,"12/20/2018"
"1631528","CT-NECK SOFT TIS WWO",12562.00,"12/20/2018"
"1631529","CTA-HEAD            ",10215.50,"12/20/2018"
"1631530","CTA-NECK            ",10215.50,"12/20/2018"
"1631531","CT-CHEST WO         ",9176.00,"12/20/2018"
"1631532","CT-CHEST W          ",6749.00,"12/20/2018"
"1631533","CT-CHEST WWO        ",12479.50,"12/20/2018"
"1631534","CTA-CHEST           ",10219.00,"12/20/2018"
"1631535","CT-CERV SPINE WO    ",4644.50,"12/20/2018"
"1631536","CT-CERV SPINE W     ",9075.75,"12/20/2018"
"1631538","CT-THOR SPINE WO    ",8026.00,"12/20/2018"
"1631541","CT-LUMB SPINE WO    ",10023.00,"12/20/2018"
"1631544","CT-UPPER EXT WO     ",5762.00,"12/20/2018"
"1631545","CT-UPPER EXT W      ",6512.25,"12/20/2018"
"1631548","CT-LOWER EXT WO     ",4987.50,"12/20/2018"
"1631549","CT-LOWER EXT W      ",6116.50,"12/20/2018"
"1631552","CT-ABDOMEN WO       ",6059.25,"12/20/2018"
"1631553","CT-ABDOMEN W        ",7309.75,"12/20/2018"
"1631554","CT-ABDOMEN WWO      ",8240.75,"12/20/2018"
"1631555","CTA-ABDOMEN         ",10219.00,"12/20/2018"
"1631556","CTA-ABD ART W RUNOFF",6508.50,"12/20/2018"
"1631569","CT-3D W POSTPROCESS ",897.00,"12/20/2018"
"1641000","MR-UPPER EXT WO     ",12666.00,"12/20/2018"
"1641003","MR-UPPER JOINT WO   ",12666.00,"12/20/2018"
"1641007","MRA-NECK WO         ",9296.00,"12/20/2018"
"1641014","MR-LOWER EXTR WO    ",10389.00,"12/20/2018"
"1641016","MR-LOWER EXTR WWO   ",22007.75,"12/20/2018"
"1641017","MR-LW JOINT WO      ",12666.00,"12/20/2018"
"1641019","MR-LW JOINT WWO     ",14027.00,"12/20/2018"
"1641022","MR-ABDOMEN WWO      ",11037.50,"12/20/2018"
"1641033","MRA-ABDOMEN WWO     ",11037.50,"12/20/2018"
"1641047","MR-ORBT FACE NECK W ",11533.25,"12/20/2018"
"1641048","MR-ORBT FAC NCK WWO ",16115.00,"12/20/2018"
"1641049","MRA-HEAD WO         ",11012.00,"12/20/2018"
"1641052","MR-BRAIN WO         ",12666.00,"12/20/2018"
"1641054","MR-BRAIN WWO        ",10642.25,"12/20/2018"
"1641055","MR-CERV SPINE WO    ",10754.00,"12/20/2018"
"1641057","MR-THOR SPINE WO    ",12666.00,"12/20/2018"
"1641059","MR-LUMB SPINE WO    ",10754.00,"12/20/2018"
"1641061","MR-CERV SPINE WWO   ",14010.75,"12/20/2018"
"1641062","MR-THOR SPINE WWO   ",10160.75,"12/20/2018"
"1641063","MR-LUMB SPINE WWO   ",10468.50,"12/20/2018"
"1641065","MR-PELVIS WO        ",9915.50,"12/20/2018"
"1641067","MR-PELVIS WWO       ",12666.00,"12/20/2018"
"1651046","NM-GASTRIC EMPTYING ",2632.50,"12/20/2018"
"1651052","NM-GI BLOOD LOSS    ",7617.75,"12/20/2018"
"1651059","NM-BONE SCAN BODY   ",3895.75,"12/20/2018"
"1651060","NM-BONE SCAN 3 PHASE",8981.25,"12/20/2018"
"1651074","NM-MYOCRD SPECT MULT",8349.25,"12/20/2018"
"1651078","NM-GATED BLD POOL SN",3833.00,"12/20/2018"
"1651143","NM-HEPATOBILIARY SYS",5912.50,"12/20/2018"
"1651144","NM-HEPATOBIL W PHARM",5912.50,"12/20/2018"
"1651146","NM-LUNG VENT PERFUS ",5704.75,"12/20/2018"
"1710900","SPIROMETRY          ",1434.75,"12/20/2018"
"1710902","SUCTION PROC-NASOTRA",218.75,"12/20/2018"
"1710903","ARTERIAL PUNCTURE   ",451.50,"12/20/2018"
"1710906","BRONCHO EVAL PRE/PST",2709.50,"12/20/2018"
"1710933","MECH VENT INITIAL   ",2679.25,"12/20/2018"
"1710934","MECH VENT DAILY SUBS",3262.50,"12/20/2018"
"1710935","BIPAP/CPAP          ",1089.50,"12/20/2018"
"1710937","MANIP CHST WALL INIT",397.75,"12/20/2018"
"1710938","MANIP CHST WALL SBSQ",344.00,"12/20/2018"
"1710943","PULSE OXIMTRY SINGLE",299.75,"12/20/2018"
"1710944","PULSE OX MULTI/EXERC",519.00,"12/20/2018"
"1710945","PULSE OX OVERNIGHT  ",547.00,"12/20/2018"
"1710946","END-TIDAL CO2       ",547.00,"12/20/2018"
"1710948","BLD GAS W-O2 SAT    ",667.25,"12/20/2018"
"1710948","BLD GAS W-O2 SAT DIR",667.25,"12/20/2018"
"1710953","CPR ASSIST (NON ER) ",5764.25,"12/20/2018"
"1719018","PF TEST BY GAS      ",830.50,"12/20/2018"
"1719020","CO2-MEMBANE DIFF CAP",1004.50,"12/20/2018"
"1719023","INHALATION TRTMT INI",592.75,"12/20/2018"
"1719024","INHALATION TRTMT SUB",297.50,"12/20/2018"
"175207","R&B PROGRESSIVE SEMI",3472.50,"12/20/2018"
"1811001","PT EVAL- LOW COMP   ",1021.75,"12/20/2018"
"1811002","PT EVAL- MOD COMP   ",1021.75,"12/20/2018"
"1811003","PT EVAL- HGH COMP   ",1021.75,"12/20/2018"
"1812126","STRAPPING UNA BOOT  ",438.50,"12/20/2018"
"1812233","PT RE-EVAL-VISIT    ",438.50,"12/20/2018"
"1812238","HOT-COLD PACKS      ",375.50,"12/20/2018"
"1812239","MECH TRACTION-VISIT ",375.50,"12/20/2018"
"1812241","VASPNEUMATIC DEV-VIS",375.50,"12/20/2018"
"1812247","ELEC STIM-MAN-15 MIN",438.50,"12/20/2018"
"1812248","IONTOPHORESIS-15 MIN",549.50,"12/20/2018"
"1812250","ULTRASOUND-15 MIN   ",375.50,"12/20/2018"
"1812253","THERAP EXERCS-15 MIN",438.50,"12/20/2018"
"1812254","NEURO RE-ED-15 MIN  ",395.25,"12/20/2018"
"1812256","GAIT TRAINING-15 MIN",438.50,"12/20/2018"
"1812257","MASSAGE THRPY-15 MIN",375.50,"12/20/2018"
"1812260","MANUAL THRPY-15 MIN ",438.50,"12/20/2018"
"1812261","GROUP THRP PROC-VIST",375.50,"12/20/2018"
"1812262","THERAP ACTVTS-15 MIN",438.50,"12/20/2018"
"1812273","DEBRIDE NON-SELC-VIS",375.50,"12/20/2018"
"1812303","ELEC STIM-UNATTND-VI",375.50,"12/20/2018"
"182500","OBSERVATION 1ST HOUR",1053.25,"12/20/2018"
"182501","OBSRVATION ADDL HOUR",526.00,"12/20/2018"
"182502","DIRECT ADMIT TO OBS ",808.50,"12/20/2018"
"1851001","OT EVAL- LOW COMP   ",1021.75,"12/20/2018"
"1851002","OT EVAL- MOD COMP   ",1021.75,"12/20/2018"
"1851003","OT EVAL- HGH COMP   ",1021.75,"12/20/2018"
"1852238","HOT-COLD PACKS      ",375.50,"12/20/2018"
"1852241","VASPNEUMATIC DEV-VIS",375.50,"12/20/2018"
"1852242","PARAFFIN BATH-VISIT ",375.50,"12/20/2018"
"1852247","ELEC STIM-MAN-15 MIN",438.50,"12/20/2018"
"1852248","IONTOPHORESIS-15 MIN",549.50,"12/20/2018"
"1852249","CONTRAST BATH-15 MIN",375.50,"12/20/2018"
"1852250","ULTRASOUND-15 MIN   ",375.50,"12/20/2018"
"1852253","THERAP EXERCS-15 MIN",438.50,"12/20/2018"
"1852254","NEURO RE-ED-15 MIN  ",395.25,"12/20/2018"
"1852257","MASSAGE THRPY-15 MIN",375.50,"12/20/2018"
"1852260","MANUAL THRPY-15 MIN ",438.50,"12/20/2018"
"1852262","THERAP ACTVTS-15 MIN",438.50,"12/20/2018"
"1852263","COG SKILL DEV-15 MIN",462.00,"12/20/2018"
"1852264","SENSORY INTEG-15 MIN",395.25,"12/20/2018"
"1852265","SELF CARE MGT-15 MIN",395.25,"12/20/2018"
"1852267","WHEELCHR MGT-15 MIN ",395.25,"12/20/2018"
"1852303","ELEC STIM-UNATTND-VI",375.50,"12/20/2018"
"1872202","SP EVAL SWL WO RADOP",655.50,"12/20/2018"
"1872204","EVAL SWALLO W-RADOPQ",1309.75,"12/20/2018"
"1872222","EV SP FLUENCY       ",1178.00,"12/20/2018"
"1872223","EV SP PROD          ",1178.00,"12/20/2018"
"1872224","SP SOUND LANG COMP  ",1178.00,"12/20/2018"
"1872225","BEHAV QL ANAL VOICE ",1178.00,"12/20/2018"
"1872229","APHASIA ASSESS-HOUR ",1236.25,"12/20/2018"
"1872263","COG SKILL DEV-15 MIN",462.00,"12/20/2018"
"1872308","SP-HEAR-TX-INDI VIST",991.50,"12/20/2018"
"1872314","ORAL FUNCTION TX-VIS",991.50,"12/20/2018"
"1872332","STD COG TEST PERHOUR",969.00,"12/20/2018"
"1913221","BRIEF ED VISIT      ",386.00,"12/20/2018"
"1913222","LIMITED ED VISIT    ",1584.00,"12/20/2018"
"1913223","INTERMEDIATE ED VIST",1945.50,"12/20/2018"
"1913224","EXTENDED ED VISIT   ",2944.00,"12/20/2018"
"1913225","COMPREHENSIVE ED VST",3859.75,"12/20/2018"
"1913226","CRITICAL CARE LT 74M",7882.75,"12/20/2018"
"1913227","CRIT CARE EA 30 MIN ",7244.75,"12/20/2018"
"1913228","THER AD IVP SAME MED",842.25,"12/20/2018"
"1913230","MINOR PROCEDURE     ",1248.00,"12/20/2018"
"1913231","INTERMEDIATE PROCEDR",1544.50,"12/20/2018"
"1913232","MAJOR PROCEDURE     ",1945.50,"12/20/2018"
"1913233","CPR                 ",5764.25,"12/20/2018"
"1913234","NI-TEMP EXT PACE    ",3249.75,"12/20/2018"
"1913235","THROMBOLY,CORONRY,IV",793.25,"12/20/2018"
"1913237","EKG 12 LEAD ED STAFF",417.75,"12/20/2018"
"1913238","INSERTION FLOW CATH ",22615.25,"12/20/2018"
"1913241","G TUBE REPLACEMENT  ",1706.50,"12/20/2018"
"1913242","IMM ADM 1ST VACCINE ",478.25,"12/20/2018"
"1913246","BLOOD TRANSFUSION   ",5346.75,"12/20/2018"
"1913248","THERAPEUTIC DX SQ IM",777.75,"12/20/2018"
"1913249","INJECTION IV PUSH   ",1246.75,"12/20/2018"
"1913250","PULSE OXIMTRY SINGLE",299.75,"12/20/2018"
"1913252","TRIAGE ONLY         ",383.75,"12/20/2018"
"1913253","SUTURE REMOVAL/RECHE",261.25,"12/20/2018"
"1913254","SIMPLE PROCEDURE    ",165.50,"12/20/2018"
"1913256","IV HYDRATION 1 HR   ",668.25,"12/20/2018"
"1913257","IV HYDRAT EA ADD HR ",233.25,"12/20/2018"
"1913258","THERA EA AD IV PUSH ",834.00,"12/20/2018"
"1913259","IV THERAPY DX 1 HR  ",771.00,"12/20/2018"
"1913260","IV THERAPY EA AD HR ",453.50,"12/20/2018"
"1913261","CONCURRENT IV THER  ",453.50,"12/20/2018"
"1913262","IV THER AD SEQ 1 HR ",453.50,"12/20/2018"
"2010220","MNT INITIAL EA 15 MN",53.75,"12/20/2018"
"2010221","MNT REASSES EA 15 MN",53.75,"12/20/2018"
"2041000","HEMODIALY SING EVAL ",2984.75,"12/20/2018"
"2041006","DIALYSIS EMERGENT   ",2730.25,"12/20/2018"
"2270100","MULTI SLEEP LAT     ",10128.00,"12/20/2018"
"2270112","POLYSOMNO GT4 GE6YO ",10129.00,"12/20/2018"
"2270113","POLYS-CPAP GT4 GE6YO",12148.00,"12/20/2018"
"2811167","INJ GAD-MR1 CONTR ML",32.75,"12/20/2018"
"2811178","TC-99M SESTA / DOSE ",1471.00,"12/20/2018"
"2811180","TC99M MEDRO TO 30MCI",706.75,"12/20/2018"
"2811185","TC99M DISOFENIN/VIAL",1353.00,"12/20/2018"
"2811196","TC99M LABL RBC/30MCI",596.25,"12/20/2018"
"2811213","TC99M MAA/10MCI     ",612.25,"12/20/2018"
"2811214","TC99M SULF COL/20MCI",3124.75,"12/20/2018"
"2811240","LOCM 300-399MG/ML ML",6.40,"12/20/2018"
"2811249","TC99M AEROSOL 75 MCI",536.50,"12/20/2018"
"2811320","S-PROSTATE NDL BX   ",4442.75,"12/20/2018"
"2811559","S-ID SENTINEL NODE  ",1256.25,"12/20/2018"
"2850034","OXYGEN PER HOUR     ",19.75,"12/20/2018"
"315200","R&B ICU             ",6271.75,"12/20/2018"
"395001","S-INS PICC WO SQP U5",3179.50,"12/20/2018"
"625120","R&B SEMI SWING BED  ",1987.50,"12/20/2018"
"635114","R&B GERO-PSYCH PRIV ",3026.75,"12/20/2018"
"635124","R&B GERO-PSYCH SEMI ",2357.75,"12/20/2018"
"7210015","BUPIV.5%/EPI PF 30ML",161.00,"12/20/2018"
"7210024","ALBUTEROL 0.083% NEB",26.75,"12/20/2018"
"7210030","STERILE WATER 10ML  ",154.00,"12/20/2018"
"7210031","AMIODARONE 200MG TAB",36.25,"12/20/2018"
"7210080","RANITIDIN 15MG/ML 1M",18.75,"12/20/2018"
"7210081","MEMANTINE 5MG TAB   ",36.25,"12/20/2018"
"7210091","CINACALCET 30MG TAB ",83.00,"12/20/2018"
"7210103","HYDROCOD5-APAP325 TB",11.00,"12/20/2018"
"7210176","FLUTICASO 220MCG 12G",30.25,"12/20/2018"
"7210179","SOD BICARB 650MG TAB",1.00,"12/20/2018"
"7210184","CARBA PERO6.5%OTIC15",15.00,"12/20/2018"
"7210209","LEVETIRA 100MG/ML 1M",29.25,"12/20/2018"
"7210236","OXCARBAZEPI 600MG TB",17.50,"12/20/2018"
"7210238","BUPROPION 150MG SRTB",18.75,"12/20/2018"
"7210244","H-COD10-CHLO POL8/5M",30.25,"12/20/2018"
"7210251","ALBUTEROL2.5MG/.5NEB",30.25,"12/20/2018"
"7210256","OLANZAPINE 10MG INJ ",236.75,"12/20/2018"
"7210264","DULOXETINE 30MG CAP ",48.75,"12/20/2018"
"7210292","FENOFIBRATE 48MG TAB",18.75,"12/20/2018"
"7210297","PHENYTOI EX 100MG CP",18.75,"12/20/2018"
"7210323","DULOXETINE 20MG CAP ",70.00,"12/20/2018"
"7210361","PREGABALIN 50MG CAP ",36.25,"12/20/2018"
"7210367","PREGABALIN 75MG CAP ",38.50,"12/20/2018"
"7210385","SILDENAFIL 20MG TAB ",93.50,"12/20/2018"
"7210387","FINASTERIDE 5MG TAB ",23.25,"12/20/2018"
"7210401","WARFARIN 6MG TAB    ",22.25,"12/20/2018"
"7210457","HYDRALAZINE 100MG TB",21.50,"12/20/2018"
"7210460","OPTHAL IRR SOL 120ML",99.00,"12/20/2018"
"7210476","VITAMIN D 400IU TAB ",1.00,"12/20/2018"
"7210482","PENICIL VK 250MG TAB",18.75,"12/20/2018"
"7210488","METOPROLOL 25MG SRTB",19.75,"12/20/2018"
"7210502","LEVETIRACET 500MG TB",23.75,"12/20/2018"
"7210518","WARFARIN 4MG TAB    ",22.25,"12/20/2018"
"7210529","FENTANYL 12MCG/HR PT",137.75,"12/20/2018"
"7210530","PANTOPRAZO 20MG ECTB",17.50,"12/20/2018"
"7210536","METOPROLOL 25MG TAB ",22.25,"12/20/2018"
"7210541","FLUTICAS 50MCG/A 16G",227.25,"12/20/2018"
"7210543","GUAIFENESI 400MG TAB",1.00,"12/20/2018"
"7210546","PHENOL 1.4%SPR 177ML",7.50,"12/20/2018"
"7210551","FLUORESC NA.6MG STRP",53.75,"12/20/2018"
"7210562","KETOTIF .025% OS 5ML",17.50,"12/20/2018"
"7210573","FENTANY CIT 0.1MGINJ",80.00,"12/20/2018"
"7210575","DILTIA 1MG/MLD5W 125",316.25,"12/20/2018"
"7210602","MULTIVITAMIN TAB    ",1.00,"12/20/2018"
"7210606","QUETIAPINE 50MG TAB ",20.00,"12/20/2018"
"7210622","ARIPIPRAZOLE 5MG TAB",47.00,"12/20/2018"
"7210623","BRIMONIDIN.2%OS 5ML ",137.75,"12/20/2018"
"7210655","MAGIC MOUTHWASH 30ML",29.25,"12/20/2018"
"7210665","EMTRICI/TENO 200/300",165.50,"12/20/2018"
"7210771","HALOPERIDOL 10MG/5ML",13.00,"12/20/2018"
"7210772","VALPROATE 250MG/5ML ",18.75,"12/20/2018"
"7210784","TD IM NO PRSRV GE 7Y",171.50,"12/20/2018"
"7210790","RANOLAZI 500MG SR TB",36.25,"12/20/2018"
"7210791","OXYCOD10-APAP325MGTB",23.25,"12/20/2018"
"7210796","DAKINS .25%SOL 473ML",26.00,"12/20/2018"
"7210847","CHLORPROMAZ 100MG TB",25.00,"12/20/2018"
"7210857","LOSARTAN 100MG TAB  ",23.25,"12/20/2018"
"7210874","VALPROATE 500MG/5ML ",168.00,"12/20/2018"
"7210903","IPRATROPIU .02% 2.5M",29.25,"12/20/2018"
"7210967","LOPERAMIDE 2MG/10ML ",1.00,"12/20/2018"
"7210979","DOCUS NA 10MG/ML 10M",1.00,"12/20/2018"
"7211043","QUETIAPI FUM 200MGTB",28.00,"12/20/2018"
"7211065","PROMETHAZINE 25MG TB",17.50,"12/20/2018"
"7211073","RIVASTIGMINE 4.5MGCP",27.00,"12/20/2018"
"7211080","BUPIVAC .25% MPF 30M",145.75,"12/20/2018"
"7211116","DORZOLAMID 2%OS 10ML",253.00,"12/20/2018"
"7211344","APAP 160MG/5ML      ",1.00,"12/20/2018"
"7211386","AMPHETAMINE 10MG TAB",23.25,"12/20/2018"
"7211438","RISPERDONE 0.5MG TAB",48.75,"12/20/2018"
"7211442","SITAGLIPTIN 50MG TAB",45.25,"12/20/2018"
"7211461","LEVOTHYROX 100MCG TB",17.50,"12/20/2018"
"7211486","OXYCOD5-APAP325MG TB",19.75,"12/20/2018"
"7211537","RASAGILINE 1MG TAB  ",44.25,"12/20/2018"
"7211618","ONDANSETRON 1MG ODT ",3.70,"12/20/2018"
"7211630","CHLORHEXIDIN 4% 15ML",15.00,"12/20/2018"
"7211649","PHENOBARBI 32.4MG TB",15.00,"12/20/2018"
"7211731","H-COD7.5/APAP325MGTB",22.25,"12/20/2018"
"7211756","OXYCODONE 10MG SR TB",24.50,"12/20/2018"
"7211790","RABIES VAC IM       ",1903.50,"12/20/2018"
"7211805","PANTOPRAZOLE SOD VL ",351.00,"12/20/2018"
"7211808","RISPERIDONE LA 0.5MG",56.00,"12/20/2018"
"7211809","BORTEZOMIB .1MG INJ ",250.00,"12/20/2018"
"7211817","CYCLOPHOSPHAMI 100MG",528.50,"12/20/2018"
"7211834","ERTAPENEM SOD/500MG ",489.75,"12/20/2018"
"7211844","LINEZOLID 200 MG    ",346.50,"12/20/2018"
"7211849","PAMIDRONATE 30MG IJ ",285.75,"12/20/2018"
"7211850","PGFILGRASTIM 6MG IJ ",31405.50,"12/20/2018"
"7211867","ZIPRSIDNE MESYL 10MG",175.00,"12/20/2018"
"7211879","TACROLIMUS 1MG PO   ",43.25,"12/20/2018"
"7211882","MYCOPHE MOF 250MG PO",33.75,"12/20/2018"
"7211887","DOXORUBICIN 10MG INJ",156.75,"12/20/2018"
"7211893","BLEOMYCIN SUL 15 U  ",346.50,"12/20/2018"
"7211894","CARBOPLATIN 50MG INJ",234.25,"12/20/2018"
"7211895","CISPLAT POW/SOL 10MG",56.00,"12/20/2018"
"7211899","DACARBAZINE 100MG   ",556.50,"12/20/2018"
"7211904","ETOPOSIDE 10MG INJ  ",38.50,"12/20/2018"
"7211908","IRINOTECAN  20MG INJ",291.50,"12/20/2018"
"7211928","TRASTUZUMAB 10MG INJ",535.00,"12/20/2018"
"7211931","FULVESTRANT INJ 25MG",1155.00,"12/20/2018"
"7211933","EPO NESRD 1000 U INJ",186.50,"12/20/2018"
"7211957","PEMETREXED 10MG INJ ",442.00,"12/20/2018"
"7211960","D5W/SOD CHL.9% 500ML",135.00,"12/20/2018"
"7211964","PACLITAXEL PRTBD 1MG",98.00,"12/20/2018"
"7211970","ENOXAPARIN 10MG INJ ",97.00,"12/20/2018"
"7211972","SUCCINYLCHN 20MG INJ",49.50,"12/20/2018"
"7211978","CALCIUM GLUC 10%10ML",48.75,"12/20/2018"
"7211983","CEFTRIAXONE 250MGINJ",124.00,"12/20/2018"
"7211991","METHYLPR ACE 40MGINJ",145.75,"12/20/2018"
"7211994","DIGOXIN 0.5MG INJ   ",148.25,"12/20/2018"
"7211995","PHENYTOIN NA 50MGINJ",38.50,"12/20/2018"
"7211997","HYDROMORPH UP TO 4MG",185.00,"12/20/2018"
"7212003","HALOPERIDOL 5MG INJ ",154.00,"12/20/2018"
"7212006","HYDROCORTIS 100MGINJ",161.00,"12/20/2018"
"7212007","IRON SUCROSE 1MG INJ",6.20,"12/20/2018"
"7212009","INSULIN 5 UNT INJ   ",1.00,"12/20/2018"
"7212012","KETOROLAC 15MG INJ  ",96.50,"12/20/2018"
"7212013","FUROSEMIDE 20MG INJ ",55.00,"12/20/2018"
"7212015","LEVOFLOXAC 250MG INJ",175.00,"12/20/2018"
"7212016","LORAZEPAM 2MG INJ   ",185.00,"12/20/2018"
"7212022","PHENYLEPHRIN 1ML INJ",30.25,"12/20/2018"
"7212023","ONDANSETRON 1MG INJ ",60.00,"12/20/2018"
"7212026","PHENOBARB 120MG INJ ",161.00,"12/20/2018"
"7212032","METOCLOPRAM 10MG INJ",154.00,"12/20/2018"
"7212037","METHYLPRED 40MG INJ ",190.00,"12/20/2018"
"7212039","FENTANY CIT 0.1MGINJ",80.00,"12/20/2018"
"7212041","CHLORPROM UP TO 50MG",154.00,"12/20/2018"
"7212045","TRIAMCIN ACE 10MGINJ",16.00,"12/20/2018"
"7212050","VIT B12 CYAN 1000MCG",154.00,"12/20/2018"
"7212054","NORM SALIN 1000ML IV",269.50,"12/20/2018"
"7212055","NORM SAL STER500MLIV",269.50,"12/20/2018"
"7212056","D5W/SOD CHL.9% 500ML",135.00,"12/20/2018"
"7212062","DEX 5%/WATER 500ML  ",269.50,"12/20/2018"
"7212063","DEX 5%/WATER 250ML  ",165.50,"12/20/2018"
"7212064","DEX 5%/WATER 100ML  ",175.00,"12/20/2018"
"7212065","DEX 5%/WATER 50ML   ",175.00,"12/20/2018"
"7212077","METHOTREXATE 2.5MGPO",46.75,"12/20/2018"
"7212079","FLUOROURACIL 500MG  ",154.00,"12/20/2018"
"7212081","VINBLASTIN SULF 1MG ",22.25,"12/20/2018"
"7212085","ALBUMIN 25% 50ML IV ",1524.50,"12/20/2018"
"7212086","PROCHLORPERAZ 5MG PO",17.50,"12/20/2018"
"7212104","THIAMINE 100MG INJ  ",75.75,"12/20/2018"
"7212105","TERBUTALINE 1MG INJ ",95.50,"12/20/2018"
"7212111","HYDRALAZINE 20MG INJ",168.00,"12/20/2018"
"7212116","BENZTROPN MES 1MGINJ",154.00,"12/20/2018"
"7212117","GLUCAGON 1MG INJ    ",986.75,"12/20/2018"
"7212118","LIDOCAINE 10MG IV   ",4.40,"12/20/2018"
"7212119","DIPHENHYDRAM 50MGINJ",171.50,"12/20/2018"
"7212124","AMIODARONE 30MG INJ ",32.75,"12/20/2018"
"7212126","METHYLPRED 125MG INJ",190.00,"12/20/2018"
"7212127","OXYTOCIN UP TO 10UN ",145.75,"12/20/2018"
"7212133","KETOROLAC 15MG INJ  ",96.50,"12/20/2018"
"7212137","FLUCONAZOL 200MG INJ",294.00,"12/20/2018"
"7212142","DEX 5%/WATER 1000ML ",269.50,"12/20/2018"
"7212149","MANNITOL 25% 50MLINJ",144.75,"12/20/2018"
"7212150","NORM SALINE 250ML IV",175.00,"12/20/2018"
"7212155","MEROPENEM 100MG INJ ",26.75,"12/20/2018"
"7212172","OXALIPLATIN .5MG INJ",18.75,"12/20/2018"
"7212173","PENICI G POT .6MUINJ",14.00,"12/20/2018"
"7212194","FLUPHENZI UP TO 25MG",158.75,"12/20/2018"
"7212201","ACTYLCYSTN INJ 100MG",26.75,"12/20/2018"
"7212243","MORPHINE UP TO 10MG ",155.00,"12/20/2018"
"7212244","PROMETHAZI UPTO 50MG",171.50,"12/20/2018"
"7212247","AZITHROMYC 500MG IV ",280.00,"12/20/2018"
"7212249","CHLORPROM UP TO 50MG",154.00,"12/20/2018"
"7212258","MICAFUNGIN 1MG INJ  ",11.25,"12/20/2018"
"7212274","HYDROMORPH UP TO 4MG",185.00,"12/20/2018"
"7212279","SUMATRIPTAN 6MG INJ ",767.50,"12/20/2018"
"7212304","EPO LT 10000/100 UNT",18.75,"12/20/2018"
"7212305","EPO GE 10000/100 UNT",18.75,"12/20/2018"
"7212332","PREDNISOLON 15MG/5ML",18.75,"12/20/2018"
"7212334","PIPER/TAZOB 1G/.125G",141.00,"12/20/2018"
"7212343","LEVOFLOXAC 250MG INJ",175.00,"12/20/2018"
"7219012","MEROPENEM 100MG INJ ",26.75,"12/20/2018"
