Address - Street,Address - Street Alt.,Address - Locality,Address - State,Address - Zip Code,Phone
78 MEDICAL CENTER DRIVE,,FISHERSVILLE,VA,22939,540-932-4000
106 PARK DRIVE,PO DRAWER Z,HOT SPRINGS,VA,24445,540-839-7000
1613 OAKWOOD STREET,,BEDFORD,VA,24523,434-200-6366
150 KINGSLEY LANE,,NORFOLK,VA,23505,757-889-5000
3636 HIGH STREET,,PORTSMOUTH,VA,23707,757-398-2200
8260 ATLEE ROAD,,MECHANICSVILLE,VA,23116,804-764-6000
1500 N. 28TH STREET,,RICHMOND,VA,23223,804-225-1700
13710 ST FRANCIS BOULEVARD,,MIDLOTHIAN,VA,23114,804-594-7400
5801 BREMO RD,,RICHMOND,VA,23226,804-285-2011
1535 SLATE CREEK ROAD,,GRUNDY,VA,24614,276-935-1000
180 FLOYD AVENUE,,ROCKY MOUNT,VA,24151,540-483-5277
159 HARTLEY WAY,,PEARISBURG,VA,24134,540-921-6000
2900 LAMB CIRCLE,,CHRISTIANSBURG,VA,24073,540-731-2000
1906 BELLEVIEW AVENUE,SE,ROANOKE,VA,24014,540-981-7000
1 HEALTH CIRCLE,,LEXINGTON,VA,24450,540-458-3503
388 BEN BOLT AVENUE,,TAZEWELL,VA,24651,276-988-8700
1901 TATE SPRINGS ROAD,,LYNCHBURG,VA,24501,434-200-4789
736 BATTLEFIELD BLVD,NORTH,CHESAPEAKE,VA,23320,757-312-8121
2924 BROOK ROAD,,RICHMOND,VA,23220,804-321-7474
601 CHILDREN'S LANE,,NORFOLK,VA,23507,757-668-9647
7101 JAHNKE ROAD,,RICHMOND,VA,23235,804-320-3911
6801 GOVERNOR GC PERRY HIGHWAY,,RICHLANDS,VA,24641,276-596-6000
1755 NORTH MECKLENBURG AVENUE,,SOUTH HILL,VA,23970,434-447-3151
9407 CUMBERLAND ROAD,,NEW KENT,VA,23124,804-966-2242
312 HOSPITAL DRIVE,,CLINTWOOD,VA,24228,276-926-0300
500 HOSPITAL DRIVE,,WARRENTON,VA,20186,540-316-5000
4715 NORTH 15 STREET,,ARLINGTON,VA,22205,703-525-7070
100 EMANCIPATION DRIVE,,HAMPTON,VA,23667,757-722-9961
1602 SKIPWITH ROAD,,RICHMOND,VA,23229,804-289-4500
P O BOX 4030,,PETERSBURG,VA,23803,804-524-7344
320 SEMINARY RD,,ALEXANDRIA,VA,22304,703-504-3167
3600 JOSEPH SIEWICK DRIVE,,FAIRFAX,VA,22033,703-391-4170
3300 GALLOWS ROAD,,FALLS CHURCH,VA,22042,703-776-4001
44045 RIVERSIDE PARKWAY,,LEESBURG,VA,20176,703-858-6600
2501 PARKERS LANE,,ALEXANDRIA,VA,22306,703-664-7000
411 WEST RANDOLPH ROAD,,HOPEWELL,VA,23860,804-541-1600
16000 JOHNSTON MEMORIAL DRIVE,,ABINGDON,VA,24211,276-258-1000
ONE ARH LANE,PO BOX 7,LOW MOOR,VA,24457,540-862-6011
3700 SOUTH MAIN STREET,,BLACKSBURG,VA,24060,540-951-1111
2400 LEE HIGHWAY,,PULASKI,VA,24301,540-994-8100
1900 ELECTRIC ROAD,,SALEM,VA,24153,540-776-4000
1990 HOLTON AVENUE EAST,,BIG STONE GAP,VA,24219,276-523-3111
500 MARTHA JEFFERSON DRIVE,,CHARLOTTESVILLE,VA,22911,434-654-7000
2 BERNARDINE DRIVE,,NEWPORT NEWS,VA,23602,757-886-6000
1001 SAM PERRY BOULEVARD,,FREDERICKSBURG,VA,22401,540-741-1100
1250 EAST MARSHALL STREET,BOX 980510,RICHMOND,VA,23298,804-828-0938
100 15TH NW STREET,,NORTON,VA,24273,276-439-1000
8700 SUDLEY RD,,MANASSAS,VA,20110,703-369-8000
15225 HEALTHCOTE BOULEVARD,,HAYMARKET,VA,20169,571-284-1000
501 SUNSET LANE,,CULPEPER,VA,22701,540-829-4100
200 MEMORIAL DRIVE,,LURAY,VA,22835,540-743-4561
101 HARRIS ROAD,,KILMARNOCK,VA,22482,804-435-8000
1850 TOWN CENTER PARKWAY,,RESTON,VA,20190,703-689-9000
1201 BROAD ROCK BOULEVARD,,RICHMOND,VA,23249,804-675-5000
1500 COMMONWEALTH AVENUE,,WILLIAMSBURG,VA,23185,757-345-3000
500 J CLYDE MORRIS BLVD,,NEWPORT NEWS,VA,23601,757-594-2000
20480 MARKET STREET,,ONANCOCK,VA,23417,757-414-8000
618 HOSPITAL ROAD,,TAPPAHANNOCK,VA,22560,804-443-6189
7519 HOSPITAL ROAD,,GLOUCESTER,VA,23061,804-693-8800
58 CARROLL STREET,,LEBANON,VA,24266,276-883-8100
1970 ROANOKE BOULEVARD,,SALEM,VA,24153,540-982-2463
3000 COLISEUM DRIVE,,HAMPTON,VA,23666,757-736-1000
2204 WILBORN AVENUE,,SOUTH BOSTON,VA,24592,434-517-3100
830 KEMPSVILLE ROAD,,NORFOLK,VA,23502,757-261-6700
600 GRESHAM DR,,NORFOLK,VA,23507,757-388-3000
2300 OPITZ BOULEVARD,,WOODBRIDGE,VA,22191,703-523-1000
2800 GODWIN BOULEVARD,,SUFFOLK,VA,23439,757-934-4000
2025 GLENN MITCHELL DRIVE,,VIRGINIA BEACH,VA,23456,757-507-1520
2010 HEALTH CAMPUS DRIVE,,HARRISONBURG,VA,22801,540-689-1000
1060 FIRST COLONIAL ROAD,,VIRGINIA BEACH,VA,23454,757-395-8000
100 SENTARA CIRCLE,,WILLIAMSBURG,VA,23188,757-984-6000
759 SOUTH MAIN STREET,,WOODSTOCK,VA,22664,540-459-1100
245 MEDICAL PARK DRIVE,,MARION,VA,24354,276-378-1000
100 FAIRVIEW DRIVE,PO BOX 817,FRANKLIN,VA,23851,757-569-6100
727 NORTH MAIN STREET,,EMPORIA,VA,23847,434-348-4400
800 OAK STREET,,FARMVILLE,VA,23901,434-392-8811
200 MEDICAL PARK BOULEVARD,,PETERSBURG,VA,23805,804-765-5000
142 SOUTH MAIN STREET,,DANVILLE,VA,24541,434-799-2100
320 HOSPITAL DRIVE,,MARTINSVILLE,VA,24112,276-666-7200
4600 SPOTSYLVANIA PARKWAY,,FREDERICKSBURG,VA,22408,540-498-4000
101 HOSPITAL CENTER BOULEVARD,,STAFFORD,VA,22554,540-741-9000
24440 STONE SPRINGS BOULEVARD,,DULLES,VA,20166,571-349-4000
200 HOSPITAL DRIVE,,GALAX,VA,24333,276-236-8181
1215 LEE STREET,,CHARLOTTESVILLE,VA,22908,800-251-3627
1701 NORTH GEORGE MASON DRIVE,,ARLINGTON,VA,22205,703-558-5000
1000 NORTH SHENANDOAH AVE,,FRONT ROYAL,VA,22630,703-636-0300
1840 AMHERST ST,,WINCHESTER,VA,22601,540-536-8000
600 WEST RIDGE ROAD,,WYTHEVILLE,VA,24382,276-228-0200