Procedure ID,Description,Amount
800,ADOLESCENT UNIT ROOMS   ,2672.00
803,CHILD UNIT ROOMS        ,2672.00
809,ADULT UNIT ROOMS        ,2606.00
815,EDU D686                ,2810.00
7273,IMIPRAMINE 25MG TAB     ,21.75
17573,RISPERIDONE 1MG/ML LIQ  ,31.00
37369,HIV AB WESTERN BLOT     ,566.25
48653,XR HAND 2 V LT          ,451.00
51362,DICLOFENAC 25MG EC TAB  ,17.25
53190,GLIMEPIRIDE 2MG TAB     ,21.75
53252,BUPROPION 150MG XL TAB  ,38.75
53275,METRONIDAZOLE VG GEL 70G,352.50
53953,LANTUS INSULIN          ,369.25
340014,COLD AGGLUTININ TITER   ,38.75
340021,ALDOLASE                ,174.50
340022,ALDOSTERONE QN          ,690.00
340023,AMINO ACIDS MULTIPLE QL ,593.50
340024,AMMONIA                 ,326.00
340025,HEMOGLOBIN A1C          ,366.00
340027,AMYLASE BLD             ,332.50
340029,ANGIOTENSIN I CONV ENZ  ,256.00
340031,AST (SGOT)              ,176.50
340032,CRYPTOCOCCAL AG LATEX   ,163.50
340036,VIT C ASCORBIC ACID     ,202.00
340040,STREP A OPTICAL IA      ,199.75
340044,IMMUNOELECT UR          ,196.75
340048,BILIRUBIN DIRECT        ,110.00
340054,SCLERODERMA 70 AB       ,183.75
340056,PHENYTOIN DILANT TOT QN ,244.25
340064,DIGOXIN (LANOXIN) QN    ,125.50
340065,C-REACTIVE PROTEIN      ,154.50
340067,CALCIUM TOTAL           ,224.25
340068,CALCIUM IONIZED         ,298.50
340072,CAROTENE                ,91.00
340076,CERULOPLASMIN           ,359.00
340080,CHOLESTEROL BLD         ,134.75
340097,CREATININE BLD          ,242.50
340098,CREATININE CLEARANCE    ,258.25
340099,CREAT KINASE (CK) TOTAL ,196.75
340102,CULT THROAT             ,231.50
340103,CULTURE BLOOD           ,246.75
340118,HEMOGLOBIN ELECTRO      ,672.00
340120,PROTEIN ELECTRO SER     ,404.00
340122,EOSINOPHIL COUNT BLD AUT,48.50
340128,HEMOGLOBIN FRACT HPLC   ,111.25
340133,FECAL FAT QUAL          ,157.25
340136,MYELIN BASIC PROT CSF   ,736.25
340145,DHEA-S                  ,640.00
340148,GLUCOSE BLD QN          ,69.00
340154,GRAM STAIN PRIMARY SRCE ,29.00
340156,HAPTOGLOBIN QUANT       ,163.50
340161,PYRUVIC ACID (PYRUVATE) ,222.00
340174,IRON                    ,56.00
340175,IRON BINDING (TIBC)     ,42.00
340180,LEUKO ALK PHOS STAIN    ,60.25
340186,LEAD BLOOD              ,190.25
340187,LIPASE                  ,295.25
340188,LIPID PANEL             ,163.50
340195,MAGNESIUM BLD           ,88.25
340199,METANEPHRINES FRACT     ,330.00
340200,METHYLMALONIC ACID QN   ,433.25
340209,PARIETAL FA AB QL       ,199.75
340212,O&P SMEAR CONC ID       ,327.75
340213,PTT                     ,46.25
340214,PHENOBARBITAL LUMINAL QN,619.75
340215,PROLACTIN               ,663.25
340216,ESTRADIOL               ,401.50
340221,ALK PHOS (ALP)          ,180.75
340222,PHOSPHORUS BLD          ,278.00
340226,CORTISOL TOTAL          ,163.50
340227,PLATELET AUTOMATED      ,229.00
340231,POTASSIUM BLD           ,44.75
340237,TOTAL PROTEIN BLD       ,276.50
340238,ALBUMIN SERUM QN        ,254.00
340241,PROTIME                 ,57.25
340248,T3 UPTAKE               ,231.50
340251,RETIC COUNT MANUAL      ,93.75
340252,RA FACTOR QUAL          ,129.50
340253,ACTH QN                 ,629.25
340257,ANAEROBIC ORG ID        ,399.50
340259,SED RATE AUTO           ,103.25
340264,VITAMIN B12             ,174.50
340265,FOLATE (FOLIC ACID) SER ,165.75
340268,SMEAR AFB               ,35.25
340271,SODIUM BLD              ,235.00
340277,17 KETOSTEROIDS TOTAL   ,168.75
340301,TOBRAMYCIN QUANT        ,281.25
340305,TSH                     ,534.50
340316,ANA QUAL SCREEN         ,273.00
340321,TRIGLYCERIDES           ,163.50
340322,VITAMIN B1 THIAMINE     ,401.50
340323,SICKLE CELL SCREEN      ,150.50
340324,RENAL FUNCTION PANEL    ,404.00
340329,BUN                     ,19.75
340331,URIC ACID BLD           ,273.00
340339,HOMOCYSTEINE QN         ,314.50
340347,VDRL BLD QUANT          ,46.25
340357,ERYTHROPOIETIN QN       ,427.00
340383,IMMUNOELECT BLD/SERUM   ,372.75
340393,CARBAMAZEPINE TOT QN    ,309.25
340395,CELL CT & DIFF CSF      ,215.50
340398,QUINIDINE QUANT         ,147.75
340399,PROTEIN C ACTIVITY      ,514.75
340401,PROTEIN S ANTIGEN FREE  ,556.75
340402,PROTEIN S ANTIGEN TOTAL ,511.75
340403,PLT NEUTRALIZATION      ,173.25
340405,CARDIOLIPIN AB IGG      ,456.25
340406,CARDIOLIPIN AB IGM      ,483.25
340409,HALOPERIDOL HALDOL QN   ,269.50
340419,MONO SCR (HETEROPHILE)  ,154.50
340432,OSMOLALITY BLD          ,91.00
340435,THYROXINE BG (TBG)      ,208.25
340440,ELECTROLYTE PANEL       ,211.00
340441,TESTOSTERONE TOTAL      ,892.25
340448,A-1-ANTITRYPSIN TOT     ,451.00
340452,C1 ESTERASE INHIBITOR IA,202.00
340453,HEP B S AG EIA          ,202.00
340459,COMPLEMENT C4           ,202.00
340464,CATECHOL FRACTION UR    ,377.25
340465,CULTURE ANAEROBIC       ,390.75
340466,LITHIUM (ESKALITH) QN   ,141.00
340472,LH                      ,436.00
340473,INSULIN TOTAL           ,359.00
340477,CARBOXYHEMOGLOBIN QN    ,336.75
340478,GROWTH HORMONE (HGH)    ,581.75
340483,RUBEOLA AB QUAL         ,179.50
340494,FSH                     ,784.50
340500,C DIFFICILE TOXIN AG EIA,211.00
340524,PHOSPHORUS UR           ,231.50
340564,UA W MICRO AUTO         ,63.00
340569,URIC ACID UR            ,285.25
340572,CHLORIDE UR             ,101.00
340586,CYTO SMEAR SCR & INTERP ,229.00
340587,GAMMA GT                ,163.50
340598,HEAVY METAL UR MULTI ANA,110.00
340599,HEAVY METAL BLD MULTI AN,487.50
340602,CREATININE UR           ,222.00
340607,SODIUM UR               ,74.00
340608,POTASSIUM UR            ,74.00
340614,FIBRINOGEN ACTIVITY     ,323.50
340631,THEOPHYLLINE QUANT      ,577.75
340634,T4 TOTAL                ,303.00
340638,PRIMIDONE (MYSOLINE) QN ,554.75
340640,IGG EA                  ,242.50
340641,TRANSFERRIN             ,176.50
340642,CK-ISOENZYMES           ,271.75
340645,IGA EA                  ,242.50
340646,IGM EA                  ,242.50
340653,HCG QUALITATIVE SERUM   ,229.00
340664,CULTURE STOOL           ,289.50
340665,CULT COLONY COUNT UR    ,265.25
340666,SMEAR WBC STAIN         ,179.50
340671,T3 FREE                 ,356.75
340693,MITOCHONDRIAL AB QL EIA ,298.50
340702,RPR QUANT               ,110.00
340708,VITAMIN A               ,422.25
340712,VALPROIC ACID (DEPAKENE),411.50
340730,HCG BETA QUANTITATIVE   ,348.50
340731,PROGESTERONE            ,586.50
340734,T3 TOTAL                ,447.25
340759,ADENOVIRUS AB QL        ,101.00
340760,CULT ENTEROVIRUS        ,696.75
340813,HEP B CORE AB TOTAL     ,231.50
340819,TESTOSTERONE FREE       ,273.00
340833,CATECHOL FRACTION BLD   ,908.50
340839,COMPLEMENT TOT CH50     ,572.75
340859,FERRITIN                ,207.00
340873,LEGIONELLA AB IGG QUAL  ,282.75
340885,AMOXAPINE ASENDIN QN    ,537.00
340905,ANTI MICROSOMAL AB      ,195.00
340906,PYRIDOXAL 5 PHOS VIT B6 ,190.25
340907,THYROGLOB AB QL         ,213.00
340913,SUSC MIC                ,179.50
340920,ALPHA FETOPROT SERUM    ,474.00
340923,CHROM & KARY 15-20 2 KAR,2759.00
340927,ANTITHROMBIN 3 AG       ,490.00
340965,SEROTONIN               ,303.00
340995,CEA                     ,238.25
341002,HEP A AB IGM QUAL       ,289.50
341003,HEP A AB TOTAL          ,168.75
341005,HB S AB QUAL            ,238.25
341006,HEP B CORE AB IGM QL    ,157.25
341009,HEPATITIS C AB QUAL     ,314.50
341010,ACUTE HEPATITIS PANEL   ,851.25
341054,PROS SPEC AG (PSA) TOTAL,143.50
341123,VITAMIN D 1-25 W/WO FRAC,481.25
341127,THYROGLOBULIN           ,292.50
341312,TRAZADONE (DESYREL) QN  ,736.25
341316,PARATHORMONE (PTH)      ,615.50
341334,RUBELLA AB QUAL         ,298.50
341417,VMA URINE               ,449.25
341486,SMEAR MALARIA STAIN     ,196.75
341497,ALUMINUM                ,217.75
341822,LYME DISEASE AB IGM QL  ,395.75
341827,OSMOLALITY UR           ,32.50
341850,T4 FREE                 ,271.75
341863,HIV 1&2 AB QUAL         ,332.50
341956,LYME DISEASE AB IGG QL  ,254.00
342084,MUMPS AB QUAL           ,379.00
342120,CITRATE URINE           ,320.50
342138,CA 125 QN               ,217.75
342199,METANEPHRINES           ,187.00
342290,MYOGLOBIN BLD           ,202.00
342291,MYOGLOBIN URINE         ,254.00
342413,BMP TOTAL CALCIUM       ,320.50
342712,ETHOTOIN PEGANONE QN    ,89.50
343341,H PYLORI AB QUAL        ,211.00
343743,CHROM BREAKAGE 50 100   ,2954.50
344146,SERTRALINE ZOLOFT QN    ,174.50
345003,CULTURE GENITAL         ,265.25
345005,CULT MYCOPLASMA         ,188.25
345006,CULT FUNGUS BLOOD       ,273.00
345008,OCC BLD PEROX OTH SOURCE,31.00
345009,PINWORM EXAM            ,69.00
345010,CRYPTO AG IFT           ,244.25
345011,SMEAR WET MOUNT         ,125.50
345012,GC DIR PROBE            ,174.50
345013,CULT VIRUS CPE          ,1198.50
345014,CULTURE CSF             ,303.00
345015,CULTURE WOUND           ,289.50
345016,CHLAMYDIA T DIR PROBE   ,174.50
345017,SMEAR FUNGUS STAIN      ,150.50
345018,CULT FUNGUS CSF         ,273.00
345019,CULTURE EYE             ,265.25
345020,VARIC ZOSTER IGG        ,456.25
345021,VARIC ZOSTER IGM        ,111.25
345024,EBV CAPSID IGG QUAL     ,568.25
345025,EBV CAPSID IGM QUAL     ,271.75
345026,CMV IGM QUAL            ,188.25
345027,CMV IGG QUAL            ,244.25
345032,COMP METABOLIC PANEL    ,554.75
345033,HEPATIC FUNCTION PANEL  ,262.25
345034,ALT (SGPT)              ,125.50
345036,LDH (LD)                ,238.25
345038,AEROBIC ORG ID          ,85.00
345039,SMR LEGIONEL FLUOR STAIN,95.75
345040,CULT LEGIONELLA SCR     ,95.75
345041,HEPATIC FUNCTION PANEL  ,395.75
345042,TOTAL PROTEIN CSF QN    ,215.50
375291,60 IN. MICRO VOLUME EXTE,14.00
435126,CL CONTINU-FLO SOLN SET,56.00
436580,STERILE WATER FOR IRRIGA,31.00
460668,LACTATED RINGERS IRRIG ,98.00
460669,Y-TYPE CATHETER EXTENSIO,30.00
470100,XR MANDIBLE < 4 V       ,507.25
470110,XR MANDIBLE 4 + V       ,537.00
470130,XR MASTOIDS 3 + V PS RT ,642.50
470150,XR FACIAL BONES 3 + V   ,748.75
470160,XR NASAL BONES COMP     ,456.25
470200,XR ORBITS 4 + V         ,532.75
470220,XR SINUSES 3 + V        ,507.25
470240,XR SELLA TURCICA        ,442.00
470250,XR SKULL < 4 V          ,463.00
470260,XR SKULL 4 + V          ,636.25
470360,XR NECK SOFT TISSUE     ,417.25
470553,MRI BRAIN W&WO CONT     ,4180.00
471034,XR CHEST COMP W/FLUORO  ,720.50
471090,XR FLUORO PACEMAK INS   ,800.50
471100,XR RIBS UNI 2 V         ,514.75
471101,XR RIBS UNI W/CXR 3 + V ,469.50
471110,XR RIBS BI 3 V          ,451.00
471120,XR STERNUM 2 + V        ,451.00
472040,XR C-SPINE 2/3 VIEWS    ,451.00
472050,XR C-SPINE 4 + V        ,502.50
472052,XR C-SPINE W/OBLIQ F/E  ,507.25
472070,XR T-SPINE 2 VIEWS      ,507.25
472090,XR T-SPINE SCOLIOSIS    ,507.25
472100,XR L-SPINE 2/3 VIEWS    ,451.00
472110,XR L-SPINE 4 + VIEWS    ,537.00
472170,XR PELVIS 1/2 VIEWS     ,451.00
472220,XR SACRUM/COCCYX 2 + V  ,417.25
473000,XR CLAVICLE COMP RT     ,447.25
473010,XR SCAPULA COMP RT      ,417.25
473020,XR SHOULDER 1 V RT      ,451.00
473030,XR SHOULDER 2 + V RT    ,507.25
473060,XR HUMERUS 2 + V RT     ,451.00
473070,XR ELBOW 2 VIEWS RT     ,341.25
473080,XR ELBOW 3 + V RT       ,507.25
473090,XR FOREARM 2 VIEWS LT   ,408.25
473110,XR WRIST 3 + V LT       ,507.25
473120,XR HAND 3 + V RT        ,451.00
473130,XR HAND 3 + V RT        ,507.25
473140,XR FINGER(S) 2 + V RT   ,305.50
473500,XR HIP UNI 1 V          ,451.00
473510,XR HIP UNI 2 + V        ,507.25
473520,XR HIP BI W/PELVIS      ,552.75
473550,XR FEMUR 2 VIEWS RT     ,451.00
473560,XR KNEE 1 OR 2 V RT     ,451.00
473562,XR KNEE 3 V RT          ,507.25
473565,XR KNEE AP STAND BI     ,507.25
473590,XR TIBIA/FIBULA 2 V RT  ,523.00
473600,XR ANKLE 2 VIEWS RT     ,417.25
473610,XR ANKLE 3 + V RT       ,507.25
473630,XR FOOT 3 + V RT        ,451.00
473660,XR TOE(S) 2 + V RT      ,451.00
474220,XR ESOPHAGUS            ,507.25
474241,XR UGI W/KUB            ,631.00
474245,XR UGI W/SMALL INTESTINE,687.75
474250,XR SMALL INTESTINE      ,451.00
474270,XR ENEMA                ,456.25
474280,XR ENEMA W/ AIR         ,593.50
474290,XR CHOLECYST ORAL       ,442.00
474410,XR IVP INFUSION         ,903.25
474415,XR IVP W/NEPHROTOMO     ,1310.00
474420,XR UROGRAM RETRO        ,1103.25
474430,XR CYSTOGRAM 3 + V      ,851.25
474455,XR CYSTOURETHRO VDNG    ,1103.25
474740,XR HYSTROSALPNGOGRAM    ,901.00
476061,XR BONE SURVEY LTD      ,487.50
476090,MAMMOGM DIAG UNI        ,762.25
476091,MAMMOGM DIAG BI         ,282.75
476100,XR TOMOGRAM SGL PLANE   ,795.25
476536,US HEAD AND NECK        ,282.75
476700,US ABDOMEN COMPLETE     ,1011.25
476705,US ABDOMEN LTD          ,832.00
476775,US RETRO LTD            ,832.00
476805,US PREG AFTER 1ST TRI   ,879.00
476856,US PELVIS NON OB COMP   ,832.00
477186,CL SECONDARY MED SET LU,16.00
477187,CLEARLINK SYSTEM EXT SET,40.00
477194,CLEARLINK EXTENSION SET,33.00
477196,STERILE WATER FOR IRRIG.,117.00
477197,1.5% GLYCINE FOR IRRIG U,148.00
477224,ONE-LINK INJECTION SITE ,21.00
477266,IV SOLN HEPARIN 1000U .9,51.00
477270,I.V. CATHETER EXT SET/LU,13.00
477288,CONTINU-FLO SOLN. SET 3,54.00
477340,ONE-LINK HP STANDARD CAT,42.00
477630,EXTENSION SET LUER LOCK ,12.00
477631,SET ADMIN 100IN CLEARLIN,250.00
477634,EMPTY INTRAVIA CONTAINER,64.00
478001,NM THYROID UPTAKE MULT  ,842.50
478010,NM THYROID SCAN ONLY    ,1438.50
478580,NM PULM PERF PARTIC     ,1740.00
493307,ECHO 2D W/WOM MODE COMP ,822.25
493320,ECHO DOPPLER COMP       ,417.25
493325,ECHO COLOR FLOW MAPPING ,451.00
510025,DEXEDRINE 5 MG TAB      ,4.00
510030,DEXEDRINE 5 MG SPANS    ,6.50
510040,DEXEDRINE 10 MG SPANS   ,6.50
510060,METHYLPHENIDATE 5MG TAB ,4.00
510070,METHYLPHENIDATE 10MG TAB,4.00
510080,METHYLPHENIDATE 20MG TAB,6.50
510090,RITALIN SR 20 MG TAB    ,14.75
510100,OXYCOD/ACETMPN 5/325 TAB,3.00
510101,OXYCONTIN 10 MG TAB     ,4.00
510102,OXYCONTIN 20 MG TAB     ,6.50
510140,DEXEDRINE 15 MG SPANS   ,9.00
510150,RITALIN 10 MG TAB       ,3.00
510153,CONCERTA ER 18MG        ,6.50
510154,CONCERTA ER 36MG TAB    ,9.00
510160,INFLUENZ VIR TRI VAC    ,17.25
510170,ADDERALL 5 MG TAB       ,4.00
510180,ADDERALL 10 MG TAB      ,6.50
510185,ROXICODOE 5 MG TAB      ,6.50
510190,ANNECTINE 20MG DOSE     ,36.25
510195,ASA 325MG TAB           ,2.75
510200,ATROPINE 0.4MG DOSE     ,4.00
510205,CAFFEINE 0.5GM VIAL     ,276.50
510210,COMPAZINE 10MG VIAL     ,48.50
510215,LIDOCAINE 100MG SYRING  ,64.50
510220,THIOPENTAL 500MG SYRING ,368.75
510222,PHENERGAN 25MG AMPULE   ,6.50
510223,REGLAN 10 ML DOSE       ,17.25
510225,ROBINOL O.2MG DOSE      ,9.00
510230,TORADOL 30MG SYRING     ,204.25
510231,FLUMAZENIL 0.1 MG       ,43.00
510235,TRANDATE 2.5MG DOSE     ,46.25
510240,ACETAMINOPEN 325MG TAB  ,3.00
510245,DIAZEPAM 10 MG SYRING   ,50.25
650700,EKG TRACING ONLY        ,222.00
650800,EKG INTERP & REPORT     ,269.50
656672,DEXTROSE 50% SYRINGES   ,83.50
702588,NM KDNEY FLW&FNC W/RX   ,2822.00
746416,RABEPRAZOLE 20MG TAB EC ,56.25
746573,NON-FORMULARY ORDER #1  ,17.25
746574,NON-FORMULARY ORDER #2  ,64.75
746575,NON-FORMULARY ORDER #3  ,109.50
746576,NON-FORMULARY ORDER #4  ,267.75
746577,NON-FORMULARY ORDER #5  ,392.25
746578,NON-FORMULARY ORDER #6  ,451.00
750019,COGNISTAT               ,188.25
750030,WAIS-III                ,881.25
750035,WISC-III         (CHILD),881.25
750036,PARTIAL WAIS-III (ADULT),442.00
750037,PARTIAL WISC-III (CHILD),442.00
750045,WECH PRESCHL INTEL SCALE,301.50
750049,BECK ANXIETY SCALE      ,118.50
750050,BECK DEPRESSION SCALES  ,118.50
750051,BECK HOPELESSNESS SCALE ,118.50
750055,PEABODY PICT VOCAB TEST ,330.00
750060,RORSCH                  ,1030.00
750061,THEMATIC APPERCEPT TEST ,343.50
750062,CHILD APPERCEPTION TEST ,1276.50
750063,ROBERTS APPERCEPT TEST  ,1022.50
750064,CATEGORIES TEST         ,1117.00
750065,TRAIL MAKING TEST       ,372.75
750066,MATTIS DEMENTIA SCALE   ,282.75
750070,MMPI-2                  ,384.25
750071,MMPI - ADOLESCENTS      ,384.25
750072,REYN ADOL DEPRESS SCALE ,118.50
750073,REYN CHILD DEPRESS SCALE,118.50
750074,REYN CHILD MANIFEST ANXI,118.50
750075,RAVEN MATRICES          ,301.50
750080,BENDER GESTALT          ,152.75
750085,GORDON SYS VIS/AUD CPT  ,840.75
750090,STRUCTURED CLIN INTERVI ,352.50
750095,AUDITORY CONSONANT TRIGR,560.00
750110,CLOCK SETTING           ,220.50
750111,PORTEUS MAZES           ,330.00
750112,BOSTON NAMING TEST      ,840.75
750113,CONTRLLED ORAL WORD ASSC,188.25
750114,BENTON JUDGE/LINE ORIENT,188.25
750115,FRONTAL MOTOR TASKS     ,220.50
750116,SPCH/SOUNDS PERCEPT TEST,282.75
750117,SEASHORE RHYTHM TEST    ,188.25
750118,BENTON MOTOR IMPERSISTEN,95.75
750120,WRAML                   ,442.00
750124,CONNERS RATING SCALE    ,118.50
750125,CALIFON VERBAL LEARNING ,442.00
750135,CANCELLATION TEST       ,220.50
750140,LAT DOM EX W/GRIP STRENG,220.50
750145,TOKEN TEST              ,220.50
750149,HAMILTON DEPRESSION SCAL,118.50
750150,HOOPER VISUAL ORGAN TEST,220.50
750155,VARIABLES ATTENTION TEST,1103.25
750156,OBSESSIVE COMPULSE SCALE,282.75
750157,EATING DISORDER INVENT  ,188.25
750160,DISSOCIATIVE EXP SCALE  ,282.75
750175,STROOP TEST             ,220.50
750200,PROJECTIVE  DRAWINGS    ,220.50
750250,MCMI-2                  ,442.00
750251,MILLION ADOL CLIN INVENT,442.00
750252,MILLION CLIN INVENT III ,442.00
750300,PIERS HARRIS            ,220.50
750375,NEUROPSYCH INVENTORY    ,118.50
750378,SCID-2 QUESTIONAIRE     ,125.50
750400,WOODCOCK/JOHNSON BATTERY,588.50
750425,SYMPTOMS CHECKLIST 90   ,220.50
750450,SENTENCE COMPLETION     ,220.50
750525,SENSORY PERCEPTUAL EXAM ,220.50
750600,TACTILE PERFORMANCE TEST,442.00
750650,REITAN-IND APHASIA SCRN ,220.50
750750,REY-OSTERREITH COMP FIG ,220.50
750875,GROOVED PEGBOARD        ,220.50
750900,WIDE RANGE ACHIEV.TSTIII,442.00
750925,WECHESTER MEMORY SCALE R,238.25
750926,WECHSLER MEMORY SCALE I ,188.25
750975,WISCONSIN CARD SORT TEST,442.00
750986,VISUAL ANALOG MOOD SCALE,118.50
753001,ECT                     ,3056.00
756157,EATING DISORDER INVENTOR,188.25
891911,CALC GLUCONATE 50MG/1ML ,88.25
891955,PROPRANOLOL 0.1MG/1ML   ,89.50
891967,ROBINUL 0.1MG/1ML       ,29.00
891968,HYDRALAZINE 1MG/1ML     ,29.00
891969,PROPRANOLOL 1MG/1ML     ,29.00
891992,ROCEPHIN 1MG            ,129.50
892053,ROCEPHIN 250MG/1ML      ,111.25
892054,ROCEPHIN 250MG/1ML      ,111.25
892064,DIPHENHYDRAMNE 2.5MG/ML ,29.00
892072,GLYCOPYRROLATE 4MG VL   ,89.50
900019,HIV AB WESTERN BLOT     ,566.25
900020,INFLUENZA A AG EIA      ,215.50
900022,RSV AB QUAL             ,204.25
900023,VALSARTAN 80MG          ,24.00
900024,METOPROLOL 25MG TAB     ,3.00
900027,HALOPERIDOL DEC 50MG INJ,24.50
900028,ALPRAZOLAM 0.5MG ODT TAB,18.25
900029,ALPRAZOLA 0.25MG ODT TAB,17.25
900030,ESZOPICIONE 3MG TAB     ,48.50
900031,ESZOPICIONE 2MG TAB     ,48.50
900032,ACAMPROSATE 333MG TAB   ,18.25
900033,METADATE 10MG CD CAP    ,30.75
900034,RITALIN 10MG LA CAP     ,38.00
900035,TOLTERODINE 2MG LA CAP  ,44.75
900036,TOPIRAMATE 50MG TAB     ,48.25
900037,CERULOPLASMIN           ,187.00
900038,MORPHINE 15 MG TAB      ,3.00
900039,CHLAMYDIA & GC DIR PROBE,68.00
900040,AMBIEN CR 6.25 MG       ,46.25
900041,AMBIEN CR 12.5 MG       ,46.25
900042,THYROGLOBULIN AB QUANT  ,21.75
900043,THYROID PEROXIDASE AB   ,21.75
900044,LACTASE 3000U TAB       ,3.00
900045,NON-FORMULARY ORDER     ,676.25
900046,NON-FORMULARY ORDER     ,901.00
900047,NON-FORMULARY ORDER     ,1125.75
900048,NON-FORMULARY ORDER     ,1351.25
900049,NON-FORMULARY ORDER     ,1576.50
900050,NON-FORMULARY ORDER     ,1800.00
900051,CULT GC SCR             ,544.25
900052,CULT NOSE               ,231.50
900053,CEFIXIME 100MG/5ML LIQ  ,373.25
900054,ROZEREM 8MG TAB         ,36.25
900055,RISPERIDONE 50MG/2ML VL ,2255.00
900057,SEROQUEL 50MG TAB       ,44.75
900058,SEROQUEL 400MG TAB      ,110.00
900059,EQUETRO 100MG CAP       ,21.00
900060,EQUETRO 200MG CAP       ,21.00
900061,EQUETRO 300MG CAP       ,21.00
900062,PREGABALIN 75MG CAP     ,26.25
900063,LEVETIRACETAM 500MG TAB ,42.00
900064,LEVOTHYROXINE 0.088MGTAB,4.00
900400,XR MASTOIDS 3 + V PS LT ,642.50
900401,XR CLAVICLE COMP RT     ,447.25
900402,XR SCAPULA COMP LT      ,417.25
900403,XR SHOULDER 1 V LT      ,451.00
900404,XR SHOULDER 2 + V LT    ,507.25
900405,XR HUMERUS 2 + V        ,451.00
900406,XR ELBOW 2 VIEWS        ,451.00
900407,XR ELBOW 3 + V LT       ,507.25
900408,XR FOREARM 2 VIEWS RT   ,463.00
900409,XR WRIST 3 + V RT       ,507.25
900410,XR WRIST 2 VIEWS RT     ,451.00
900411,XR WRIST 2 VIEWS LT     ,451.00
900412,XR HAND 2 V LT          ,451.00
900413,XR HAND 3 + V LT        ,507.25
900414,XR FINGER(S) 2 + V LT   ,305.50
900415,XR FEMUR 2 VIEWS LT     ,451.00
900416,XR KNEE 1 OR 2 V LT     ,451.00
900417,XR KNEE 3 V LT          ,507.25
900418,XR KNEE 4 + V LT        ,593.50
900419,XR KNEE 4 + V RT        ,593.50
900420,XR TIBIA/FIBULA 2 V LT  ,523.00
900421,XR ANKLE 2 VIEWS LT     ,417.25
900422,XR ANKLE 3 + V LT       ,507.25
900423,XR FOOT 2 VIEWS LT      ,417.25
900424,XR FOOT 2 VIEWS RT      ,417.25
900425,XR FOOT 3 + V LT        ,451.00
900426,XR CALCANEUS 2 + V LT   ,327.75
900427,XR CALCANEUS 2 + V RT   ,327.75
900428,XR TOE(S) 2 + V LT      ,451.00
952015,ERYTHROMYCIN 2% 60ML TAB,395.75
952029,ACETAMINOPHEN 16        ,1.00
952091,ALBUTEROL .83MG/        ,56.00
952113,FEXOFENADINE 60MG       ,31.00
952115,ALLOPURINOL 100MG TAB   ,17.25
952120,ALPRAZOLAM 0.25MG TAB   ,21.75
952121,ALPRAZOLAM 0.5MG TAB    ,21.75
952122,ALPRAZOLAM 1.0MG T      ,20.25
952123,RAMIPRIL 1.25MG         ,31.00
952137,AMATAD HCL 100MG C      ,31.00
952142,ZOLPIDEM 10MG TAB       ,24.50
952143,ZOLPIDEM 5MG TAB        ,24.50
952175,AMITRIPTYLINE 10MG TAB  ,21.75
952176,AMITRIPTYLINE 25MG TAB  ,21.75
952186,AMOXICILLIN 250MG/5ML   ,38.50
952195,AMYL NITRITE AMP        ,32.50
952196,ANACIN TABLET           ,3.00
952197,CLOMIPRAMINE 25MG CAP   ,26.25
952198,ANAFRANIL 50MG C        ,29.00
952205,BENZOCAINE/PHENOL 9.4GM ,29.00
952206,CEFAZOLIN 1GM/D5W 50    ,309.25
952213,ANECTINE FLO-PAC        ,295.25
952214,INJ SUCCINYLCHOLINE INJ ,590.50
952225,HYDROCORT 2.5% 30GM R CR,71.25
952226,HYDROCORTISONE 25MG SUPP,64.50
952231,TUBERCULIN SKIN TEST(PPD,88.25
952236,AQUAPHOR OINTMENT       ,93.25
952246,DONEPEZIL 5MG TAB       ,48.50
952248,ARISTOCORT IL 25        ,597.25
952253,THYROID 30MG T          ,31.00
952254,THYROID 60MG T          ,31.00
952256,MESALAMINE 400MG        ,17.25
952261,ASCORBIC ACID 500MG TAB ,4.00
952270,ASPIRIN 325MG TA        ,3.00
952274,ASPIRIN 81MG TAB        ,3.00
952279,ATENOLOL 25MG TAB       ,31.00
952280,ATENOLOL 50MG TAB       ,31.00
952281,ATIVAN 2MG/ML TUBEX     ,152.75
952282,LORAZEPAM 2 MG INJ      ,45.50
952286,ATROPINE 0.5 MG SYRINGE ,89.50
952287,ATROPINE SUL 0.4MG I    ,89.25
952291,ATROPINE 1MG I VIAL     ,105.00
952304,AMOX/CLAV 500MG TAB     ,40.50
952305,AMOX/CLAV 875MG TAB     ,46.25
952322,SODIUM CHL 0.65% 15MLNAS,76.00
952331,GLUCOSE TABS BOX        ,78.00
952341,BACITRACIN 500U/        ,15.50
952346,BACLOFEN 10MG T         ,15.75
952349,WATER-BACTERIO 30MLI    ,107.50
952352,MUPIROCIN 2% 15GM CR    ,408.25
952365,BAYHEP B                ,1058.25
952366,BD ULTRAFINE SYR 1/2    ,114.00
952367,SYRINGE BD ULTRAFINE    ,114.00
952368,BD ULTRAFINE 0.3ML      ,114.00
952369,BD AUTO LANCET          ,53.75
952372,VIT B COMPLEX INS       ,143.50
952377,BEN GAY ARTHRITUS 90GM  ,63.00
952388,BENZTROPINE 0.5MG TAB   ,31.00
952389,BENZTROPINE 1MG TAB     ,21.75
952390,BENZTROPINE 2MG TAB     ,31.00
952427,BETHANECHOL 10MG T      ,31.00
952435,CLARITHROMYCIN 250MG TAB,40.50
952437,CLARITHROMYCIN 500MG TAB,40.50
952451,BISACODYL 10MG SUPP     ,3.00
952452,BISACODYL 5MG EC TAB    ,3.00
952479,BREVITAL SODIUM         ,302.25
952480,BREVITAL NA 500MG I     ,467.75
952481,BRICANYL 1MG/ML         ,137.00
952492,BUMETANIDE 0.5MG TAB    ,31.00
952494,BUMETANIDE 1MG TAB      ,12.50
952503,BUSPIRONE 10MG TAB      ,24.50
952504,BUSPIRONE 5MG TAB       ,21.75
952509,CAFFEINE/BENZOATE I     ,537.00
952515,CALAMINE 180ML LO       ,53.75
952516,VERAPAMIL 120MG TAB     ,31.00
952517,VERAPAMIL 80MG TAB      ,32.50
952519,CALCITRIOL 1MCG I       ,316.75
952523,CALC CL 10% 10ML AMP    ,88.25
952525,CALCIUM CHLORIDE        ,327.75
952529,CALC GLUC 10% 10ML I    ,88.25
952530,CALCIUM GLUCONAT        ,88.25
952548,CAPTOPRIL 25MG TAB      ,31.00
952555,SUCRALFATE 1GM TAB      ,31.00
952556,CARAFATE SUSPENSION DOSE,16.75
952558,SINIMET 10/100 TAB      ,31.00
952559,SINEMET 25/100 TAB      ,31.00
952560,CARBIDOPA/LEVO 25/250 TB,31.00
952574,DILTIAZEM 120MG SA CAP  ,31.00
952575,DILTIAZEM 180MG SA CAP  ,32.50
952584,DOXAZOSN/CARDURA 4MG    ,31.00
952585,CARISOPRODOL 350MG TAB  ,31.00
952593,CARRINGTON MOIST BAR    ,127.50
952599,CLONIDINE 0.1MG/24HR PAT,174.50
952600,CLONIDINE 0.2MG/24HR PAT,278.00
952601,CLONIDINE TTS 3         ,379.00
952625,CEFUROXIME 250MG TAB    ,42.00
952641,MULTIVITAMINS/MINER TAB ,21.75
952642,MULTIVITAMINS/MIN/FE TAB,3.00
952643,CETYLPYRIDINIUM LOZ     ,3.00
952649,CEPHALEXIN 250MG CAP    ,31.00
952651,CEPHALEXIN 500MG CAP    ,32.50
952657,CERUMENEX 6ML OTIC      ,372.75
952662,CETAPHIL LOTION 8OZ     ,143.25
952674,CHLORAL HYDRAT 500MG CAP,31.00
952678,CHLORDIAZEPOXIDE        ,15.75
952679,CHLORDIAZEPOXID 10MG CAP,26.25
952680,CHLORDIAZEPOXID 25MG CAP,26.25
952694,CHLORPROMAZINE 100MG TAB,21.75
952697,CHLORPROMAZINE 100MG/ML ,222.00
952698,CHLOPROMAZINE C 10MG/5ML,193.00
952699,CHLRPRMZNE 50MG/2MLI    ,105.00
952700,CHLORPROMAZINE 25MG TAB ,21.75
952702,CHLOPROMAZINE INJ 25MG  ,31.00
952723,CIPROFLOXACIN 250MG TAB ,40.50
952724,CIPRO 500MG TABL        ,42.00
952732,MAGNESIUM CITRATE 300ML ,31.00
952745,LORATADINE 10MG TAB     ,35.25
952755,CLINDAMYCIN 1% 30ML LOT ,34.25
952759,CLINDAMYCIN 150MG CAP   ,31.00
952764,CLONIDINE 0.1MG TAB     ,31.00
952770,CLRPACTN WCS 90 2GM     ,129.50
952771,CLOTRIMAZOLE 1%         ,211.00
952774,CLOZAPINE 100MG TAB     ,42.00
952775,CLOZAPINE 25MG TAB      ,32.50
952782,CODEINE PH 15MG/        ,95.75
952783,CODEINE 30MG I          ,74.00
952785,CODEINE 60MG I          ,105.00
952787,CODEINE 15MG TAB        ,32.50
952795,BENZTROPINE 2MG/2ML AMP ,204.25
952802,COLCHICINE 1MG I        ,134.75
952804,COLCHICINE 0.6MG T      ,29.00
952807,COLLODION               ,220.50
952817,PROCHLORPERAZINE 5MG TAB,32.50
952827,AMIODARONE 200MG TAB    ,40.50
952828,AMIODARONE INJ          ,1011.25
952844,CORTSPORN OPTH SOLN     ,471.50
952848,COSYNTROPN 0.25 MG I    ,395.75
952857,WARFARIN 2.5MG T        ,31.00
952858,WARFARIN 2MG TAB        ,38.50
952859,WARFARIN 5MG TAB        ,31.00
952863,LOSARTAN 25MG TAB       ,31.00
952871,PENICILLAMINE 250MG     ,31.00
952873,CYANOCOBALAMIN 1        ,110.00
952874,CYANCOBAL 1000MCG I     ,88.25
952877,CYCLOBENZAPRINE 10MG TAB,46.25
952896,LIOTHYRONINE 25MCG TAB  ,31.00
952897,LIOTHYRONINE 5MCG T     ,32.50
952933,DANTRO SOD 20MG I       ,874.75
952943,DDAVP 0.1MG/ML N        ,1344.50
952959,TESTOSTERONE ENANTHATE  ,226.00
952973,VALPROATE SOD 250MG/5ML ,24.50
952974,DIVALPROEX 125MG SP CAP ,21.75
952975,DIVALPROEX 125MG EC TAB ,21.75
952976,DIVALPROEX 250MG EC TAB ,21.75
952977,DIVALPROEX 500MG EC TAB ,24.50
952982,MEDRXYPROG 150MG/ML     ,609.50
952984,MEDROXYPROGEST 150MG VL ,387.75
952985,TESTOST CYP 100MG/ML    ,580.00
952986,TESTOSTERONE CYPIONATE  ,46.25
952993,NORPRAMINE 10MG TAB     ,26.25
952994,DESIPRAMINE 25MG TAB    ,31.00
952997,ZINC OXIDE 60GM OI      ,76.00
952998,DESONIDE .05% CR 15G    ,110.25
953006,DEXAMETH 0.5MG T        ,31.00
953014,DEXAMETHASONE 10        ,451.00
953019,DEXAMETH 4MG T          ,29.00
953020,DEXAMETHASONE 4M        ,105.00
953024,DEXTROAMPHETAMINE 5MG T ,38.50
953079,ACETAZOLAMID 250MG T    ,31.00
953080,ACETAZOLAMID 500MG C    ,35.25
953104,DIAZEPAM 10MG TAB       ,26.25
953105,DIAZEPAM 2MG TAB        ,21.75
953106,DIAZEPAM 5MG TAB        ,26.25
953109,DIAZEPAM 10MG I         ,161.00
953111,DIAZEPAM 5MG/ML 1ML INJ ,129.50
953117,DICLOXACILLIN 250MG CAP ,31.00
953118,DICYCLOMINE 10MG        ,31.00
953127,FLUCONAZOLE 100MG TAB   ,56.00
953141,DIGOXIN 0.25MG INJ      ,116.25
953147,PHENYTOIN 100MG EX CAP  ,31.00
953150,PHENYTOIN 50MG CHEW TAB ,31.00
953152,PHENYTOIN 100MG I       ,88.25
953157,HYDROMORPHONE 2MG TAB   ,31.00
953179,FLUDROCORTISONE ACETATE ,16.00
953182,DIPHENHYDRAMINE 50MG CAP,3.00
953183,DIPHENHYDRAMINE 25MG TAB,3.00
953185,DIPHENHYDRAMINE 50MG VL ,105.00
953186,DIPHENOX-ATRO 2.5MGT    ,35.00
953188,DPT VACCINE             ,161.00
953189,DPT VACCINE             ,40.50
953191,PROPOFOL 1000MG INJ     ,1186.75
953192,PROPOFOL 500MG INJ      ,626.50
953193,DIPRIVAN 200MG INJ      ,289.50
953203,DIPH-TET TOX 0.5ML P    ,132.50
953208,DISULFIRAM 250MG TAB    ,14.75
953223,DOCUSATE NA 100MG CAP   ,31.00
953229,DOMEBORO TABLET         ,44.75
953238,DOPAMINE 40MG/ML        ,327.75
953241,DOPAMINE 400MG INJ      ,154.50
953242,DOPAMINE SYR 400MG      ,98.25
953250,DOXEPIN 10MG CAP        ,21.75
953251,DOXEPIN 25MG CAP        ,26.25
953256,DOXYCYCLINE 100MG EC CAP,38.50
953261,DROPERIDOL INJ 25MG/10ML,127.50
953268,DUOFILM LIQUID          ,183.75
953273,DURAGESIC 25MCG         ,276.50
953274,FENTANYL 50MCG/HR PAT   ,386.00
953275,FENTANYL 75MCG/HR PAT   ,687.75
953284,TRIAMTERE/HCTZ 37.5/25  ,31.00
953292,CARBAMIDE PER 6.5%15MLOT,91.00
953297,EFFEXOR 100MG TAB       ,21.75
953298,VENLAFAXINE 25MG TAB    ,21.75
953299,VENLAFAXINE 37.5MG TAB  ,21.75
953301,VENLAFAXINE 75MG TAB    ,14.75
953317,ELOCON 0.1% 45GM CREAM  ,356.75
953324,LIDO/PRIL2.5%/2.5% 5G CR,211.00
953338,EPHEDRINE 50MG INJ.     ,105.00
953346,EPINEPHRINE 1MG SYR     ,483.25
953348,EPINEPHRINE 0.3MG PED   ,51.25
953350,EPINEPH 1:1000 TUBEX    ,116.25
953351,EPIPEN 0.3MG AUT        ,483.25
953358,MAGNESIUM SUL 454G GRAN ,60.25
953359,EQUAGESIC TAB           ,483.25
953363,ERYTHROMYCI ST 250MG TAB,31.00
953364,EMYCIN BASE 333MG       ,483.25
953365,EMYCIN BASE 500MG       ,483.25
953366,ERYC 250MG CAPSU        ,483.25
953367,ERYPED-200MG/5ML        ,483.25
953368,ERYTHRO ETHYLSUCC DROPS ,483.25
953369,ERYPED 400MG/5ML GRAN   ,483.25
953381,LITHIUM CARB 450MG CR   ,26.25
953386,ESTRADIOL 1MG TAB       ,38.50
953392,ESTRA CYPIO 5MG/MLI     ,469.50
953410,EUCERIN CR 120GM OTC    ,17.25
953412,EUCERIN LOTION OTC      ,17.25
953416,EURO-COLLINS KIT 3      ,417.25
953447,FERRO-SEQUEL            ,32.50
953450,FERROUS SULF 325MG TAB  ,31.00
953455,POLYCARBOPHIL 625MG TAB ,31.00
953458,ACETAMIN/BUTALBITL/CAFFE,38.50
953459,FIORINAL TAB            ,13.50
953465,FLEET BISACODYL         ,3.00
953466,FLEET ENEMA PEDI        ,48.50
953477,FLUTICASO 50MCG 16GM SPR,78.50
953480,FLUTICASO 110MCG 7.9GINH,278.00
953481,FLUTICASONE INHALER 220 ,863.50
953482,FLUTICASONE INHALER 44  ,505.75
953495,FLUOCINONID 0.05% 30GMCR,375.50
953497,FLUOCINONID 0.05% 15GMCR,112.00
953509,FLUPHENAZINE 1MG T      ,21.75
953510,PROLIXIN INJECTION      ,494.75
953511,FLUPHRNAZINE 2.5MG T    ,20.25
953512,FLUPHENAZINE 5MG TAB    ,24.50
953514,FLURAZEPAM 15MG CAP     ,21.75
953524,FOLIC ACID 1MG TAB      ,31.00
953547,FUROSEMIDE 20MG TAB     ,31.00
953608,GLIPIZIDE 5MG TAB       ,31.00
953610,GLUCAGON EMERG KIT      ,665.25
953612,GLUCOLET-AUTO LA        ,107.50
953616,METFORMIN 500MG TAB     ,31.00
953617,METFORMIN 850MG TAB     ,38.50
953626,GLYBURIDE 5MG TAB       ,31.00
953628,GLYCERIN ADULT SUPP     ,31.00
953648,GUAIFEN ER/HUMIBID L    ,31.00
953662,HALOPERIDOL LAC 5MG INJ ,188.25
953663,HALOPERIDOL DEC 100MGINJ,629.25
953667,HALDOL 0.5MG T.         ,21.75
953669,HALOPERIDOL 1MG TAB     ,21.75
953671,HALOPERIDOL 2MG TAB     ,21.75
953672,HALOPERIDOL 5MG TAB     ,21.75
953673,HALDOL 10MG/5ML LIQ     ,24.50
953723,INSULIN LISPRO INJ      ,95.75
953728,HUMULIN 70/30 INSULIN   ,95.75
953730,INSULIN HUMAN NPH INJ   ,95.75
953731,INSULIN HUMAN REG 1U    ,95.75
953756,HYDROCORTISONE 1% 30G CR,82.50
953757,HYDROCORT 1% 30GM ON    ,95.75
953758,HYDROCORTISONE 2        ,215.50
953761,HYDROCORTONE PHO        ,348.50
953781,HYDROXYZINE PAM         ,29.00
953782,HYDROXYZINE PAM         ,29.00
953799,POLYVINL ALC/POV 0.3MLOP,29.00
953802,HYDROCORT 1% LOT 4OZ    ,96.50
953804,TERAZOSIN 1MG CAP       ,31.00
953810,IBUPROFEN 200MG TAB     ,3.00
953811,IBUPROFEN 300MG         ,3.00
953829,ISOSORBIDE MN 30MG SA T ,31.00
953831,IMIPRAMINE 10MG TAB     ,21.75
953832,IMIPRAMINE 25MG TAB     ,21.75
953834,SUMATRIPTAN 25MG TAB    ,78.00
953835,IMITREX 6MG/0.5M        ,706.25
953836,SUMATRIPTAN 6MG INJ.    ,968.50
953839,AZATHIOPRINE 50MG T     ,16.00
953840,DROPERIDOL INJ 2.5MG/ML ,56.00
953844,PROPRANOL 60MG LA CAP   ,38.50
953845,PROPRANOLOL 80MG SA CAP ,38.50
953849,INDOMETHACIN 25MG C     ,29.00
953859,FLU VACC IIV3 0.5ML     ,144.25
953901,ISONIAZID 300MG TAB     ,31.00
953906,ISOPROTERENOL 0.        ,298.50
953938,ISUPREL 0.2MG/ML        ,183.75
953939,ISUPREL 0.5% SOL        ,532.75
953941,ISOPROTER 1NH 10ML      ,527.75
953949,K-PHOS NEUTRAL 250MG    ,15.75
953976,TRIAMCINOLONE           ,71.25
953982,KETALAR 100MG/ML        ,454.00
953983,KETAMINE 50MG 10ML I    ,511.75
953991,CLONAZEPAM 0.5MG TAB    ,21.75
953992,CLONAZEPAM 1MG TAB      ,21.75
953993,KLONOPIN 2MG TAB        ,13.50
954006,LAC-HYDRIN LOT          ,505.75
954025,LACTULOSE 10GM/15ML LIQ ,40.50
954026,LAMOTRIGINE 25MG TAB    ,26.25
954037,DIGOXIN 0.125MG TAB     ,31.00
954057,LEVOFLOXACIN 250MG TAB  ,60.25
954059,LEVOFLOXACIN 500MG TAB  ,63.00
954067,LEVOTHYROXINE 0.112MGTAB,31.00
954071,LEVOTHYROXINE 0.1MG TAB ,31.00
954078,LEVOTHYROXINE 0.025MGTAB,21.75
954079,LEVOTHYROXINE 0.05MG TAB,31.00
954080,LEVOTHYROXINE 0.075MGTAB,31.00
954089,HYOSCYAMINE 0.5MG IN    ,259.50
954091,CYSTOSPAZ-M             ,13.50
954092,CDP + CLINDINIUM CAP    ,16.00
954094,CHLDIZAPOXDE 5MG C      ,21.75
954102,LIDOCAINE 0.2% I        ,413.25
954104,LIDOCAINE 0.4% I        ,413.25
954107,LIDOCAINE/IPI 1.5% INJ 3,134.75
954108,LIDOCN 2% VISC 100ML    ,38.50
954110,LIDOCN W/EPI 2% 30ML    ,105.00
954111,LIDOCAINE 5% IN         ,220.50
954113,LIDOCAINE HCL 1%        ,143.50
954115,LIDOCAINE HCL 2%        ,127.50
954116,LIDOCN 100MG SYRINGE    ,327.75
954117,LIDOCN 2% 30ML VIAL     ,105.00
954119,LIDOCAINE INJ 100MG     ,80.25
954127,ATORVASTATIN 10MG TAB   ,35.25
954128,ATORVASTATIN/LIPITOR 20M,42.00
954129,LIQUI-CHAR 25GM         ,60.25
954131,ACTIVATED CHAR/SORB 25GM,63.00
954134,LITHIUM CARB 600MG CAP  ,21.75
954135,LITHIUM CARB 300MG CAP  ,21.75
954138,LITHIUM CITR 300MG/5ML  ,26.25
954139,LITHIUM CARB 300MG SA   ,26.25
954145,LOPERAMIDE 2MG CAP      ,38.50
954146,GEMFIBROZIL 600MG TAB   ,32.50
954148,METOPROLOL 5MG/5ML I    ,226.00
954149,METOPROLOL 50MG TAB     ,31.00
954153,LORAZEPAM 0.5MG TAB     ,21.75
954154,LORAZEPAM 1MG TAB       ,21.75
954155,LORAZEPAM 2MG TAB       ,21.75
954161,HYDROCODON/APAP 5/500 T ,31.00
954164,BENAZEPRIL 10MG         ,29.00
954170,CLOTRIMAZOLE 1% 15GM TB ,68.50
954171,CLOTRIMAZOLE 1% 30GM CR ,45.50
954175,CLOTRIMA/BETAMET 15GM CR,401.50
954178,LOXAPINE 5MG CAP        ,21.75
954179,LOXAPINE 10MG CAP       ,21.75
954180,LOXAPINE 25MG CAP       ,24.50
954187,LUBRIDERM LOT 180ML     ,64.50
954194,FLUVOXAMINE 50MG TAB    ,35.25
954195,LUVOX 100MG TAB         ,19.25
954214,MAGNESIUM OXID 400MG TAB,38.50
954218,MAGNESIUM CHLORIDE      ,159.50
954222,MAGNESIUM SULFAT        ,105.00
954223,MAGNESIUM SULFAT        ,88.25
954224,MAG SUL 1GM (8MEQ) I    ,88.25
954225,MAG SUL 10% I           ,95.75
954226,MAG SUL 5GM/10MLI       ,95.75
954235,MANNITOL 25% 50ML I     ,289.50
954266,MECLIZINE 12.5MG T      ,38.50
954273,METHYLPRED PACK/TAB     ,96.50
954317,PYRIDOSTIGMINE 60 MG    ,31.00
954320,PSYLLIUM/SF INST PKT    ,3.00
954326,METAPROTERENOL 0        ,51.25
954329,METHADONE 10MG TAB      ,32.50
954330,METHADONE 5MG TAB       ,38.50
954334,METHOCARB 500MG T       ,29.00
954336,METHOCARBAMOL W/        ,38.50
954350,METHYLDOPA 250MG I      ,143.50
954353,METHYLPREDNISOLONE DEPO ,127.50
954355,METOCLOPRAMIDE 10MG TAB ,31.00
954363,METRONIDAZOLE 250MG TAB ,31.00
954367,LOVASTATIN 20MG T       ,38.50
954371,CALCITONI-SALMON I      ,566.25
954373,MICONAZOLE 2% AEROS     ,118.50
954376,POTASSIUM CHL 10MEQ SA  ,31.00
954393,MINOCYCLINE 100MG I     ,611.75
954413,MICONAZOLE 2% 30GM CR   ,278.00
954418,MICONAZOLE 2% 45GM CR   ,68.00
954447,IBUPROFEN 400MG TAB     ,4.00
954448,IBUPROFEN 600MG TAB     ,4.00
954449,IBUPROFEN 800MG TAB     ,4.00
954466,CLOTRIMAZOLE 10MG TAB   ,23.00
954488,AL-MG/SIM-MYLANTA 30    ,4.00
954496,PRIMIDONE 50MG TAB      ,31.00
954497,NADOLOL 20MG T          ,29.00
954498,NADOLOL 40MG T          ,31.00
954515,NALOXONE                ,46.25
954516,NANDROLONE DE 10        ,390.75
954517,NAPHCON-A EYE DROPS 15ML,107.25
954521,NAPROXEN 250MG TAB      ,38.50
954525,NALOXONE 0.02MG/ML I    ,111.25
954528,NARDIL 15MG             ,26.25
954537,VITAMINS PRENAT/CAFEFA,17.25
954554,MAXITROL EYE DROPS 5ML  ,16.00
954555,CORTISPORIN EYE DROPS   ,339.75
954566,MAXITROL EYE OINTMENT   ,152.25
954569,NEOMYC/GRAM/POLY 10ML OP,179.50
954571,NEOMYCIN 0.5% OI        ,65.50
954575,CYCLOSPOR-MICRO 25MG C  ,35.25
954597,GABAPENTIN 100MG CAP    ,21.75
954598,GABAPENTIN 300MG CAP    ,21.75
954599,GABAPENTIN 400MG CAP    ,24.50
954614,NICOTINE 14MG/24HR PAT  ,32.50
954615,NICOTINE 21MG/24HR PAT  ,40.50
954616,NICOTINE 7MG/24HR PAT   ,32.50
954617,NICOTINE 2MG GUM        ,32.50
954625,NITRAZINE PAPER ROLL    ,991.50
954635,NITRO/NITRO MAC 100MG SA,31.00
954636,NITROFURAN MACRO 50MG C ,31.00
954640,NITROGLYCERIN 5M        ,267.25
954641,NITROGLYCERIN 50MG I    ,343.50
954649,NITROGLYCERIN 0.4MG SL T,38.50
954652,NIX CREME RINSE         ,68.50
954653,KETOCONAZOLE 2% 30GM CR ,298.50
954658,TAMOXIFEN 10MG TAB      ,38.50
954660,NON-FORMULARY AN        ,289.50
954661,NON-FORMULARY IN        ,134.75
954665,VECURONIUM 10MG/ML I    ,645.25
954672,LABETALOL 40MG SYR      ,586.50
954673,LABETALOL 20MG SYRINGE  ,411.50
954679,NORTRIPTYLINE 10MG CAP  ,21.75
954680,NORTRIPTYLINE 25MG CAP  ,26.25
954683,AMLODIPINE 2.5MG TAB    ,35.25
954684,AMLODIPINE 5MG TAB      ,32.50
954710,NYSTATIN/TRIAMCIN 15G OI,74.00
954711,NYSTATIN CREAM 15GM     ,96.50
954712,NYSTATIN 100MU/ML LIQ   ,16.00
954767,CALCIUM CARB/VIT D 500MG,6.50
954779,OXAZEPAM 15MG CAP       ,21.75
954782,OXYBUTYNIN 5MG TAB      ,31.00
954786,OXYCODONE 10MG SR TAB   ,31.00
954788,OXYCODONE 40MG SR TAB   ,37.00
954789,OXIMETAZOLINE 0.025%15ML,17.25
954790,CALCIUM CARB 1250MG TAB ,31.00
954801,PANCURONIUM 1MG 10ML    ,379.00
954802,PANCURONIUM 2MG/        ,161.00
954805,PARAFON FORTE DSC       ,28.50
954810,BROMOCRIPTINE 2.5MG TAB ,42.00
954812,TRANYLCYPROMINE 10MG TAB,38.50
954814,PAROXETINE 20MG TAB     ,26.25
954815,PAROXETINE 30MG TAB     ,26.25
954818,EMYCIN PART 333MG       ,32.50
954833,PENICILLIN V K 250MG TAB,31.00
954840,THIOPENTAL              ,137.00
954843,PEPCID INJ 2ML          ,46.25
954844,FAMOTIDINE 20MG I       ,134.75
954847,FAMOTIDINE 20MG TAB     ,32.50
954851,BISMUTH SUBSA 262MG/15ML,12.50
954852,OXYCODONE/APAP 5/325 TAB,38.50
954856,CHLORHEX GLUC 0.12%480ML,93.75
954863,PERPHENAZINE 4MG TAB    ,26.25
954864,PERPHENAZINE 8MG        ,21.75
954868,PETROLATUM 30GM OINT    ,41.50
954869,PHARMACY PATIENT COUNSEL,93.75
954873,PHENAZOPYRIDINE 100MG TA,38.50
954876,PROMETHAZINE 25MG SUPP  ,93.75
954877,PROMETHAZINE 25MG TAB   ,38.50
954885,PHENOBARBITAL 30MG TAB  ,31.00
954889,PHENOBARBITAL 65        ,88.25
954892,PHENYLEPH 1% AMP I      ,118.50
954928,VASOPRESSIN 10U I       ,174.50
954930,HYDROXYCHLOROUIN 200MG T,24.50
954939,FELODIPINE 5MG TAB      ,13.50
954940,PNEUMO VAC 0.5 ML I VIAL,549.25
954975,POT CLOR 20MEQ I        ,141.00
954976,POT CLOR 40MEQ I        ,123.50
954981,POT PHOS 4.4MEQ 15ML    ,88.25
954982,POT. PHOSPHATE 15MM     ,95.75
954983,POT PHOSPH INJ 50ML     ,139.25
954989,PRAVASTATIN 20MG TAB    ,40.50
954990,PRAZOSIN 1MG CAP        ,35.00
955001,PREDNISONE 10MG TAB     ,31.00
955002,PREDNISONE 1MG T        ,14.75
955006,PREDNISONE 5MG TAB      ,31.00
955012,ESTROGEN 0.625MG TAB    ,31.00
955019,DINOPROSTONE VAG GEL    ,690.00
955020,LANSOPRAZOLE 15MG SA CAP,42.00
955021,LANSOPRAZOLE 30MG SA CAP,42.00
955023,OMEPRAZOLE 20MG CAP     ,42.00
955037,LISINOPRIL 5MG TAB      ,31.00
955058,NIFEDIPINE XL 30MG T    ,35.25
955060,NIFEDIPINE XL 60MG T    ,38.50
955069,PROGESTERONE 50/ML I    ,712.00
955076,FLUPHENAZINE 5MG/ML LIQ ,19.75
955077,PROLIXIN DECANATE 5ML   ,588.50
955080,PROMETHAZ 25MG AMP      ,105.00
955081,PROMETHAZINE 50MG AMP   ,105.00
955091,PROPRANOLOL 10MG TAB    ,31.00
955092,PROPRANOLOL 20MG TAB    ,31.00
955103,FINASTERIDE 5MG TAB     ,35.25
955106,PROTIN VAG GEL-CMPD     ,514.75
955109,PROSTIN VR 500MCG       ,1742.25
955117,ALBUTEROL 0.5% NEB SOLN ,88.25
955119,MEDROXYPROGEST 2.5MG TAB,31.00
955122,FLUOXETINE 10MG CAP     ,26.25
955123,FLUOXETINE 20MG CAP     ,32.50
955124,FLUOXETINE 20MG/5ML LIQ ,53.75
955126,PSEUDOEPHEDRINE 30MG TAB,38.50
955133,PYRIDOXINE 50MG TAB     ,38.50
955134,SUCCINYLCHOLINE         ,32.50
955137,QUESTRAN 4GM PK         ,34.25
955149,RECOMBIVAX HB 10        ,876.50
955151,PHENTOLAMINE 5MG I      ,556.75
955152,METOCLOPRAMIDE 50MGI    ,239.50
955154,METOCLOPRAMI 150MG I    ,619.75
955155,PYRIDOSTIGMINE          ,32.50
955156,REGONOL 5MG/ML V        ,152.75
955160,MIRTAZAPINE 15MG TAB    ,29.00
955175,RETIN-A 0.025% C        ,556.75
955181,METHOTREXATE 2.5MG TAB  ,44.75
955192,RISPERIDONE 1MG TAB     ,29.00
955193,RISPERIDONE 2MG TAB     ,31.00
955194,RISPERIDONE 3MG TAB     ,31.00
955195,METHYLPHENIDAT SR 20    ,31.00
955198,METHYLPHENIDATE 5MG TAB ,31.00
955205,GUAFEN SYR 120ML        ,3.00
955210,CEFTRIAXONE 1GM VL      ,658.75
955211,ROCEPHIN 1GM/DEX        ,584.25
955212,CEFTRIAXONE 250MG I     ,363.50
955213,CEFTRIAXONE 2GM INJ     ,1128.25
955214,CEFTRIAXONE 500MG I     ,604.50
955215,CEFTRIAXONE 1GM INJ     ,658.75
955220,FLUMAZENIL 5ML          ,542.75
955221,FLUMAZENIL 1MG/10ML     ,390.75
955229,OXYCODONE 5MG TAB       ,31.00
955245,CYCLOSPORINE 5ML        ,687.75
955257,SCOPOLAMINE 0.4M        ,88.25
955268,NON-FORMULARY ORAL      ,32.50
955270,MISC EENT MED           ,103.25
955271,MISC MEDICATION         ,26.25
955274,SPECIAL ORDER PED       ,273.00
955275,SEE STANDING ORD        ,3.00
955278,SELENIUM 1% 207ML SHAM  ,20.25
955285,SENNA 8.6MG TAB         ,3.00
955310,NEFAZODONE 100MG TAB    ,21.75
955315,SIMETHICONE 80MG T      ,38.50
955318,SINEMET CR 50-200       ,32.50
955320,SINOGRAFIN VIAL         ,580.00
955340,SODIUM ACETATE 100ML    ,202.00
955342,SOD BICARB 5MEQ SYR     ,320.50
955345,SOD BICARB 10MEQ SYR    ,316.75
955346,SOD BICARB 50MEQ I      ,101.00
955348,SOD CL 0.9% 50 PF       ,289.50
955350,SOD CL 3% 500           ,408.25
955351,SODIUM CHLORIDE         ,408.25
955357,SOD CHLOR 0.9% IRRIG    ,356.75
955358,SOD CHLORIDE 1GM TAB    ,14.75
955360,SOL CL 0.9% SLUSH       ,408.25
955361,SODIUM CHLORIDE         ,196.75
955362,SODIUM CHLORIDE         ,95.75
955364,SODIUM CHLORIDE         ,388.75
955365,SODIUM CHLORIDE         ,388.75
955366,SODIUM CHLORIDE         ,388.75
955367,SODIUM CHLORIDE         ,388.75
955368,SODIUM CHLORIDE         ,289.50
955369,SODIUM CHLORIDE         ,289.50
955370,SODIUM CHLORIDE         ,408.25
955371,SOD CL 0.9% 25 PF       ,249.00
955372,SOD CHLORIDE TUBEX      ,95.75
955373,SOD. CHLORIDE 3ML       ,9.00
955374,SODIUM CHLORIDE 0.9% 30 ,32.50
955375,SODIUM CHLORIDE 0.9%    ,40.50
955376,INJ SODIUM CHLORIDE INJ ,273.00
955377,NS 100ML ADD            ,273.00
955378,NORMAL SLINE 50ML MINIBA,289.50
955379,SODIUM CL 2.5MEQ/ML     ,114.00
955384,SODIUM PHOSPHATE        ,105.00
955385,SODIUM PHOSPHATE        ,105.00
955391,METHYLPRED NA S 1000    ,584.25
955393,METHYLPRED NA S 40MG I  ,95.75
955394,METHYLPRED INJ 40MG/1ML ,82.50
955395,METHYLPRED NA S 500 I   ,516.75
955407,PROMAZINE 100MG/2ML     ,251.25
955411,SPIRONOLACTONE 25MG TAB ,31.00
955416,CARD EMERG DRUG BOX     ,355.25
955420,BUTORPHANOL 2MG I       ,114.00
955421,BUTORPHANOL 4 MG I      ,226.00
955427,WATER-ST IRRIG 1000     ,388.75
955428,STERILE WATER           ,326.00
955429,STERILE WATER IRRIG 2000,273.00
955430,STERILE WATER 1000      ,408.25
955453,SULFAMETH/TRIM 400/80 TA,31.00
955454,SULFAMETH/TRIM 800/160 T,31.00
955504,METHIMAZOLE 5MG TAB     ,28.75
955515,CARBAMAZEPINE 100MG CHEW,21.75
955517,CARBAMAZEPINE 200MG TAB ,21.75
955518,CARBAMAZEPINE 100MG XR T,21.75
955519,CARBAMAZEPINE 200MG XR T,21.75
955524,TEMAZEPAM 15MG CAP      ,21.75
955530,GUANFACINE HCL 1MG TAB  ,31.00
955540,BENZONATATE 100MG C     ,15.50
955542,TET-DIPTH TOX ADULT     ,132.50
955543,TETANUS DIPHTHER        ,408.25
955548,TETRACYCLINE 250MG CAP  ,31.00
955553,THEO-24 200MG C         ,23.00
955556,THEOPHYLLINE 200MG TAB  ,31.00
955564,THEOPHYLLINE 400        ,388.75
955573,MULTIVITAMINS THERAP TAB,31.00
955575,MULTVIT W/MINERALS T    ,3.00
955579,THIAMINE 100MG TAB      ,31.00
955580,THIAMINE 100 MG INJ     ,88.25
955588,THIORIDAZINE 25MG TAB   ,21.75
955590,THIORIDAZINE 50MG T     ,21.75
955592,THIOTHIXENE 1MG CAP     ,21.75
955594,THIOTHIXENE 5MG CAP     ,21.75
955638,TIMOLOL 0.5% 2.5ML      ,193.00
955645,TOBRADEX OPHTH SUSP     ,237.75
955648,TOBRAMYCIN 60MG SYR     ,147.75
955649,TOBRAMYCIN 0.3% OS      ,456.25
955671,METOPROLOL 50MG SA TAB  ,31.00
955672,KETOROLAC 10MG TAB      ,35.00
955674,KETOROLAC 30MG/1ML VL   ,267.25
955689,TRANSDERM-NITRO 0.1MG/HR,30.75
955699,TRAZODONE 100MG TAB     ,21.75
955700,TRAZODONE 50MG TAB      ,21.75
955708,TRIAMCINO 0.1% 15G OINT ,46.25
955713,TRIAMCINO 0.025% 80G    ,103.25
955716,TRIAMCIN AC 0.01% 15G CR,60.25
955730,TRIFLUOPERAZINE 5MG TAB ,21.75
955732,TRIFLUOPERAZINE 2MG TAB ,26.25
955734,TRIHEXYPHENIDYL 2MG TAB ,21.75
955737,PERPHENAZINE 2MG TAB    ,21.75
955744,AMOXICILLIN 250MG CAP   ,31.00
955745,AMOXICILLIN 500MG CAP   ,31.00
955750,TRIPLE ANTIBIOTI        ,64.50
955764,TUBERCULIN              ,88.25
955767,TB PPD ITU SKIN TEST    ,110.00
955768,PPD 1 UNITS INJ         ,165.75
955771,CALCIUM CARB 500MG CHEW ,31.00
955778,ACETAMINOPHEN 325MG TAB ,3.00
955779,ACETAMINOPHEN 500MG TAB ,3.00
955781,ACETAMIN/CODEINE #3 TAB ,38.50
955791,TRAMADOL 50MG TAB       ,31.00
955792,BD ULTRA-LANCET         ,56.00
955841,HEPATITIS A VAC PED     ,424.50
955842,HEPATITIS A VAC ADLT    ,424.50
955844,VARICELLA VACCINE       ,40.50
955853,VASOPRESSIN 20U I       ,202.00
955855,ENALAPRIL 10MG TAB      ,31.00
955859,ENALAPRIL 2.5MG I       ,619.75
955861,PEN VK 250MG/5ML SUS    ,32.50
955863,INSULIN HUMAN REG       ,568.25
955868,ALBUTEROL 90MCG 17GM INH,141.00
955875,VERAPAMIL 5MG/2ML I     ,127.50
955876,VERAPAMIL 10MG/4ML I    ,120.75
955880,VERELAN 240MG           ,32.50
955886,VERSED 10MG SYRINGE     ,485.25
955887,VERSED 5MG/ML 10ML VIAL ,560.00
955909,TETRAHYDROZOLINE 0.05% O,44.75
955926,VITAMIN E 400IU CAP     ,31.00
955930,FERROUS FUM/VIT C TAB   ,31.00
955936,DICLOFENAC 50MG         ,14.75
955940,WATER FOR INJECT        ,95.75
955942,STERILE WATER           ,26.25
955943,INJ WATER INJ           ,281.25
955945,BUPROPION 100MG TAB     ,26.25
955946,BUPROPION 75MG TAB      ,21.75
955947,WELLBUTRIN SR 150 MG TAB,29.00
955948,BUPROPION 100MG SR TAB  ,29.00
955963,LATANOPROST 0.005% 2.5ML,290.75
955965,LIDOCN 0.5% 50ML SDV    ,314.50
955966,LIDOCN 0.5% 50ML        ,170.25
955968,LIDOCN 1% 2ML 10MG/M    ,95.75
955969,LIDOCAINE 1% INJ 5ML    ,32.50
955970,XYLOCAINE 1% VIA        ,111.25
955971,LIDOCAINE 1% PF 10ML    ,111.25
955972,LIDOCAINE PF 1% 5ML     ,107.50
955973,XYLOCAINE 1%/EPI        ,326.00
955975,XYLOCAINE 1.5% A        ,314.50
955976,XYLOCAINE 1.5%/E        ,363.50
955977,XYLOCAINE 1.5%/E        ,224.25
955979,LIDOCN 2% 10ML          ,224.25
955981,LIDOCN 2% JELLY 30ML    ,88.50
955983,LIDOCN 2% 50ML VIAL     ,170.25
955998,TIZANIDINE 4MG TAB      ,17.25
956002,RANITIDINE 150MG        ,32.50
956034,ZINC SULFATE 220        ,16.50
956037,AZITHROMYCIN 250MG      ,64.50
956040,SIMVASTATIN 20MG TAB    ,42.00
956043,ZOFRAN INJ. 4MG PEDS    ,575.50
956046,PROPOFOL 200 MG INJ     ,60.25
956047,ZOFRAN 4MGTAB/ODANSETRON,78.25
956049,SERTRALINE 100MG TAB    ,31.00
956050,SERTRALINE 50MG TAB     ,26.25
956057,ACYCLOVIR 200MG CAP     ,38.50
956059,ACYCLOVIR 5% 15GM OI    ,501.25
956060,ACYCLOVIR 5% OINTMENT 3G,196.75
956063,ZYPREXA 10MG TAB        ,60.25
956064,OLANZAPINE 5MG TAB      ,40.50
956065,CETIRIZINE 10MG TAB     ,24.50
956071,AZELASTINE 34ML NAS SPR ,593.50
956076,AVAPRO 150MG  TAB       ,16.00
956086,IPRATROPIUM INH 14MG    ,499.00
956090,COREG 6.25MG TAB        ,16.00
956096,DURACT 25MG CAP         ,32.50
956097,VENLAFAXINE 37.5MG XR CA,29.00
956099,TAMSULOSIN 0.4MG SR CAP ,35.25
956102,LEVOQUIN 500MG VIAL     ,952.75
956103,LOVENOX 40MG INJ        ,597.25
956107,OXYCODONE IR 5MG TAB    ,32.50
956108,PAROXETINE 10MG TAB     ,29.00
956111,QUETIAPINE 100MG TAB    ,35.25
956112,QUETIAPINE 25MG TAB     ,26.25
956113,TRIAMCIN ACE 0.1% O 80GM,134.75
956136,DILTIAZEM 100MG MONOVIAL,658.75
956146,CLOPIDOGREL 75MG TAB    ,40.50
956172,MIRTAZAPINE 30MG TAB    ,29.00
956173,OLANZAPINE 2.5MG TAB    ,38.50
956177,VENLAFAXINE 75MG XR CAP ,29.00
956178,VENLAFAXINE 37.5MG TAB  ,29.00
956200,ENOXAPARIN 60MG INJ     ,597.25
956204,SEREVENT DISKUS         ,766.00
956221,CELECOXIB 100MG CAP     ,35.25
956226,CITALOPRAM 20MG TAB     ,38.50
956241,DITROPAN XL 5MG TABLET  ,40.50
956248,RAMIPRIL 5MG CAP        ,31.00
956252,RECOMBIVAX HP PF.5MCG/.5,636.25
956253,LOVENOX 100MG SYRINGE   ,923.75
956257,NS 0.9% 250ML           ,289.50
956263,DILTIAZEM 50MG VIAL     ,526.50
956266,RISPERIDONE 1MG/ML LIQ  ,31.00
956268,AMPHET/DEXAMPHT 5MG TAB ,21.75
956271,PROPOFOL 10MG/20ML INJ  ,356.75
956284,CANDESARTAN 8MG TAB     ,35.25
956285,DIPYRIDAMOLE/ASA SA CAP ,35.25
956305,ZYVOX 600MG TAB         ,281.25
956311,PIOGLITAZONE 15MG TAB   ,42.00
956319,MORPHINE 100MG/100ML PCA,896.75
956320,LORAZEPAM 2MG/ML SOL    ,24.50
956321,HYDROMORPHONE 20MG/100ML,600.00
956323,ZALEPLON 5MG CAP        ,35.25
956324,PANTOPRAZOLE 40MG EC TAB,42.00
956326,RISPERIDONE 0.5MG TAB   ,29.00
956327,RISPERIDONE 0.25MG TAB  ,29.00
956329,KETALAR 200MG/20ML      ,341.25
956332,MEPERIDINE 1000MG/100ML ,923.75
956334,CARBAMAZEPINE SUSP 450ML,291.00
956342,TOPROL XL 25MG TAB      ,32.50
956362,AMPHET/DEXAMPHT 30MG XRT,28.75
956363,BUSPIRONE 15MG TAB      ,17.25
956364,DIVALPROEX 250MG ER TAB ,26.25
956365,ATOMOXETINE 10MG CAP    ,32.50
956366,STRATTERA 18MG          ,32.50
956367,ATOMOXETINE 25MG CAP    ,32.50
956368,ATOMOXETINE 40MG CAP    ,35.25
956369,SALMETEROL 250/50MCG DIS,392.25
956370,TRIAMCINOLONE 1% 5GM    ,108.50
956371,LANSOPRAZOLE 30MG PACKET,60.25
956372,METFORMIN 500MG XR TAB  ,17.25
956373,POLYETHENE GLYC 17GM PKT,24.50
956374,TRIAMTERENE/HCTZ 75/50  ,17.25
956375,LISINOPRIL 20MG TAB     ,17.25
956376,SALMETEROL 500/50MCG DIS,571.50
956377,SALMETEROL 100/50MCG DIS,330.50
956378,RISPERIDONE 0.5MG DISP  ,48.25
956379,RISPERIDONE 1MG DISP TAB,56.25
956380,RISPERIDONE 2MG DISP TAB,76.50
956381,LAMOTRIGINE 5MG CHEWABLE,16.00
956382,LEVETIRACETAM 250MG TAB ,24.00
956383,METHYLPHENIDATE 27MG SA ,29.75
956384,CEFOXITIN 2GM/50ML      ,242.75
956385,DIDANOSINE 100MG CHEW   ,31.25
956386,ALPRAZOLAM 1MG SR TAB   ,35.50
956387,HYDROCODONE/APAP 10/325 ,17.25
956388,ARIPIPRAZOLE 10MG TAB   ,46.25
956389,TIAGABINE 2MG TAB       ,31.00
956390,ALPRAZOLAM 0.5MG SR TAB ,29.25
956391,PANTOPRAZOLE 20MG       ,47.25
956393,QUINAPRIL 20MG TAB      ,17.25
956394,BUPROPION 300MG XL TAB  ,50.25
956395,URSODIOL 250MG TAB      ,29.75
956396,VITAMIN E CR 60GM       ,43.00
956399,HYDROMORPHONE 50MG/5ML I,151.00
956400,TEGASEROD 6MG TAB       ,35.50
956401,RISPERIDONE 25MG INJ    ,1100.75
956402,DUTASTERIDE 0.5MG CAP   ,35.00
956404,ESCITALOPRAM 5MG TAB    ,23.25
956405,EZETIMIBE 10MG TAB      ,35.50
956406,MONTELUKAST 5MG CHEW TAB,31.25
956407,ZIPRASIDONE 40 MG CAP   ,63.75
956408,ZIPRASIDONE 80 MG CAP   ,69.00
956409,ALLOPURINOL SODIUM 500MG,2406.25
956410,LIBRAX 5 MG. CAP.       ,3.00
956412,CARBIDOPA 25 MG TAB     ,8.50
956413,DIPHENHYDRAM ODT 12.5 MG,3.25
956414,ROSIGLITAZONE 2MG TAB   ,24.00
956416,CLONAZEPAM 0.5MG DISPTAB,21.75
956417,FLUOCINONID 0.05% 30GMCR,187.75
956418,OLANZAPINE 10MG/2ML VL  ,233.50
956419,GUAIFENESI 100MG/5ML LIQ,42.00
956420,EZETIMIBE 10MG TAB      ,29.75
956421,HYDROGEN PEROXIDE 3% 120,4.25
956422,MEMANTINE 5MG TAB       ,26.00
956423,SILVER SULFADI 1% 20G CR,30.75
956424,SUPRAX 100MG/5 ML BOTLE ,299.00
956426,EPIPEN 0.3 MG.          ,170.00
956427,EPIPEN JR. 0.15 MG.     ,170.00
956429,METRONIDA .75% 45G GEL  ,584.25
956430,DULOXETINE 20MG SR CAP  ,42.00
956431,DULOXETINE 30MG SR CAP  ,46.25
956432,DULOXETINE 60MG SR CAP  ,47.25
956433,PERMETHRIN 5% 60GM CR   ,261.25
956434,CLONAZEPAM 1MG DISP TAB ,19.25
956435,PANTOPRAZOLE 20MG DR TAB,50.25
956672,DEXTROSE 50% SYRINGES   ,83.50
964561,HERPES SIMPLEX 2 AB QL  ,123.50
965008,MEPROBAMATE 400MG TAB   ,22.50
965218,GABAPENTIN 600MG CAP    ,21.75
965219,ZIPRASIDONE 20MG CAP    ,46.25
965220,ZIPRASIDONE 40MG CAP    ,53.75
965221,ZIPRASIDONE 60MG CAP    ,60.25
965222,ZIPRASIDONE 80MG        ,21.75
965223,OXCARBAZEPINE 150MG TAB ,21.75
965224,OXCARBAZEPINE 300MG TAB ,21.75
965226,LAMOTRIGINE 100MG TAB   ,31.00
965228,RETIN-A CR 1% 20G       ,510.25
965229,HYDROCHLOROTHIA 25MG TAB,21.75
965231,RIVASTIGMINE 1.5MG CAP  ,21.75
965232,EXELON SOL              ,21.75
965233,TOPIRAMATE 100MG TAB    ,21.75
965234,TOPIRAMATE 25MG         ,21.75
965235,DIVALPROEX 500MG ER TAB ,29.00
965236,CITALOPRAM 10MG TAB     ,21.75
965237,MONTELUKAST 10MG TAB    ,31.25
965239,D-AMPHETAMINE 5MG SP    ,21.75
965240,METHYLPHENIDATE 18MG SA ,21.75
965241,METHYLPHENIDATE 36MG SA ,21.75
965242,METHYLPHENIDATE 10MG TAB,21.75
965243,NEURONTIN 600           ,21.75
965245,MEGESTROL 20MG TAB      ,21.75
965247,LITHIUM CARB 150MG CAP  ,21.75
965248,OLANZAPINE 7.5MG TAB    ,21.75
965249,OLANZAPINE 10MG TAB     ,21.75
965251,QUETIAPINE 200MG TAB    ,42.00
965252,CITALOPRAM 40MG TAB     ,21.75
965255,ASPIRIN 81 MG EC        ,3.00
965256,ATROPINE 0.4 MG TAB     ,21.75
965257,CALCIUM CARB/VIT D      ,21.75
965258,CERTAGEN SILVER         ,21.75
965260,DONEPEZIL 10MG TAB      ,21.75
965262,FLUCONAZOLE 150MG TAB   ,56.00
965263,LAMOTRIGINE 150MG TAB   ,21.75
965264,LAMOTRIGINE 200 MG      ,21.75
965265,MOLINDONE 5MG TAB       ,21.75
965266,PRAMIPEXOLE 0.5MG TAB   ,21.75
965267,QUETIAPINE 300MG TAB    ,46.25
965269,SERTRALINE 25MG TAB     ,21.75
965270,THIOTHIXENE 10 MG       ,17.25
965271,TOLTERODINE 1MG TAB     ,21.75
965274,ZINC 25MG TAB           ,6.50
965275,NEOMYC/BACITR/POLYMYX UD,6.50
965277,OLANZAPINE 5MG DISP TAB ,89.50
965278,MINOCYCLINE 100MG CAP   ,21.75
965279,AMPHET/DEXAMPHT 10MG TAB,21.75
965280,MULTIVITAMINS CAP       ,21.75
965281,GUAIFENES/DEXTROMETH LIQ,42.00
965282,NALTREXONE 50MG TAB     ,21.75
965283,ZITHROMAX 250 MG        ,21.75
965284,HYDROXYZINE 25MG        ,21.75
965285,HYDROXYZINE PAMOATE 50MG,19.25
965286,HALOPERIDOL DEC 100MG/ML,137.00
965287,ZALEPLON 10MG CAP       ,21.75
965288,AMPHET/DEXAMPHT 10MG XRT,24.75
965289,ZOLOFT LIQ 20MG/ML      ,21.75
965290,VERAPAMIL SR 120 MG     ,21.75
965291,VERAPAMIL SR 180 MG     ,21.75
965292,PREMARIN 1.25 MG TAB    ,21.75
965293,HYDROCORTISONE CR 1% UD ,21.75
965294,MODAFINIL 200MG TAB     ,21.75
965297,METHYLPHENIDATE 54MG SA ,21.75
965300,FLUVOXAMINE 25MG TAB    ,21.75
965301,ISOMETHEP/APAP/DICHLOR C,21.75
965302,ZOLOFT LIQUID 20MG/ML   ,330.50
965303,OLANZAPINE 10MG DISP TAB,24.50
965305,PSEUDOEPHED/FEXOFENAD SA,35.25
965306,FEXOFENADINE 180MG      ,40.50
965308,DESMOPRESSIN 0.1MG TAB  ,9.00
965309,VOLTAREN 75 MG TABS     ,13.50
965310,TIAGABINE 4MG TAB       ,38.50
965312,NECON 1/35  28 TAB/PACK ,43.75
965313,NORETHINDRON/ETH EST TAB,118.50
965317,CLORAZEPATE 7.5MG TAB   ,20.25
965319,PAROXETINE 12.5MG CR TAB,26.00
965320,PAROXETINE 25MG CR TAB  ,38.00
965322,ZIPRASIDONE 80MG CAP    ,68.00
965323,OXCARBAZEPINE 600MG TAB ,22.50
965325,ALENDRONATE 70MG TAB    ,63.75
965328,NORGESTIMATE/ETH EST TAB,126.00
965330,ESCITALOPRAM 20MG TAB   ,42.00
965331,ESCITALOPRAM 10MG TAB   ,35.25
965332,PROTONIX 40 MG          ,21.50
965333,RID LICE EGG GEL        ,24.75
965334,PIPERONYL/PYRETH 120ML  ,21.50
965335,MIRTAZAPINE 15MG DISP TA,21.50
965336,MIRTAZAPINE 30MG DISP TA,21.50
965338,AMPHET/DEXAMPHT 5MG XRT ,24.75
965341,ARIPIPRAZOLE 10MG TAB   ,46.25
965342,ARIPIPRAZOLE 15MG TAB   ,46.25
965343,ARIPIPRAZOLE 20MG TAB   ,46.25
965344,ARIPIPRAZOLE 30MG TAB   ,46.25
965345,FLUOXETINE 10MG TAB     ,29.25
965346,PREGABALIN 25 MG CAP    ,19.25
965347,PREGABALIN 100 MG CAP   ,19.25
965348,EMSAM 6MG PATCHES       ,154.75
965349,MILK OF MAG 30ML        ,19.25
965350,RANITIDINE 75MG TABLETS ,19.25
965351,METHYLPHENIDATE 10MG TAB,21.75
965352,HYDROCODO/APAP 7.5/325  ,19.25
965354,CARBAMAZEPINE TOT QN    ,93.50
965355,VALPROIC ACID (DEPAKENE),368.75
965356,RISPERDAL CONSTA 37.5 MG,1897.75
965357,DEXMETHYLPHENIDATE 5MG T,19.25
965358,GC MS QUANTITATIVE      ,415.75
965359,YASMIN TABLETS          ,194.50
965360,AVINZA 30MG CAPSULES    ,19.25
965361,NABUMETONE 500MG TABLETS,19.25
965362,NOVOLOG 10ML VIAL       ,427.00
965363,OMEGA 3 ETHYL ESTER 1GM ,19.25
965364,PREMARIN 0.3 MG TABLETS ,19.25
965365,VITAMIN B COMPLEX TABLET,19.25
965366,ABILIFY 9.75 MG VIAL    ,145.75
965367,INVEGA 3 MG TABLETS     ,52.75
965368,INVEGA 6 MG TABLETS     ,52.75
965369,FENOFIBRATE 48 MG TAB   ,21.75
965370,AMILORIDE 5MG TAB       ,19.25
965371,ENOXAPARIN              ,443.00
965372,BACLOFEN 20MG TAB       ,19.25
965373,PYRIDOSTICMINE 180MG SA ,19.25
965374,FER SUL 325MG TAB COATED,19.25
965375,FENOFIBRATE 145 MG TAB  ,19.25
965376,MONO TITER (HETEROPHILE),415.00
965377,LABETALOL 100MG TAB     ,9.25
965378,ZONISAMIDE 100 MG CAP   ,19.25
965379,DEXMETHYLPHEN 5MG ER CAP,19.25
965380,CARBAMAZEPINE 200MG XR T,16.75
965381,VALACYCLOVIR 500MG TAB  ,34.25
965382,PROVENTIL HFA 6.7 GMS   ,120.00
965383,EUCERINE CREME          ,55.50
965384,HALOPERIDOL 10 MG TAB   ,19.25
965385,UA W O MICRO AUTO       ,87.25
965386,E COLI 0157 AG OIA      ,94.00
965387,CAMPYLOBACTER ADD PLATE ,8.75
965388,INSULIN ASPART/ASP PROT ,302.00
965389,INSULIN LISPR/LISPR75/25,497.25
965400,OLMESARTAN 20 MG TAB    ,19.25
965401,AEROBIC ORG ID          ,68.50
965402,SALMONELLA TYPING AGG   ,45.50
965403,SUSC BETA LACTAM        ,128.00
965404,ISOLATE MRSA SCREEN AGG ,103.25
965405,MELOXICAM 7.5 MG TAB    ,19.25
965406,CK MB                   ,499.25
965407,QUETIAPINE XR 300 MG TAB,41.25
965408,QUETIAPINE XR 400 MG TAB,46.75
965409,SILVER SULFAD 1% 25GM CR,19.25
965410,QUETIAPINE XR 200 MG TAB,31.25
965411,LIDOCAINE 5% 700 MG PAT ,38.00
965412,EH ECOLI TOXINS EIA     ,401.50
965413,L-METHYLFOLATE 7.5MG TAB,17.25
965414,MIDODRINE 5MG TAB       ,17.25
965415,MAXITROL GENERIC        ,21.50
965419,ACYCLOVIR ZOVIRAX QN    ,621.50
965429,INFLUENZA A AG EIA      ,109.50
965430,INFLUENZA B AG EIA      ,106.25
965431,ANTISTREPTOLYSIN O QN   ,258.50
965432,POLYETHENE GLY 255GM PKT,114.75
965433,ARIPIPRAZOLE 2MG TAB    ,57.25
965434,VYVANSE 30MG CAPSULE    ,19.25
965435,NIASPAN 500MG SA TAB    ,17.25
965436,D ZONE TEST             ,21.50
965437,PRISTIQ 50MG TABLETS    ,19.25
965438,MULTIVITAMIN CHEW TAB   ,6.00
965440,ASPIRIN/APA/CAFFEINE TAB,17.25
965441,VECURONIUM 10MG VL      ,225.25
965442,PROPOFOL 200 MG INJ     ,163.50
965443,PROPOFOL 500 MG INJ     ,347.50
965444,MORPHINE 30MG SA TAB    ,42.75
965445,SODIUM CIT/CITRIC AC LIQ,26.00
965446,O&P SPECIAL STAIN       ,32.50
965447,MYCOPHENOLATE 250 MG PO ,22.50
965448,EPHEDRINE 50MG/1ML AMP  ,39.00
965449,ROCURONIUM 50MG/5ML VL  ,277.25
965450,CHLAMYDIA T AMP PROBE   ,367.00
965451,GC AMP PROBE            ,204.25
965452,CYANOCOBALAMIN 1000MCG  ,17.25
965453,DIFFERIN 0.1% 45G GEL   ,811.75
965454,VYVANSE 20MG CAPSULES   ,25.25
965455,FAMOTIDINE INJCT 20MG/ML,36.25
965456,ADVAIR 100/50           ,507.25
965457,ADVAIR 250/50           ,507.25
965458,ADVAIR 500/50           ,901.00
965459,HERPES SIMPLEX 1 AB QL  ,443.00
965460,HERPES SIMPLEX 2 AB IGG ,119.50
965461,HERPES SIMPLEX 2 AB QL  ,123.50
965462,HERPES SIMPLEX 1 AB IGG ,105.75
965463,LABETAOL INJECTION      ,341.75
965464,PREALBUMIN              ,133.75
965465,CARVEDILOL TABS         ,16.00
965466,NEOSTIGMINE 1MG/ML 10ML ,36.25
965467,SODIUM UR               ,106.25
965468,PROTEIN ELECTRO SER     ,339.50
965469,NACL0.9% SODIUM CHLORIDE,194.50
965470,AMMONI LAC 12% 140GM CR ,28.50
965471,BUDESONIDE 180MCG INH   ,781.75
965472,VITAMIN D 400 IU        ,3.00
965473,HALOPERIDOL HALDOL QN   ,238.25
965474,DAYTRANA 10MG PATCH     ,56.25
965475,LEVEMIR INSULIN 10 ML VL,472.50
965476,SUBOXONE 2MG/0.5MG      ,16.00
965477,RELENZA ROTADISK INH    ,355.25
965478,OCCULT BLD SCN 3 SPEC   ,30.00
965479,VITAMIN D 1-25 W/WO FRAC,349.25
965480,SEROQUEL XR 50MG TABLET ,20.25
965481,CULTURE GENITAL         ,344.00
965482,MS CONTIN 15MG TABS     ,16.00
965483,MYCOPLASMA AB IGM QL    ,220.75
965485,METHENAMINE 1GM TABLETS ,16.00
965486,CHLAMYDIA T AMP PROBE   ,363.50
965487,GC AMP PROBE            ,202.00
965489,PH STOOL                ,82.50
965490,DBL ANTIBIO-OINTMENT PK ,18.75
965491,YAZ 28 PILL PK          ,268.00
965492,ALAVERT D-12            ,16.00
965493,PLAN-B LEVENORGESTREL.75,103.25
965494,BENZOYL PEROXIDE GEL 10%,18.75
965495,BENZOYL PEROXIDE GEL 5% ,18.75
965496,ROSUVASTATIN20MG CRESTOR,22.50
965497,SIROLIMUS RAPAMUNE QN   ,503.25
965498,VENTOLIN INHALER HFA    ,195.75
965499,GUIAFENESIN 100MG/5ML   ,16.00
965500,ROBITUSSIN DM SUG/FRE CS,16.00
965501,MIDAZOLAM 5MG/1ML VIAL  ,36.25
965502,NIMODIPINE 30MG CAPS    ,49.75
965503,ESTRATEST HS (ESSIAN)GEN,16.00
965504,BENZOYL PEROXIDE 10% 150,157.50
965507,CITRUS CALCIUM +D 315MG ,16.00
965508,CULTURE SPUTUM          ,70.25
965509,ATROPINE SYRINGE 1MG/10M,36.25
965511,CLOMIPRAMINE ANAFRANL QN,16.00
965512,GLUCACON 1MG VIAL       ,529.50
965513,GLUTOSE 15MG TUBE       ,19.75
965514,IBUPROFEN SUSPN 100MG5ML,15.75
965515,REFRESH PLUS EYE DROPS  ,18.00
965516,INVEGA 1.5MG TABLETS    ,51.00
965517,BIOTENE GUM             ,15.75
965518,SAPHRIS SL TABLETS      ,46.75
965519,THYROID 15MG TABLETS    ,15.75
965520,LIDOCAINE 2% (XYLO MPF) ,35.25
965521,SELENIUM SULFIDE 1% LOTN,31.75
965522,AMYLASE ISOENZYMES ELP  ,174.75
965523,LEPTIN RIA QN           ,265.75
965524,ABILIFY ORAL SOLN 1MG/ML,2474.50
965525,ESTRADIOL PATCH         ,91.00
965527,CREON CAPSULES          ,15.75
965528,MELATONIN 3MG TABLETS   ,15.75
965529,SILVER SULFADIAZINE 1%  ,38.75
965530,IGA EA                  ,140.75
965531,TRANSGLUTAMIN AB IGA QN ,679.50
965532,SACCHAROMYCES AB IGA    ,232.75
965533,SACCHAROMYCES AB IGG MOD,232.75
965534,MYELOPEROXIDASE AB      ,183.00
965535,ROPINIROLE 1MG TABLETS  ,15.75
965536,SUPRAX 400MG TABLETS    ,65.75
965537,MASS SPEC QN EACH SPEC  ,588.50
965538,CULTURE GENITAL         ,353.25
965539,INTUNIV (GUANFACINE)1MG ,26.50
965540,INTUNIV (GAUNFACINE) 3MG,26.50
965543,PH BODY FLUID           ,42.25
965547,SKELAXIN 800MG TABS     ,19.00
965548,ARIMIDEX 1MG TABS       ,61.50
965549,KCL 20 MEQ PACKETS      ,35.25
965550,HYDROCODONE BI&ACTA 5MG ,15.75
965551,ERYTHROMYCIN BASE 250MG ,15.75
965552,MIRAPEX 0.25MG TABS     ,18.25
965553,ERGOCALCIFEROL 50K VIT-D,15.75
965554,FTA AB CONFIRM          ,123.50
965555,FTA AB CSF              ,183.75
965556,SPIRIVA HANDIHALER      ,124.75
965557,ZINC GLUCONATE 50MG TABS,15.75
965558,METOCLOPRAMIDE 5MG TABS ,15.75
965559,GLUCOSAMINE/CHONDROITIN ,15.75
965561,POTASSIUM UR            ,91.00
965562,DEXAMETHASONE 2MG TABS  ,15.75
965564,TAMMIFLU 75MG (OSELTAMI),37.50
965565,CHLORIDE UR             ,81.75
965566,LEPTIN RIA QN           ,265.75
965568,RESTASIS EYE DROPS      ,57.25
965569,ABILIFY DISC MELT 15MG  ,95.75
965570,ABILIFY DISC MELT 10MG  ,95.75
965571,LAMICTAL ODT 50MG TABS  ,28.75
965572,SAVELLA 50MG TABS       ,15.75
965573,DIAZEPAM INJECITON ECT  ,101.00
965574,JANUVIA 50MG TABS       ,34.50
965575,MAXALT 5MG TABS         ,118.00
965576,RELPAX 20MG TABS        ,116.75
965577,NUVARING                ,435.25
965578,VIRAMUNE 200MG TABS     ,45.50
965579,TRUVADA                 ,186.00
965580,BYSTOLIC 5MG TABS       ,15.75
965581,WITCH HAZEL TOWLETTES   ,18.00
965582,FANAPT 2MG TABLETS      ,50.00
965583,CLOMIPRAMINE ANAFRANL QN,515.50
965584,CHLAMYDIA & GC DIR PROBE,73.50
965585,CULTURE GENITAL         ,353.25
965586,CHLORIDE UR             ,81.75
965587,SAPHRIS 10MG TABS       ,46.75
965588,CULT T VAGINALIS SCRN   ,28.75
965589,LYME AB IGG WESTERN BLOT,309.00
965590,LYME AB IGM WESTERN BLOT,309.00
965591,CEREFOLIN NAC           ,15.75
965592,ACEBUTOLO 200MG CAPS    ,15.75
965593,SELEFILINE 5MG CAPS     ,15.75
965594,FANAPT 4MG TABS         ,50.00
965595,CHLORTHALIDONE 25MG TABS,15.75
965596,FEMARA 2.5MG TABLETS    ,78.00
965597,FENTANYL PATCH 12MG     ,175.00
965598,MYCOPHENOLATE 500MG TABS,38.00
965599,ALK PHOS ISOENZYMES     ,427.00
965600,NUVIGIL 50MG TABS       ,18.00
965601,NUVIGIL 150MG TABS      ,51.00
965602,MEGESTROL ACETATE ORAL  ,22.50
965603,RIFAMPIN 300MG CAPS     ,19.00
965604,LOVENOX 30MG SYRINGE    ,343.25
965605,LOVENOX 40MG SYRINGE    ,326.50
965606,OXYCODONE 5MG/5ML ORAL  ,15.75
965608,DESIPRAMINE 100MG TABS  ,19.00
965609,PAXIL SUSPENSION 10MG/5M,1241.50
965610,RISPERDAL CONSTA 12.5MG ,891.75
965611,VITAMIN D 1000 IU TABS  ,15.75
965612,ENTOCORT EC 3MG CAPS    ,57.25
965613,FLUNISOLIDE NSL SL 0.025,297.75
965614,CHLORHEXIDINE 4% LIQUID ,26.25
965615,VARICELLA ZOSTER DNA AMP,865.25
965616,BLK CHERRY SAPHRIS 10MG ,48.25
965617,PHP PSYTX GROUP 45-50MIN,275.75
965618,PHP PSYTX GROUP 45-50MIN,683.50
965619,PHP PSYTX GROUP 45-50MIN,275.75
965620,PHP PSYTX GROUP 45-50MIN,550.50
965621,PHP PSYTX GROUP 45-50MIN,229.50
965622,PHP PSYTX GROUP 45-50MIN,642.50
965623,PHP PSYTX GROUP 45-50MIN,321.75
965624,PHP PSYTX ACT GRP 45-50M,321.75
965625,PHP PSYTX ACT GRP 45-50M,212.00
965626,PSYTX GROUP(NOT FAMILY) ,275.75
965627,PSYTX GROUP(NOT FAMILY) ,404.00
965628,PSYTX GROUP(NOT FAMILY) ,367.25
965629,PSYTX GROUP(NOT FAMILY) ,367.25
965630,PSYTX GROUP(NOT FAMILY) ,275.75
965631,SAPHRIS BLK CHERRY 5MG T,48.25
965632,APRISO ER 0.375GM CAPS  ,14.75
965633,SJOGRENS A AB (SSA)     ,519.00
965634,DS DNA AB               ,293.25
965635,VENLAFAXINE 75MG        ,14.75
965636,HYDROCORTISONE LOTION1% ,101.00
965637,PEDIALYTE POWDER PACKETS,34.25
965638,CYPROHEPTADINE 4MG TABS ,14.75
965639,CHLAMYDIA & GC DIR PROBE,75.00
965640,VECURONIUM 1MG/1ML VIAL ,34.25
965641,LIDOCAINE 2% 10ML VIAL  ,39.00
965642,SUCCINYLCHOLINE 200MG/10,34.25
965643,GLYCOPYRROLATE 0.2MG/1ML,34.25
965644,XYLOCAINE 2% 2ML VIAL   ,39.50
965645,MINERAL OIL ENEMA       ,18.25
965646,VENLAFAXANE ER 37.5MG   ,14.75
965647,VENLAFAXANE ER 75MG TAB ,15.75
965648,CD 20 ADD               ,194.75
965649,T & B CELL FC 1ST MARK  ,1601.00
965650,CBC                     ,162.00
965651,MANUAL DIFFERENTIAL     ,50.50
965652,DAYTRANA PATCH          ,82.75
965653,EVISTA 60MG TABS        ,14.75
965654,GASTROCROM ORAL 100MG/5M,23.25
965655,CHEWABLE MULTI W/IRON   ,14.75
965656,ZYRTEC LIQUID 1MG/ML    ,163.50
965657,PHYTONADIONE 5MG TABS   ,26.50
965658,OCTREOTIDE 50MCG/1ML VL ,158.50
965659,BENZOYL PEROXIDE WSH 5% ,196.75
965660,FENOFIBRATE 160MG TABS  ,35.25
965661,EMSAM 9MG PATCH         ,256.00
965662,AMOXICILLIN 875MG TABS  ,14.75
965663,XOPENEX INHALATION SOLN ,72.75
965664,AMITIZA 24MCG CAPS      ,21.75
965665,LATUDA 40MG TABLETS     ,76.00
965666,GENERIC TYLENOL #2      ,14.75
965667,HYDROCORTIZONE 10MG TABS,14.75
965668,HYDROCORTOSONE LTN1 4OZ ,96.50
965669,LAMICTAL ORAL 100MG TABS,29.25
965670,ORAP 2MG TABS           ,14.75
965671,FENTANYL 100MCG PATCH   ,188.50
965672,COPAXONE 20MG/ML SYRINGE,804.75
965673,SUBOXONE 8MG/2MG TABS   ,36.25
965674,HYOSCYAMINE 0.125MG TABS,14.75
965675,SUBOXONE 8MG/2MG TABS   ,36.25
965676,SYDROXYZINE HCI TABS    ,14.75
965677,DYE FREE BENADRYL CAPS  ,14.75
965678,PROBIOTIC CAPSULES      ,14.75
965679,ALPRAZOLAM 0.5MG ODT    ,14.75
965680,VIIBRYD 10MG TABLETS    ,24.00
965681,AIIBRID 40MG TABS       ,24.00
965682,MIDAZOLAM 1MG/ML 2ML VL ,31.25
965683,CLORAZEPATE 3.75MG TAB  ,13.50
965684,CEFDINIR 300MG CAP      ,13.50
965685,DOXYCYCLINE 50MG TAB    ,14.25
965686,CITALOPRAM SOL 10MG/5ML ,323.75
965687,GUAIFENESIN/CODEINE 100 ,13.50
965688,KETAMINE 50MG/ML 10ML VL,53.75
965689,COPPER BLD              ,83.50
965690,PRAZOSIN 5MG            ,13.50
965691,CAMPYLOBACTER AG OIA    ,79.75
965693,CODEINE 30MG TAB        ,13.50
965694,BIOTENE 8 OZ BTL        ,14.75
965695,TACROLIMUS 1MG TAB      ,18.00
965696,KETALAR 10MG/ML 20ML VL ,137.75
965697,DEPLIN 15MG TAB         ,13.50
965698,ATACAND 16MG TAB        ,13.50
965699,AVODART .5MG CAP        ,17.25
965700,OPANA ER 10MG TAB       ,16.00
965701,LAMICTAL ODT 25MG TAB   ,22.50
965702,FOCALIN XR 10MG CAP     ,23.25
965703,DOXYCYCLINE 100MG TAB   ,13.50
965704,BREVITAL 10MG/ML        ,9.75
965705,NUCYNTA 50MG TAB        ,13.50
965706,ANIMI 3 WITH VIT D      ,13.50
965707,NAC 600MG CAP           ,13.50
965708,PANCRELIPASE            ,13.50
965709,MGSULF 50% 2ML VL       ,31.25
965710,LOPERAMIDE 2MG TAB      ,13.50
965711,HYDROXYUREA 500 MG PO   ,13.50
965712,CARBAMAZEPINE SUSP      ,13.50
965713,NICOTINE LOZENGE        ,37.00
965714,KETOCONAZOLE 200MG TAB  ,13.50
965715,NTG OINT PKT            ,15.50
965716,HALOPERIDOL 10 MG/5 ML  ,13.50
965717,ANNECTINE 20MG/ML       ,6.00
965718,BYETTA 10 MCG/DOSE PEN  ,859.25
965719,LUBIPROSTONE 8MCG GELCAP,18.75
965720,PHENOLPHTHALEIN QN SPECT,283.25
965721,LURASIDONE 80MG TAB     ,65.75
965722,HYDROCORTISONE .2% CR   ,126.25
965723,GLYCOPYRROLATE 1MG TAB  ,13.50
965724,BACITRACIN/POLYMYXIN3.5G,105.50
965725,LYME DISEASE AB IGM QL  ,145.75
965727,TESTOSTERONE 4MG PTCH   ,118.00
965728,RITONAVIR 100MG TAB     ,35.25
965729,RAMIPRIL 2.5MG CAP      ,13.50
965730,BENZOCAINE10% 7GM GEL   ,15.50
965731,ATAZANAVIR SULF 300MG CP,135.75
965732,MIGLITOL 50MG TAB       ,13.50
965733,KETOCONAZOLE 2% 120ML   ,118.50
965734,ARMODAFINIL 250MG TAB   ,57.25
965735,SAXAGLIPTIN 5 MG TAB    ,27.75
965736,MICONAZOLE 2% SUPP      ,64.00
965737,NORGESTREL/ETH EST TAB  ,43.00
965738,CHLORHEX GLUC 0.12%5ML  ,13.50
965739,CARBIDOPA/LEVO 25/100 TB,13.50
965740,LORATADINE 5MG/5ML 120ML,18.75
965741,TEMAZEPAM 7.5MG CAP     ,22.50
965742,LANSOPRAZOLE 30MG CAP   ,26.75
965743,OLOPATADINE 0.6% 30.5GM ,785.25
965744,BECLOMETHASONE 80MCG INH,784.50
965745,DOCUSATE 50MG CAP       ,13.50
965746,GUANFACINE 2MG TAB SR   ,23.25
965747,ARMODAFINIL 250MG TAB   ,53.25
965748,LIRAGLUTIDE 18MG PEN    ,676.00
965749,LEVALBUTEROL 15GM INH   ,320.50
965750,KETAMINE 50MG/1ML       ,29.00
965751,SALMET/FLUTIC 21/115 INH,660.25
965752,VERAPAMIL 40MG TAB      ,12.50
965753,ERYTHROMYCIN 3.5GM OP   ,134.50
965755,LAMOTRIGINE XR 200MG TAB,46.75
965756,LAMOTRIGINE XR 50MG TAB ,41.50
965757,TB GAMMA INTERFERON RESP,962.50
965759,EDROPHONIUM 15 ML VL    ,289.50
965760,SAXAGLIPTIN 5 MG TAB    ,23.00
965761,TACROLIMUS 0.5MG CAP    ,12.50
965762,CHLORHEX GLUC .12% 15ML ,12.50
965763,BUPRENOR/NALOX 8MG/2MG T,26.50
965764,PHENOBARBITAL 32.4MG TAB,12.50
965765,AMANTADINE 100MG TAB    ,12.50
965766,WARFARIN 1MG TAB        ,12.50
965767,PEN G BEN 1200000 U INJ ,504.00
965768,LAMOTRIGINE 200MG ODT   ,28.75
965769,CEFADROXIL 500MG CAP    ,12.50
965777,BUPRENORP/NALOX2MG/0.5MG,16.00
965778,FLUOXETINE 20MG/5ML LIQ ,19.25
965779,MULLERIAN HORM AB QN IA ,89.50
965781,METHADONE 1MG/1ML LIQ   ,0.25
965782,VMA URINE               ,392.25
965783,METANEPHRINES           ,463.75
965784,CLONIDINE 0.1MG ER TAB  ,11.75
965785,CHOLECALCIFEROL IU 5000 ,12.50
965786,BLISTEX LIP OINTMENT    ,4.50
965787,ALISKIREN 150 MG TAB    ,13.25
965788,NEBIVOLOL 2.5 MG TAB    ,12.50
965789,ESTRADIOL 0.1MG/D WKPAT ,86.50
965790,KETOROLAC 60 MG INJ     ,29.00
965791,HLA 1 TYP 1 ALLELE HR EA,679.25
965792,INSULIN LISPRO INJ      ,147.50
965793,INSULIN H REG 100U/100ML,39.50
965794,INSULIN HUMAN NPH INJ   ,39.50
965795,ARIPIPRAZOLE 1MG/ML LIQ ,20.25
965800,PREDNISOLONE AC1% 5ML OP,82.50
965801,MICONAZOLE 100 MG SUPP  ,14.25
965802,LURASIDONE 80MG TAB     ,99.50
965803,MICROGESTIN FE 1/20     ,65.25
965804,FOLATE RBC              ,410.25
965806,CLINDAMYCIN 1% PADS     ,14.25
965807,CHLORHEXIDINE GLUC 4%   ,14.25
965808,PALIPERIDONE 234 MG INJ ,10892.50
965809,PENICILLIN V K 500MG TAB,12.50
965810,METFORMIN 500MG/5ML LIQ ,183.50
965812,PSYTX GROUP(NOT FAMILY) ,686.00
965813,PSYTX GROUP (NOT FAMILY),411.50
965814,PSYTX GROUP (NOT FAMILY),411.50
965815,PSYTX GROUP (NOT FAMILY),207.00
965816,SUMATRIPTAN 20MG NAS SPR,180.25
965817,GABAPENTIN 250MG/5ML LIQ,45.75
965818,OFLOXACIN 0.3% 5ML OT   ,85.00
965819,AMOXICILLIN 250MG CHEW  ,43.00
965820,AMOXICILLIN 400MG/5ML   ,29.00
965821,BUPRENORPHINE 2MG SL TAB,12.50
965822,HYDRALAZINE 25MG TAB    ,12.50
965823,FEXOFENADINE 30MG       ,38.00
965824,EFAV-EMTR-TENO TAB      ,230.50
965825,LACOSAMIDE 50 MG TAB    ,21.75
965826,AMPICILLIN 500MG CAP    ,11.75
965827,RITONAVIR/LOPINAVIR CAP ,20.75
965828,PENTOXIFYLLINE 400MG SA ,11.75
965829,MYCOPHENOLATE 250 MG PO ,11.75
965830,IPRATROPIUM INH 4 GM    ,1105.25
965831,PROPAFENONE 150MG TAB   ,11.75
965832,LABETALOL 100MG/20ML VL ,26.75
965833,BUSPIRONE 5MG TAB       ,11.75
965834,CANAGLIFLOZIN 100MG TAB ,30.75
965835,ROPINIROLE 0.25 MG TAB  ,11.75
965836,AMITRIPTYLINE 100MG TAB ,11.75
965837,NEBIVOLOL 20MG TAB      ,11.75
965838,LACTOBACILLUS ACIDO CHEW,11.75
965839,HALOPERIDOL DEC 50MG INJ,207.75
965840,SULFAMETH/TRIM 800/160 S,9.00
965841,VIT A&D OINT 2 OZ       ,13.00
965842,INSULIN HUM NPH/RE70/70V,37.00
965843,OMEGA 3 DHA/EPA FISH OIL,3.00
965844,TETRAHYDROZ 0.05% 15MLOP,13.00
965845,FENOFIBRATE 54MG TAB    ,11.75
965846,OXCARBAZEPINE QN        ,440.50
965847,LAMOTRIGINE LAMICTAL QN ,139.50
965848,LEVETIRACETAM KEPPRA QN ,463.75
965849,PHENYTOIN 30MG EX CAP   ,11.75
965850,MASS SPEC QN EACH SPEC  ,616.75
965851,DABIGATRAN 150 MG CAP   ,16.50
965852,CARISOPRODOL 250MG TAB  ,17.75
965853,DOXYCYCLINE 100MG CAP   ,11.75
965854,LEVOMILNACIPRAN 20MG CAP,23.00
965855,LEVOMILNACIPRAN 40MG CAP,23.00
965856,PEN G BEN 1200000 U INJ ,72.25
965857,ETHOSUXIMIDE (ZARONTIN) ,139.50
965858,FLUPHENAZINE DEC TO 25MG,487.75
965859,THEOPHYLLINE 100MG TAB  ,11.75
965860,TDAP VACC 7YRS OR >IM   ,216.00
965861,LURASIDONE 60MG TAB     ,77.50
965862,CALCITRIOL 0.25MCG CAP  ,11.75
965863,CARBIDOPA/LEVO 25/100ODT,11.75
965864,RIVAROXABAN 20MG TAB    ,29.25
965865,SILVER HYDROGEL 45GM    ,205.75
965866,BETHANECHOL 25MG TAB    ,16.50
965867,ZINC BLOOD              ,302.25
965868,CERULOPLASMIN           ,281.25
965869,ALFUZOSIN 10MG XR TAB   ,11.75
965870,SALMETEROL 50MCG DISK   ,596.25
965871,METOLAZONE 2.5MG TAB    ,11.75
965872,MTHFR COMMON VARIANTS   ,397.00
965873,VORTIOXETINE 5MG TAB    ,27.50
965874,PALIPERIDONE 156 MG INJ ,5203.00
965875,VORTIOXETINE 20MG TAB   ,29.00
965876,RIVAROXABAN 15MG TAB    ,25.00
965877,INSULIN GLARGINE 5U INJ ,46.50
965878,INSULIN LISPRO 5U INJ   ,30.00
965879,INSULIN HUM/REG 5U INJ  ,3.00
965880,INSULIN DETEMIR 5U INJ  ,16.50
965881,INSULIN LISP75/25 5U INJ,3.00
965882,INSULIN HUM NPH/RE70/30V,4.25
965883,INSULIN NPH 5U INJ      ,3.00
965884,MELATONIN ER 3MG TAB    ,11.75
965885,CHLORPROMAZINE 25MG TAB ,10.75
965886,APIXABAN 5MG TAB        ,16.75
965887,PROGESTERONE 100MG CAP  ,10.75
965888,PIMOZIDE 1MG TAB        ,10.75
965889,ESTRADIOL .01MG/D WKPAT ,150.50
965890,TIMOLOL 0.5% 10ML OP    ,27.50
965891,BETHANECHOL 25MG TAB    ,10.75
965892,CREON 36000 UNIT CAP    ,23.00
965893,CLOBETASOL 0.05%GM CR   ,217.75
965894,DARUNAVIR 600MG TAB     ,61.50
965895,EMTRICITABINE 200MG CAP ,53.00
965896,AZITHROMYCIN 600MG TAB  ,14.75
965897,DOCOSANOL 10% 2GM CR    ,148.25
965899,DEF DRUG ANTIDEP TRI 1-2,428.25
965900,DEF DRUG BENZODIAZ 1-12 ,263.25
965901,DEF DRUG ANALGESICS 3-5 ,475.75
965902,DEF DRUG ANALGESICS 1-2 ,486.50
965903,DEF DRUG ALCOHOLS       ,483.75
965904,DEF DRUG BARBITURATES   ,461.50
965905,DEF DRUG COCAINE        ,94.50
965907,DEF DRUG ALKALOIDS NES  ,345.00
965910,METHOHEXITAL 500MG INJ  ,298.50
965911,SUCCINYLCHOL 200 MG INJ ,93.00
965912,ADOLESCENT UNIT ROOMS   ,2672.00
965913,ADULT UNIT ROOMS        ,2606.00
965916,METHYLPHENIDATE20MG PTCH,75.75
965917,METHYLPHENIDATE 30MGPTCH,75.75
965918,ZONISAMIDE 25MG CAP     ,10.75
965919,CABERGOLINE 0.5 MG PO   ,30.00
965920,BILIRUBIN TOT BLD       ,128.00
965921,THIORIDAZINE MELLARIL QN,179.50
965922,DEF DRUG SUBSTANCE 1-3  ,198.50
965924,PHENCYCLIDINE QUANT     ,198.50
965925,DEF DRUG AMPHETAM 1 OR 2,347.50
965926,DEF DRUG BARBITURATES   ,347.50
965927,DEF DRUG BENZODIAZ 1-12 ,347.50
965928,COCAINE QUANT           ,347.50
965929,OPIATES QN              ,347.50
965930,SULFONYLUREA QN         ,124.00
965931,CHLORPROMAZINE          ,195.00
965932,DEF DRUG METHADONE      ,102.00
965933,VITAMIN A/VIT D 60GM OI ,33.25
965943,ARIPIPRAZOLE EXT REL 1MG,13.50
965944,MOMET/FORMOT 200/5 INH  ,451.00
965945,MOMET/FORMOT 100/5 INH  ,451.00
965946,MOMET/FUROATE 220MCG INH,240.25
965947,RIVAROXABAN 10 MG TAB   ,30.00
965948,CLOTRIMAZOLE 1% 45GM VAG,22.00
965949,ESMOLOL 100MG/10ML VL   ,26.25
965957,LEVONORGESTREL 1.5MG TAB,119.50
965958,PHP PSYTX GROUP 45-50MIN,275.75
965959,PHP PSYTX GROUP 45-50MIN,367.25
965960,PHP PSYTX GROUP 45-50MIN,367.25
965961,PHP PSYTX GROUP 45-50MIN,404.00
965962,PHP PSYTX GROUP 45-50MIN,275.75
965963,PHP PSYTX GROUP 45-50MIN,686.00
965964,PHP PSYTX GROUP 45-50MIN,411.50
965965,PHP PSYTX GROUP 45-50MIN,411.50
965966,PHP PSYTX GROUP 45-50MIN,207.00
965967,DIAZEPAM 10MG RECTAL GEL,512.50
965968,CIPROFLOXACIN 0.3% 2.5ML,21.00
965969,NITROFURN MACRO 50MG CAP,10.75
965970,GUAIFENES/DEXTROMETH LIQ,10.75
965971,ONDANSETRON 4 MG ORAL   ,10.75
965972,SODIUM BICARB 650MG TAB ,3.00
965973,PHOSPHATE K-SOD/PHOS PKT,10.75
965974,MAG CARB                ,47.00
965975,FLUCONAZOLE 50MG TAB    ,10.75
965976,ZIPRASIDONE 20 MG VL    ,270.75
965977,HYDRALAZINE 20 MG INJ   ,25.00
965978,PSYTX GROUP(NOT FAMILY) ,283.50
965979,PSYTX GROUP(NOT FAMILY) ,283.50
965980,PSYTX GROUP(NOT FAMILY) ,126.25
965981,PSYTX GROUP(NOT FAMILY) ,126.25
965982,TENOFOVIR 30MG TAB      ,91.00
965983,CAMPHOR/PHEN/PETR 10G OI,16.50
965984,ADMIN INFLUENZA VACCINE ,238.00
965985,FLU VACC QUAD PF 0.5ML  ,144.25
965986,VITAMIN E 400IU CAP     ,9.75
965987,XR SPINE 2 OR 3 VIEWS   ,507.25
965988,XR HIP W PEL UNI 1 VW LT,567.00
965989,XR HIP W PEL UNI 1 VW RT,567.00
965990,XR HIP W PEL BI 2 VIEW  ,668.00
965991,XR FEMUR MIN 2 VIEWS LT ,625.00
965992,XR FEMUR MIN 2 VIEWS RT ,625.00
965993,XR HIP W PEL UN 2-3VW LT,617.50
965994,XR HIP W PEL UN 2-3VW RT,617.50
965995,LIDOC-PF 1% 2ML AMP INJ ,23.00
965996,CHLORPROMAZINE 50MG TAB ,9.75
965997,LEVOMILNACIPRAN 120MG CA,33.50
965998,METHYLPRED 4 MG PO      ,9.75
965999,DESVENLAFAX 25MG TB     ,23.00
966000,FLUZONE VACCINE 3Y> IM  ,180.50
966001,OFLOXACIN 0.3% 10ML OP  ,110.50
966002,OPIATES QN              ,325.00
966003,CLOZAPINE 100 MG PO     ,13.25
966004,IBUPROFEN 200MG SUS     ,9.75
966005,NEBIVOLOL 10 MG TAB     ,11.75
966006,PROCHLOPERAZINE 10MG TAB,6.50
966007,BUPRENORP 10MCG/HR PTCH ,217.50
966009,COLESEVELAM 625MG TAB   ,13.25
966010,AMITRIPTYLINE 50MG TAB  ,4.50
966011,BUPRENORPHINE <=3MG PO  ,13.25
966012,BUPRENORPHINE >6<=10MGPO,18.75
966013,DRUG SCR ANY NBR PER DOS,931.50
966014,FLECANIDE 100MG TAB     ,9.25
966015,LETERIRACETAM 500MG/5ML ,9.25
966016,ENOXAPARIN 60 MG INJ    ,68.25
966017,HEPARIN ANTI XA         ,345.25
966018,CANNABINOIDS QN GC/MC   ,352.75
966019,LISDEXAMFETAMIN 10MG CAP,30.25
966020,LIDOCAINE 2%ML GEL      ,34.50
966021,LIDOCAINE VISC 2% 15ML  ,10.50
966022,MOMETASONE 110MCG INH30 ,632.75
966023,MOMETASONE 220 MCG      ,311.75
966024,POLYCARBOPHIL 625MG TAB ,9.25
966025,PETROLATUM 42% OI 100MG ,30.25
966026,NEOMY/BAC/POLY 0.94G OI ,10.50
966027,CETIRIZINE 5MG/5ML      ,9.25
966028,HUMULIN R U-500 3 ML PEN,896.00
966029,H PYLORI AG EIA NOT STL ,421.00
966030,H PYLORI AG EIA STOOL   ,421.00
966031,DICLOFENAC 1%GEL 100G   ,137.75
966032,ZINC OXIDE 30GM OI      ,21.25
966033,SILVER SULFADI 1% 50G CR,94.50
966034,HYDRALAZINE 10MG TAB    ,8.75
966035,TIMOLOL 0.5% 5ML OP     ,28.50
966036,MICONAZOLE 2% 70GM PWD  ,31.25
966037,DRUG TEST DEF 1-7 CLASS ,931.50
966038,DRUG TEST DEF 22OR> CLAS,931.50
966040,BENZACAINE/MENTHOL LOZ  ,3.00
966041,CLORAZEPATE 3.75MG TAB  ,9.25
966042,BICALUTAMIDE 50MG TAB   ,8.50
966043,PSYTX GROUP(NOT FAMILY) ,283.50
966044,PSYTX GROUP(NOT FAMILY) ,283.50
966045,PSYTX GROUP(NOT FAMILY) ,126.25
966046,PSYTX GROUP(NOT FAMILY) ,126.25
966047,PHP PSYTX GROUP 45-50MIN,229.50
966048,PHP PSYTX GROUP 45-50MIN,642.50
966049,PHP PSYTX GROUP 45-50MIN,321.75
966050,PHP PSYTX ACT GRP 45-50M,321.75
966051,PHP PSYTX ACT GRP 45-50M,212.00
966052,CHEST XRAY 1V           ,551.50
966053,CHEST XRAY 2V           ,604.75
966054,CHEST XRAY 4+           ,691.25
966055,ABD XR 1V               ,619.00
966056,ABD XR 3+V              ,723.75
966057,TERAZOSIN 5MG CAP       ,8.50
966058,ATOVAQUONE/PROG 250/100 ,13.50
966060,CIPROFLOXACIN 0.3% 5MLOP,28.75
966061,INSULIN 20 U INJ        ,43.00
966062,INSULIN 20 U INJ        ,130.25
966063,INSULIN 20 U INJ        ,43.00
966064,INSULIN 20 U INJ        ,43.00
966065,INSULIN 20 U INJ        ,297.50
966066,INSULIN 20 U INJ        ,357.75
966067,INSULIN 20 U INJ        ,452.25
966068,INSULIN PEN DISP 3 ML   ,887.25
966069,AMANTADINE 100MG CAP    ,12.50
966070,PETROLATUM JELLY WH 5G  ,9.50
966071,CLINDAMYCIN 1% PADS     ,138.25
966072,ACIDOIPHILLUS PECTIN CAP,8.50
966073,PSYTX GROUP(NOT FAMILY) ,283.50
966074,PSYTX GROUP(NOT FAMILY) ,283.50
966075,PSYTX GROUP(NOT FAMILY) ,283.50
966076,PSYTX GROUP(NOT FAMILY) ,283.50
966077,PSYTX GROUP(NOT FAMILY) ,283.50
966078,LURASIDONE 20MG TAB     ,109.00
966079,IPRATROP/ALB UTEROL 3ML ,9.50
966080,BRIMONIDINE 0.2% 5ML OP ,19.50
966081,MORPHINE 20MG/ML LIQ    ,25.25
966184,DORZOLAMIDE 2% 10ML OP  ,122.75
966185,MORPHINE 10MG/0.5 ML LIQ,26.00
966186,DESMOPRESSIN 0.2MG TAB  ,6.75
966187,HYDROCORTISONE 1% 30G CR,11.25
966188,KETAMINE 500MG/5ML VL   ,64.50
966189,BISOPROLOL 10MG TAB     ,7.75
966190,CD4 HELPER INDUC ADD    ,672.75
966191,NALOXONE 0.4 MG INJ     ,61.50
966192,NIFEDIPINE 10MG CAP     ,7.75
